# step, loss_train, loss_test, metrics_test
0.000000000000000000e+00 8.053530693054199219e+00 7.532379913330078125e+01 3.616257429122924805e+00 0.000000000000000000e+00 0.000000000000000000e+00 0.000000000000000000e+00 0.000000000000000000e+00 0.000000000000000000e+00 0.000000000000000000e+00 0.000000000000000000e+00 0.000000000000000000e+00 0.000000000000000000e+00 0.000000000000000000e+00 0.000000000000000000e+00 0.000000000000000000e+00 0.000000000000000000e+00 0.000000000000000000e+00 0.000000000000000000e+00 0.000000000000000000e+00 0.000000000000000000e+00 0.000000000000000000e+00 0.000000000000000000e+00 0.000000000000000000e+00 0.000000000000000000e+00 0.000000000000000000e+00 0.000000000000000000e+00 0.000000000000000000e+00 8.232113838195800781e+00 7.892896270751953125e+01 3.377720355987548828e+00 0.000000000000000000e+00 0.000000000000000000e+00 0.000000000000000000e+00 0.000000000000000000e+00 0.000000000000000000e+00 0.000000000000000000e+00 0.000000000000000000e+00 0.000000000000000000e+00 0.000000000000000000e+00 0.000000000000000000e+00 0.000000000000000000e+00 0.000000000000000000e+00 0.000000000000000000e+00 0.000000000000000000e+00 0.000000000000000000e+00 0.000000000000000000e+00 0.000000000000000000e+00 0.000000000000000000e+00 0.000000000000000000e+00 0.000000000000000000e+00 0.000000000000000000e+00 0.000000000000000000e+00 0.000000000000000000e+00 0.000000000000000000e+00
5.000000000000000000e+02 3.244580328464508057e-02 3.765658475458621979e-03 4.253978841006755829e-03 0.000000000000000000e+00 0.000000000000000000e+00 0.000000000000000000e+00 0.000000000000000000e+00 0.000000000000000000e+00 0.000000000000000000e+00 0.000000000000000000e+00 0.000000000000000000e+00 0.000000000000000000e+00 0.000000000000000000e+00 0.000000000000000000e+00 0.000000000000000000e+00 0.000000000000000000e+00 0.000000000000000000e+00 0.000000000000000000e+00 0.000000000000000000e+00 0.000000000000000000e+00 0.000000000000000000e+00 0.000000000000000000e+00 0.000000000000000000e+00 0.000000000000000000e+00 0.000000000000000000e+00 0.000000000000000000e+00 0.000000000000000000e+00 3.406339883804321289e-02 3.479289589449763298e-03 4.310268908739089966e-03 0.000000000000000000e+00 0.000000000000000000e+00 0.000000000000000000e+00 0.000000000000000000e+00 0.000000000000000000e+00 0.000000000000000000e+00 0.000000000000000000e+00 0.000000000000000000e+00 0.000000000000000000e+00 0.000000000000000000e+00 0.000000000000000000e+00 0.000000000000000000e+00 0.000000000000000000e+00 0.000000000000000000e+00 0.000000000000000000e+00 0.000000000000000000e+00 0.000000000000000000e+00 0.000000000000000000e+00 0.000000000000000000e+00 0.000000000000000000e+00 0.000000000000000000e+00 0.000000000000000000e+00 0.000000000000000000e+00 0.000000000000000000e+00
1.000000000000000000e+03 4.883199930191040039e-03 1.425653579644858837e-03 1.147822127677500248e-03 0.000000000000000000e+00 0.000000000000000000e+00 0.000000000000000000e+00 0.000000000000000000e+00 0.000000000000000000e+00 0.000000000000000000e+00 0.000000000000000000e+00 0.000000000000000000e+00 0.000000000000000000e+00 0.000000000000000000e+00 0.000000000000000000e+00 0.000000000000000000e+00 0.000000000000000000e+00 0.000000000000000000e+00 0.000000000000000000e+00 0.000000000000000000e+00 0.000000000000000000e+00 0.000000000000000000e+00 0.000000000000000000e+00 0.000000000000000000e+00 0.000000000000000000e+00 0.000000000000000000e+00 0.000000000000000000e+00 0.000000000000000000e+00 5.099257919937372208e-03 1.382977119646966457e-03 1.159386476501822472e-03 0.000000000000000000e+00 0.000000000000000000e+00 0.000000000000000000e+00 0.000000000000000000e+00 0.000000000000000000e+00 0.000000000000000000e+00 0.000000000000000000e+00 0.000000000000000000e+00 0.000000000000000000e+00 0.000000000000000000e+00 0.000000000000000000e+00 0.000000000000000000e+00 0.000000000000000000e+00 0.000000000000000000e+00 0.000000000000000000e+00 0.000000000000000000e+00 0.000000000000000000e+00 0.000000000000000000e+00 0.000000000000000000e+00 0.000000000000000000e+00 0.000000000000000000e+00 0.000000000000000000e+00 0.000000000000000000e+00 0.000000000000000000e+00
1.500000000000000000e+03 1.933189458213746548e-03 8.087829919531941414e-04 6.961348117329180241e-04 0.000000000000000000e+00 0.000000000000000000e+00 0.000000000000000000e+00 0.000000000000000000e+00 0.000000000000000000e+00 0.000000000000000000e+00 0.000000000000000000e+00 0.000000000000000000e+00 0.000000000000000000e+00 0.000000000000000000e+00 0.000000000000000000e+00 0.000000000000000000e+00 0.000000000000000000e+00 0.000000000000000000e+00 0.000000000000000000e+00 0.000000000000000000e+00 0.000000000000000000e+00 0.000000000000000000e+00 0.000000000000000000e+00 0.000000000000000000e+00 0.000000000000000000e+00 0.000000000000000000e+00 0.000000000000000000e+00 0.000000000000000000e+00 1.962722279131412506e-03 8.248490048572421074e-04 7.414798601530492306e-04 0.000000000000000000e+00 0.000000000000000000e+00 0.000000000000000000e+00 0.000000000000000000e+00 0.000000000000000000e+00 0.000000000000000000e+00 0.000000000000000000e+00 0.000000000000000000e+00 0.000000000000000000e+00 0.000000000000000000e+00 0.000000000000000000e+00 0.000000000000000000e+00 0.000000000000000000e+00 0.000000000000000000e+00 0.000000000000000000e+00 0.000000000000000000e+00 0.000000000000000000e+00 0.000000000000000000e+00 0.000000000000000000e+00 0.000000000000000000e+00 0.000000000000000000e+00 0.000000000000000000e+00 0.000000000000000000e+00 0.000000000000000000e+00
2.000000000000000000e+03 1.205323147587478161e-03 5.528940237127244473e-04 7.938834838569164276e-03 0.000000000000000000e+00 0.000000000000000000e+00 0.000000000000000000e+00 0.000000000000000000e+00 0.000000000000000000e+00 0.000000000000000000e+00 0.000000000000000000e+00 0.000000000000000000e+00 0.000000000000000000e+00 0.000000000000000000e+00 0.000000000000000000e+00 0.000000000000000000e+00 0.000000000000000000e+00 0.000000000000000000e+00 0.000000000000000000e+00 0.000000000000000000e+00 0.000000000000000000e+00 0.000000000000000000e+00 0.000000000000000000e+00 0.000000000000000000e+00 0.000000000000000000e+00 0.000000000000000000e+00 0.000000000000000000e+00 0.000000000000000000e+00 1.249240478500723839e-03 5.833933828398585320e-04 7.904855534434318542e-03 0.000000000000000000e+00 0.000000000000000000e+00 0.000000000000000000e+00 0.000000000000000000e+00 0.000000000000000000e+00 0.000000000000000000e+00 0.000000000000000000e+00 0.000000000000000000e+00 0.000000000000000000e+00 0.000000000000000000e+00 0.000000000000000000e+00 0.000000000000000000e+00 0.000000000000000000e+00 0.000000000000000000e+00 0.000000000000000000e+00 0.000000000000000000e+00 0.000000000000000000e+00 0.000000000000000000e+00 0.000000000000000000e+00 0.000000000000000000e+00 0.000000000000000000e+00 0.000000000000000000e+00 0.000000000000000000e+00 0.000000000000000000e+00
2.500000000000000000e+03 9.203077061101794243e-04 4.045638779643923044e-04 3.006273880600929260e-03 0.000000000000000000e+00 0.000000000000000000e+00 0.000000000000000000e+00 0.000000000000000000e+00 0.000000000000000000e+00 0.000000000000000000e+00 0.000000000000000000e+00 0.000000000000000000e+00 0.000000000000000000e+00 0.000000000000000000e+00 0.000000000000000000e+00 0.000000000000000000e+00 0.000000000000000000e+00 0.000000000000000000e+00 0.000000000000000000e+00 0.000000000000000000e+00 0.000000000000000000e+00 0.000000000000000000e+00 0.000000000000000000e+00 0.000000000000000000e+00 0.000000000000000000e+00 0.000000000000000000e+00 0.000000000000000000e+00 0.000000000000000000e+00 9.837371762841939926e-04 4.427874810062348843e-04 2.948299050331115723e-03 0.000000000000000000e+00 0.000000000000000000e+00 0.000000000000000000e+00 0.000000000000000000e+00 0.000000000000000000e+00 0.000000000000000000e+00 0.000000000000000000e+00 0.000000000000000000e+00 0.000000000000000000e+00 0.000000000000000000e+00 0.000000000000000000e+00 0.000000000000000000e+00 0.000000000000000000e+00 0.000000000000000000e+00 0.000000000000000000e+00 0.000000000000000000e+00 0.000000000000000000e+00 0.000000000000000000e+00 0.000000000000000000e+00 0.000000000000000000e+00 0.000000000000000000e+00 0.000000000000000000e+00 0.000000000000000000e+00 0.000000000000000000e+00
3.000000000000000000e+03 7.551519083790481091e-04 3.048054350074380636e-04 2.207499230280518532e-03 0.000000000000000000e+00 0.000000000000000000e+00 0.000000000000000000e+00 0.000000000000000000e+00 0.000000000000000000e+00 0.000000000000000000e+00 0.000000000000000000e+00 0.000000000000000000e+00 0.000000000000000000e+00 0.000000000000000000e+00 0.000000000000000000e+00 0.000000000000000000e+00 0.000000000000000000e+00 0.000000000000000000e+00 0.000000000000000000e+00 0.000000000000000000e+00 0.000000000000000000e+00 0.000000000000000000e+00 0.000000000000000000e+00 0.000000000000000000e+00 0.000000000000000000e+00 0.000000000000000000e+00 0.000000000000000000e+00 0.000000000000000000e+00 8.317455067299306393e-04 3.370587655808776617e-04 2.159838099032640457e-03 0.000000000000000000e+00 0.000000000000000000e+00 0.000000000000000000e+00 0.000000000000000000e+00 0.000000000000000000e+00 0.000000000000000000e+00 0.000000000000000000e+00 0.000000000000000000e+00 0.000000000000000000e+00 0.000000000000000000e+00 0.000000000000000000e+00 0.000000000000000000e+00 0.000000000000000000e+00 0.000000000000000000e+00 0.000000000000000000e+00 0.000000000000000000e+00 0.000000000000000000e+00 0.000000000000000000e+00 0.000000000000000000e+00 0.000000000000000000e+00 0.000000000000000000e+00 0.000000000000000000e+00 0.000000000000000000e+00 0.000000000000000000e+00
3.500000000000000000e+03 6.297121872194111347e-04 2.366011613048613071e-04 4.411720728967338800e-04 0.000000000000000000e+00 0.000000000000000000e+00 0.000000000000000000e+00 0.000000000000000000e+00 0.000000000000000000e+00 0.000000000000000000e+00 0.000000000000000000e+00 0.000000000000000000e+00 0.000000000000000000e+00 0.000000000000000000e+00 0.000000000000000000e+00 0.000000000000000000e+00 0.000000000000000000e+00 0.000000000000000000e+00 0.000000000000000000e+00 0.000000000000000000e+00 0.000000000000000000e+00 0.000000000000000000e+00 0.000000000000000000e+00 0.000000000000000000e+00 0.000000000000000000e+00 0.000000000000000000e+00 0.000000000000000000e+00 0.000000000000000000e+00 7.080549257807433605e-04 2.680092875380069017e-04 4.637498932424932718e-04 0.000000000000000000e+00 0.000000000000000000e+00 0.000000000000000000e+00 0.000000000000000000e+00 0.000000000000000000e+00 0.000000000000000000e+00 0.000000000000000000e+00 0.000000000000000000e+00 0.000000000000000000e+00 0.000000000000000000e+00 0.000000000000000000e+00 0.000000000000000000e+00 0.000000000000000000e+00 0.000000000000000000e+00 0.000000000000000000e+00 0.000000000000000000e+00 0.000000000000000000e+00 0.000000000000000000e+00 0.000000000000000000e+00 0.000000000000000000e+00 0.000000000000000000e+00 0.000000000000000000e+00 0.000000000000000000e+00 0.000000000000000000e+00
4.000000000000000000e+03 5.242558545432984829e-04 1.869303669082000852e-04 1.922739902511239052e-04 0.000000000000000000e+00 0.000000000000000000e+00 0.000000000000000000e+00 0.000000000000000000e+00 0.000000000000000000e+00 0.000000000000000000e+00 0.000000000000000000e+00 0.000000000000000000e+00 0.000000000000000000e+00 0.000000000000000000e+00 0.000000000000000000e+00 0.000000000000000000e+00 0.000000000000000000e+00 0.000000000000000000e+00 0.000000000000000000e+00 0.000000000000000000e+00 0.000000000000000000e+00 0.000000000000000000e+00 0.000000000000000000e+00 0.000000000000000000e+00 0.000000000000000000e+00 0.000000000000000000e+00 0.000000000000000000e+00 0.000000000000000000e+00 6.043743342161178589e-04 2.148243511328473687e-04 2.403118123766034842e-04 0.000000000000000000e+00 0.000000000000000000e+00 0.000000000000000000e+00 0.000000000000000000e+00 0.000000000000000000e+00 0.000000000000000000e+00 0.000000000000000000e+00 0.000000000000000000e+00 0.000000000000000000e+00 0.000000000000000000e+00 0.000000000000000000e+00 0.000000000000000000e+00 0.000000000000000000e+00 0.000000000000000000e+00 0.000000000000000000e+00 0.000000000000000000e+00 0.000000000000000000e+00 0.000000000000000000e+00 0.000000000000000000e+00 0.000000000000000000e+00 0.000000000000000000e+00 0.000000000000000000e+00 0.000000000000000000e+00 0.000000000000000000e+00
4.500000000000000000e+03 4.343276086729019880e-04 1.494821917731314898e-04 2.329011622350662947e-04 0.000000000000000000e+00 0.000000000000000000e+00 0.000000000000000000e+00 0.000000000000000000e+00 0.000000000000000000e+00 0.000000000000000000e+00 0.000000000000000000e+00 0.000000000000000000e+00 0.000000000000000000e+00 0.000000000000000000e+00 0.000000000000000000e+00 0.000000000000000000e+00 0.000000000000000000e+00 0.000000000000000000e+00 0.000000000000000000e+00 0.000000000000000000e+00 0.000000000000000000e+00 0.000000000000000000e+00 0.000000000000000000e+00 0.000000000000000000e+00 0.000000000000000000e+00 0.000000000000000000e+00 0.000000000000000000e+00 0.000000000000000000e+00 5.130338831804692745e-04 1.736182748572900891e-04 2.760044590104371309e-04 0.000000000000000000e+00 0.000000000000000000e+00 0.000000000000000000e+00 0.000000000000000000e+00 0.000000000000000000e+00 0.000000000000000000e+00 0.000000000000000000e+00 0.000000000000000000e+00 0.000000000000000000e+00 0.000000000000000000e+00 0.000000000000000000e+00 0.000000000000000000e+00 0.000000000000000000e+00 0.000000000000000000e+00 0.000000000000000000e+00 0.000000000000000000e+00 0.000000000000000000e+00 0.000000000000000000e+00 0.000000000000000000e+00 0.000000000000000000e+00 0.000000000000000000e+00 0.000000000000000000e+00 0.000000000000000000e+00 0.000000000000000000e+00
5.000000000000000000e+03 3.793977084569633007e-04 1.201547420350834727e-04 1.777781872078776360e-04 0.000000000000000000e+00 0.000000000000000000e+00 0.000000000000000000e+00 0.000000000000000000e+00 0.000000000000000000e+00 0.000000000000000000e+00 0.000000000000000000e+00 0.000000000000000000e+00 0.000000000000000000e+00 0.000000000000000000e+00 0.000000000000000000e+00 0.000000000000000000e+00 0.000000000000000000e+00 0.000000000000000000e+00 0.000000000000000000e+00 0.000000000000000000e+00 0.000000000000000000e+00 0.000000000000000000e+00 0.000000000000000000e+00 0.000000000000000000e+00 0.000000000000000000e+00 0.000000000000000000e+00 0.000000000000000000e+00 0.000000000000000000e+00 4.479149065446108580e-04 1.420379994669929147e-04 2.110857749357819557e-04 0.000000000000000000e+00 0.000000000000000000e+00 0.000000000000000000e+00 0.000000000000000000e+00 0.000000000000000000e+00 0.000000000000000000e+00 0.000000000000000000e+00 0.000000000000000000e+00 0.000000000000000000e+00 0.000000000000000000e+00 0.000000000000000000e+00 0.000000000000000000e+00 0.000000000000000000e+00 0.000000000000000000e+00 0.000000000000000000e+00 0.000000000000000000e+00 0.000000000000000000e+00 0.000000000000000000e+00 0.000000000000000000e+00 0.000000000000000000e+00 0.000000000000000000e+00 0.000000000000000000e+00 0.000000000000000000e+00 0.000000000000000000e+00
5.000000000000000000e+03 3.793977084569633007e-04 1.201547420350834727e-04 1.777781872078776360e-04 9.988311157226562500e+02 7.793835364282131195e-03 1.277336730957031250e+02 5.776891484856605530e-03 1.006719421386718750e+03 2.787228107452392578e+00 6.883085966110229492e-01 3.404140006750822067e-03 6.990688852965831757e-03 3.245514584705233574e-03 5.295860156250000000e+04 3.916475176811218262e-01 1.039493530273437500e+03 7.590387016534805298e-03 1.033235073089599609e+01 3.522996557876467705e-04 1.042986328125000000e+03 5.900151561945676804e-03 1.472112464904785156e+01 3.539535216987133026e-03 9.769218750000000000e+02 3.318507385253906250e+01 1.950545043945312500e+03 1.881010644137859344e-02 4.479149065446108580e-04 1.420379994669929147e-04 2.110857749357819557e-04 9.988311157226562500e+02 7.793835364282131195e-03 1.277336730957031250e+02 5.776891484856605530e-03 1.006719421386718750e+03 2.787228107452392578e+00 6.883085966110229492e-01 3.404140006750822067e-03 6.990688852965831757e-03 3.245514584705233574e-03 5.295860156250000000e+04 3.916475176811218262e-01 1.039493530273437500e+03 7.590387016534805298e-03 1.033235073089599609e+01 3.522996557876467705e-04 1.042986328125000000e+03 5.900151561945676804e-03 1.472112464904785156e+01 3.539535216987133026e-03 9.769218750000000000e+02 3.318507385253906250e+01 1.950545043945312500e+03 1.881010644137859344e-02
5.500000000000000000e+03 1.711134490966796875e+02 2.347701721191406250e+02 5.965784301757812500e+02 4.060565948486328125e+01 2.999703216552734375e+01 6.977683105468750000e+02 7.783494889736175537e-03 2.446852874755859375e+01 4.253877639770507812e+01 1.458089141845703125e+02 3.179560648277401924e-03 6.594323730468750000e+02 1.074081726074218750e+02 8.003044921875000000e+03 1.293435543775558472e-01 1.107476425170898438e+01 3.073253631591796875e+00 5.067827148437500000e+02 1.923456788063049316e-03 1.161623859405517578e+01 3.517098188400268555e+00 5.160498046875000000e+02 1.737442566081881523e-03 1.038629074096679688e+02 2.647523498535156250e+02 6.429418945312500000e+03 3.392799571156501770e-02 1.554719696044921875e+02 2.117038116455078125e+02 4.914575500488281250e+02 4.060565948486328125e+01 2.999703216552734375e+01 6.977683105468750000e+02 7.783494889736175537e-03 2.446852874755859375e+01 4.253877639770507812e+01 1.458089141845703125e+02 3.179560648277401924e-03 6.594323730468750000e+02 1.074081726074218750e+02 8.003044921875000000e+03 1.293435543775558472e-01 1.107476425170898438e+01 3.073253631591796875e+00 5.067827148437500000e+02 1.923456788063049316e-03 1.161623859405517578e+01 3.517098188400268555e+00 5.160498046875000000e+02 1.737442566081881523e-03 1.038629074096679688e+02 2.647523498535156250e+02 6.429418945312500000e+03 3.392799571156501770e-02
6.000000000000000000e+03 1.024894409179687500e+02 3.168261718750000000e+02 5.632191772460937500e+02 1.435241699218750000e+01 1.373499774932861328e+01 4.517831802368164062e+01 1.656832639127969742e-03 6.050355911254882812e+00 2.527705669403076172e+00 2.554402923583984375e+01 1.275607617571949959e-03 2.266381225585937500e+02 3.682214355468750000e+01 1.621228515625000000e+03 2.889996580779552460e-02 1.727347254753112793e+00 8.229863047599792480e-01 3.085274124145507812e+01 2.890824107453227043e-04 1.503225803375244141e+00 1.569988727569580078e+00 3.481229019165039062e+01 2.210445236414670944e-04 1.087750930786132812e+02 1.477145080566406250e+02 3.541787353515625000e+03 3.272266685962677002e-02 8.127067565917968750e+01 2.909234008789062500e+02 5.586965332031250000e+02 1.435241699218750000e+01 1.373499774932861328e+01 4.517831802368164062e+01 1.656832639127969742e-03 6.050355911254882812e+00 2.527705669403076172e+00 2.554402923583984375e+01 1.275607617571949959e-03 2.266381225585937500e+02 3.682214355468750000e+01 1.621228515625000000e+03 2.889996580779552460e-02 1.727347254753112793e+00 8.229863047599792480e-01 3.085274124145507812e+01 2.890824107453227043e-04 1.503225803375244141e+00 1.569988727569580078e+00 3.481229019165039062e+01 2.210445236414670944e-04 1.087750930786132812e+02 1.477145080566406250e+02 3.541787353515625000e+03 3.272266685962677002e-02
6.500000000000000000e+03 7.773939514160156250e+01 2.587966918945312500e+02 3.373998413085937500e+02 5.250282764434814453e+00 4.028171539306640625e+00 9.417284011840820312e+00 4.832917766179889441e-04 4.193897247314453125e+00 1.465380668640136719e+00 1.058193206787109375e+01 8.197788847610354424e-04 9.821070861816406250e+01 1.484402847290039062e+01 3.569474792480468750e+02 7.350156083703041077e-03 1.220230579376220703e+00 7.243916392326354980e-01 1.677287101745605469e+01 1.014406443573534489e-04 1.006186366081237793e+00 5.507717728614807129e-01 1.324055290222167969e+01 1.031871943268924952e-04 8.047676086425781250e+01 5.462794876098632812e+01 1.429387329101562500e+03 1.983107626438140869e-02 6.710897064208984375e+01 2.858372497558593750e+02 5.591793823242187500e+02 5.250282764434814453e+00 4.028171539306640625e+00 9.417284011840820312e+00 4.832917766179889441e-04 4.193897247314453125e+00 1.465380668640136719e+00 1.058193206787109375e+01 8.197788847610354424e-04 9.821070861816406250e+01 1.484402847290039062e+01 3.569474792480468750e+02 7.350156083703041077e-03 1.220230579376220703e+00 7.243916392326354980e-01 1.677287101745605469e+01 1.014406443573534489e-04 1.006186366081237793e+00 5.507717728614807129e-01 1.324055290222167969e+01 1.031871943268924952e-04 8.047676086425781250e+01 5.462794876098632812e+01 1.429387329101562500e+03 1.983107626438140869e-02
7.000000000000000000e+03 5.756921386718750000e+01 1.600979614257812500e+02 1.592701721191406250e+02 3.752248048782348633e+00 2.649255275726318359e+00 5.176295280456542969e+00 2.247952361358329654e-04 2.986859798431396484e+00 1.319187998771667480e+00 6.861517906188964844e+00 5.120930727571249008e-04 4.515768432617187500e+01 6.885132312774658203e+00 1.245512008666992188e+02 3.058991860598325729e-03 6.993830204010009766e-01 7.244204878807067871e-01 8.357624053955078125e+00 5.462355693452991545e-05 3.850500285625457764e-01 4.609687626361846924e-01 5.615434169769287109e+00 8.433051698375493288e-05 6.323988342285156250e+01 3.660197830200195312e+01 8.583278808593750000e+02 1.315691508352756500e-02 6.215701293945312500e+01 2.178031311035156250e+02 5.192952270507812500e+02 3.752248048782348633e+00 2.649255275726318359e+00 5.176295280456542969e+00 2.247952361358329654e-04 2.986859798431396484e+00 1.319187998771667480e+00 6.861517906188964844e+00 5.120930727571249008e-04 4.515768432617187500e+01 6.885132312774658203e+00 1.245512008666992188e+02 3.058991860598325729e-03 6.993830204010009766e-01 7.244204878807067871e-01 8.357624053955078125e+00 5.462355693452991545e-05 3.850500285625457764e-01 4.609687626361846924e-01 5.615434169769287109e+00 8.433051698375493288e-05 6.323988342285156250e+01 3.660197830200195312e+01 8.583278808593750000e+02 1.315691508352756500e-02
7.500000000000000000e+03 4.527834701538085938e+01 1.018221282958984375e+02 1.002202835083007812e+02 2.811084032058715820e+00 1.742568612098693848e+00 3.748455047607421875e+00 1.533791073597967625e-04 1.497897386550903320e+00 1.125206828117370605e+00 4.100086688995361328e+00 2.476955996826291084e-04 2.456829261779785156e+01 3.113066196441650391e+00 6.655594635009765625e+01 1.576203387230634689e-03 3.322110176086425781e-01 6.711398363113403320e-01 5.562527656555175781e+00 4.252179496688768268e-05 5.104046463966369629e-01 6.140882968902587891e-01 4.692800998687744141e+00 7.680952694499865174e-05 4.929878997802734375e+01 2.739214706420898438e+01 5.882341308593750000e+02 8.938774466514587402e-03 5.152804565429687500e+01 1.440823974609375000e+02 4.592265930175781250e+02 2.811084032058715820e+00 1.742568612098693848e+00 3.748455047607421875e+00 1.533791073597967625e-04 1.497897386550903320e+00 1.125206828117370605e+00 4.100086688995361328e+00 2.476955996826291084e-04 2.456829261779785156e+01 3.113066196441650391e+00 6.655594635009765625e+01 1.576203387230634689e-03 3.322110176086425781e-01 6.711398363113403320e-01 5.562527656555175781e+00 4.252179496688768268e-05 5.104046463966369629e-01 6.140882968902587891e-01 4.692800998687744141e+00 7.680952694499865174e-05 4.929878997802734375e+01 2.739214706420898438e+01 5.882341308593750000e+02 8.938774466514587402e-03
8.000000000000000000e+03 3.610512542724609375e+01 7.740635681152343750e+01 7.403311920166015625e+01 2.460713148117065430e+00 1.237439393997192383e+00 3.112728357315063477e+00 1.248753978870809078e-04 1.070775628089904785e+00 7.478187084197998047e-01 2.836663246154785156e+00 1.012839784380048513e-04 1.542623996734619141e+01 1.807503223419189453e+00 4.279430770874023438e+01 1.017106580547988415e-03 2.816739976406097412e-01 5.349672436714172363e-01 3.667282819747924805e+00 4.399493627715855837e-05 3.645657896995544434e-01 5.972259640693664551e-01 3.371385097503662109e+00 7.026492676232010126e-05 4.050525665283203125e+01 2.114220046997070312e+01 4.106066589355468750e+02 6.311083212494850159e-03 4.215818405151367188e+01 1.151565551757812500e+02 4.585668640136718750e+02 2.460713148117065430e+00 1.237439393997192383e+00 3.112728357315063477e+00 1.248753978870809078e-04 1.070775628089904785e+00 7.478187084197998047e-01 2.836663246154785156e+00 1.012839784380048513e-04 1.542623996734619141e+01 1.807503223419189453e+00 4.279430770874023438e+01 1.017106580547988415e-03 2.816739976406097412e-01 5.349672436714172363e-01 3.667282819747924805e+00 4.399493627715855837e-05 3.645657896995544434e-01 5.972259640693664551e-01 3.371385097503662109e+00 7.026492676232010126e-05 4.050525665283203125e+01 2.114220046997070312e+01 4.106066589355468750e+02 6.311083212494850159e-03
8.500000000000000000e+03 2.905086898803710938e+01 6.200239181518554688e+01 5.916181564331054688e+01 2.105515003204345703e+00 9.458266496658325195e-01 2.389877796173095703e+00 9.196098108077421784e-05 9.312055110931396484e-01 5.784488916397094727e-01 2.226109981536865234e+00 5.800333747174590826e-05 1.057139587402343750e+01 1.559724211692810059e+00 3.056258392333984375e+01 7.704832241870462894e-04 3.202343583106994629e-01 4.796800613403320312e-01 2.388018608093261719e+00 2.932281131506897509e-05 2.679140567779541016e-01 5.494241714477539062e-01 2.064103603363037109e+00 5.147706906427629292e-05 3.444295501708984375e+01 1.727701187133789062e+01 2.865124816894531250e+02 4.552258644253015518e-03 3.442702484130859375e+01 9.771199035644531250e+01 4.544054260253906250e+02 2.105515003204345703e+00 9.458266496658325195e-01 2.389877796173095703e+00 9.196098108077421784e-05 9.312055110931396484e-01 5.784488916397094727e-01 2.226109981536865234e+00 5.800333747174590826e-05 1.057139587402343750e+01 1.559724211692810059e+00 3.056258392333984375e+01 7.704832241870462894e-04 3.202343583106994629e-01 4.796800613403320312e-01 2.388018608093261719e+00 2.932281131506897509e-05 2.679140567779541016e-01 5.494241714477539062e-01 2.064103603363037109e+00 5.147706906427629292e-05 3.444295501708984375e+01 1.727701187133789062e+01 2.865124816894531250e+02 4.552258644253015518e-03
9.000000000000000000e+03 2.389654731750488281e+01 5.150611495971679688e+01 4.919612121582031250e+01 1.744545698165893555e+00 7.380638122558593750e-01 1.843567132949829102e+00 6.117701559560373425e-05 7.852400541305541992e-01 4.793101549148559570e-01 1.756296038627624512e+00 4.163449193583801389e-05 7.589564800262451172e+00 1.409973144531250000e+00 2.395682144165039062e+01 6.221158546395599842e-04 3.289963006973266602e-01 4.471439123153686523e-01 1.595192551612854004e+00 2.038825186900794506e-05 2.118458747863769531e-01 4.745657742023468018e-01 1.481853008270263672e+00 3.872637898894026875e-05 2.969898033142089844e+01 1.478257751464843750e+01 2.011783142089843750e+02 3.321179887279868126e-03 2.912991333007812500e+01 8.360782623291015625e+01 4.662662658691406250e+02 1.744545698165893555e+00 7.380638122558593750e-01 1.843567132949829102e+00 6.117701559560373425e-05 7.852400541305541992e-01 4.793101549148559570e-01 1.756296038627624512e+00 4.163449193583801389e-05 7.589564800262451172e+00 1.409973144531250000e+00 2.395682144165039062e+01 6.221158546395599842e-04 3.289963006973266602e-01 4.471439123153686523e-01 1.595192551612854004e+00 2.038825186900794506e-05 2.118458747863769531e-01 4.745657742023468018e-01 1.481853008270263672e+00 3.872637898894026875e-05 2.969898033142089844e+01 1.478257751464843750e+01 2.011783142089843750e+02 3.321179887279868126e-03
9.500000000000000000e+03 2.027947235107421875e+01 4.416955184936523438e+01 4.095344161987304688e+01 1.331502676010131836e+00 6.347011327743530273e-01 1.398441314697265625e+00 4.496864858083426952e-05 7.141914367675781250e-01 4.110645949840545654e-01 1.356259822845458984e+00 2.934098301921039820e-05 6.022201538085937500e+00 1.497381925582885742e+00 2.031702423095703125e+01 5.238781450316309929e-04 3.010304272174835205e-01 4.098492264747619629e-01 1.030676841735839844e+00 1.663112561800517142e-05 1.723536998033523560e-01 3.716560900211334229e-01 1.077460289001464844e+00 3.014142566826194525e-05 2.598028182983398438e+01 1.304452037811279297e+01 1.418342895507812500e+02 2.461008029058575630e-03 2.502997589111328125e+01 7.510897064208984375e+01 4.588510742187500000e+02 1.331502676010131836e+00 6.347011327743530273e-01 1.398441314697265625e+00 4.496864858083426952e-05 7.141914367675781250e-01 4.110645949840545654e-01 1.356259822845458984e+00 2.934098301921039820e-05 6.022201538085937500e+00 1.497381925582885742e+00 2.031702423095703125e+01 5.238781450316309929e-04 3.010304272174835205e-01 4.098492264747619629e-01 1.030676841735839844e+00 1.663112561800517142e-05 1.723536998033523560e-01 3.716560900211334229e-01 1.077460289001464844e+00 3.014142566826194525e-05 2.598028182983398438e+01 1.304452037811279297e+01 1.418342895507812500e+02 2.461008029058575630e-03
1.000000000000000000e+04 1.779713249206542969e+01 3.885976791381835938e+01 3.246539306640625000e+01 1.017755389213562012e+00 5.783070921897888184e-01 9.689808487892150879e-01 3.705110793816857040e-05 6.034169197082519531e-01 3.544962704181671143e-01 9.931098222732543945e-01 1.675024213909637183e-05 5.297307014465332031e+00 1.867087125778198242e+00 1.797622871398925781e+01 4.557096399366855621e-04 2.698245346546173096e-01 4.024581909179687500e-01 7.093486189842224121e-01 1.500576217949856073e-05 1.675507277250289917e-01 3.195435404777526855e-01 8.688293695449829102e-01 2.160474650736432523e-05 2.327537345886230469e+01 1.166560745239257812e+01 1.009563446044921875e+02 1.841210643760859966e-03 2.191305541992187500e+01 7.138920593261718750e+01 4.396348876953125000e+02 1.017755389213562012e+00 5.783070921897888184e-01 9.689808487892150879e-01 3.705110793816857040e-05 6.034169197082519531e-01 3.544962704181671143e-01 9.931098222732543945e-01 1.675024213909637183e-05 5.297307014465332031e+00 1.867087125778198242e+00 1.797622871398925781e+01 4.557096399366855621e-04 2.698245346546173096e-01 4.024581909179687500e-01 7.093486189842224121e-01 1.500576217949856073e-05 1.675507277250289917e-01 3.195435404777526855e-01 8.688293695449829102e-01 2.160474650736432523e-05 2.327537345886230469e+01 1.166560745239257812e+01 1.009563446044921875e+02 1.841210643760859966e-03
1.050000000000000000e+04 1.586902904510498047e+01 3.383305358886718750e+01 2.542641258239746094e+01 8.661183714866638184e-01 5.413768887519836426e-01 6.797529458999633789e-01 2.936960663646459579e-05 4.935824871063232422e-01 3.187732100486755371e-01 6.507866382598876953e-01 1.099845121643738821e-05 4.998871326446533203e+00 1.893201351165771484e+00 1.645834350585937500e+01 4.085449036210775375e-04 2.450699955224990845e-01 3.436657190322875977e-01 5.470598936080932617e-01 1.365196294500492513e-05 1.675306558609008789e-01 3.024331927299499512e-01 7.517552375793457031e-01 1.544091173855122179e-05 2.124233436584472656e+01 1.054034709930419922e+01 7.265777587890625000e+01 1.400650478899478912e-03 1.976074981689453125e+01 6.578609466552734375e+01 4.297489318847656250e+02 8.661183714866638184e-01 5.413768887519836426e-01 6.797529458999633789e-01 2.936960663646459579e-05 4.935824871063232422e-01 3.187732100486755371e-01 6.507866382598876953e-01 1.099845121643738821e-05 4.998871326446533203e+00 1.893201351165771484e+00 1.645834350585937500e+01 4.085449036210775375e-04 2.450699955224990845e-01 3.436657190322875977e-01 5.470598936080932617e-01 1.365196294500492513e-05 1.675306558609008789e-01 3.024331927299499512e-01 7.517552375793457031e-01 1.544091173855122179e-05 2.124233436584472656e+01 1.054034709930419922e+01 7.265777587890625000e+01 1.400650478899478912e-03
1.100000000000000000e+04 1.425613975524902344e+01 2.893418121337890625e+01 2.044908714294433594e+01 7.461432218551635742e-01 4.671578109264373779e-01 5.410982370376586914e-01 2.397034950263332576e-05 4.038496613502502441e-01 3.153554797172546387e-01 4.174967110157012939e-01 7.625848866155138239e-06 4.720062255859375000e+00 1.849794149398803711e+00 1.546257114410400391e+01 3.769569448195397854e-04 2.191606163978576660e-01 2.851421236991882324e-01 4.583996236324310303e-01 1.250811692443676293e-05 1.621575653553009033e-01 2.893803715705871582e-01 5.805342197418212891e-01 1.244242321263300255e-05 1.952307128906250000e+01 9.640182495117187500e+00 5.299955749511718750e+01 1.093534170649945736e-03 1.753976631164550781e+01 5.992028045654296875e+01 4.078778991699218750e+02 7.461432218551635742e-01 4.671578109264373779e-01 5.410982370376586914e-01 2.397034950263332576e-05 4.038496613502502441e-01 3.153554797172546387e-01 4.174967110157012939e-01 7.625848866155138239e-06 4.720062255859375000e+00 1.849794149398803711e+00 1.546257114410400391e+01 3.769569448195397854e-04 2.191606163978576660e-01 2.851421236991882324e-01 4.583996236324310303e-01 1.250811692443676293e-05 1.621575653553009033e-01 2.893803715705871582e-01 5.805342197418212891e-01 1.244242321263300255e-05 1.952307128906250000e+01 9.640182495117187500e+00 5.299955749511718750e+01 1.093534170649945736e-03
1.150000000000000000e+04 1.293542289733886719e+01 2.487190055847167969e+01 1.702302742004394531e+01 6.727316975593566895e-01 4.023097157478332520e-01 4.591965079307556152e-01 1.846349550760351121e-05 3.277230858802795410e-01 3.046537637710571289e-01 2.916921377182006836e-01 5.489126124302856624e-06 4.377773284912109375e+00 1.786378383636474609e+00 1.480256175994873047e+01 3.555173170752823353e-04 2.014410346746444702e-01 2.333389967679977417e-01 3.843291103839874268e-01 1.116644307330716401e-05 1.444525867700576782e-01 2.724306881427764893e-01 4.188128113746643066e-01 1.063045147020602599e-05 1.813241004943847656e+01 8.891260147094726562e+00 3.907006072998046875e+01 8.756905444897711277e-04 1.538555526733398438e+01 5.387697982788085938e+01 3.865686035156250000e+02 6.727316975593566895e-01 4.023097157478332520e-01 4.591965079307556152e-01 1.846349550760351121e-05 3.277230858802795410e-01 3.046537637710571289e-01 2.916921377182006836e-01 5.489126124302856624e-06 4.377773284912109375e+00 1.786378383636474609e+00 1.480256175994873047e+01 3.555173170752823353e-04 2.014410346746444702e-01 2.333389967679977417e-01 3.843291103839874268e-01 1.116644307330716401e-05 1.444525867700576782e-01 2.724306881427764893e-01 4.188128113746643066e-01 1.063045147020602599e-05 1.813241004943847656e+01 8.891260147094726562e+00 3.907006072998046875e+01 8.756905444897711277e-04
1.200000000000000000e+04 1.174400520324707031e+01 2.141703033447265625e+01 1.428140544891357422e+01 5.663868188858032227e-01 3.486268520355224609e-01 3.891163468360900879e-01 1.342507493973243982e-05 2.822085022926330566e-01 2.691609859466552734e-01 2.317000776529312134e-01 4.234739208186510950e-06 4.140944004058837891e+00 1.620694279670715332e+00 1.438331604003906250e+01 3.384446026757359505e-04 1.842960119247436523e-01 1.873262077569961548e-01 3.483244180679321289e-01 1.018745751935057342e-05 1.109153628349304199e-01 2.489816546440124512e-01 3.085258007049560547e-01 9.016883268486708403e-06 1.691272354125976562e+01 8.238559722900390625e+00 2.916247558593750000e+01 7.155168568715453148e-04 1.369409275054931641e+01 4.899037551879882812e+01 3.683353271484375000e+02 5.663868188858032227e-01 3.486268520355224609e-01 3.891163468360900879e-01 1.342507493973243982e-05 2.822085022926330566e-01 2.691609859466552734e-01 2.317000776529312134e-01 4.234739208186510950e-06 4.140944004058837891e+00 1.620694279670715332e+00 1.438331604003906250e+01 3.384446026757359505e-04 1.842960119247436523e-01 1.873262077569961548e-01 3.483244180679321289e-01 1.018745751935057342e-05 1.109153628349304199e-01 2.489816546440124512e-01 3.085258007049560547e-01 9.016883268486708403e-06 1.691272354125976562e+01 8.238559722900390625e+00 2.916247558593750000e+01 7.155168568715453148e-04
1.250000000000000000e+04 1.062701606750488281e+01 1.874584579467773438e+01 1.239406394958496094e+01 4.772952795028686523e-01 3.064898252487182617e-01 3.421146273612976074e-01 9.226651854987721890e-06 2.612100839614868164e-01 2.356346845626831055e-01 2.047699689865112305e-01 3.612089130911044776e-06 3.859256505966186523e+00 1.451946258544921875e+00 1.414217948913574219e+01 3.235471667721867561e-04 1.654391586780548096e-01 1.788083463907241821e-01 3.322813510894775391e-01 9.415979548066388816e-06 8.928707242012023926e-02 2.015802264213562012e-01 2.622737288475036621e-01 8.053606507019139826e-06 1.601325607299804688e+01 7.770831108093261719e+00 2.221101760864257812e+01 5.943239084444940090e-04 1.246254348754882812e+01 4.578637313842773438e+01 3.508064270019531250e+02 4.772952795028686523e-01 3.064898252487182617e-01 3.421146273612976074e-01 9.226651854987721890e-06 2.612100839614868164e-01 2.356346845626831055e-01 2.047699689865112305e-01 3.612089130911044776e-06 3.859256505966186523e+00 1.451946258544921875e+00 1.414217948913574219e+01 3.235471667721867561e-04 1.654391586780548096e-01 1.788083463907241821e-01 3.322813510894775391e-01 9.415979548066388816e-06 8.928707242012023926e-02 2.015802264213562012e-01 2.622737288475036621e-01 8.053606507019139826e-06 1.601325607299804688e+01 7.770831108093261719e+00 2.221101760864257812e+01 5.943239084444940090e-04
1.300000000000000000e+04 9.726181030273437500e+00 1.667382431030273438e+01 1.090947818756103516e+01 4.179226756095886230e-01 2.704775631427764893e-01 2.896433472633361816e-01 6.226326149771921337e-06 2.276067435741424561e-01 2.198619544506072998e-01 2.026934623718261719e-01 3.179518216711585410e-06 3.558565616607666016e+00 1.332298755645751953e+00 1.397127151489257812e+01 3.097922599408775568e-04 1.473360657691955566e-01 1.748635023832321167e-01 3.070546984672546387e-01 9.108409358304925263e-06 7.960186898708343506e-02 1.661740094423294067e-01 2.274118661880493164e-01 7.657205060240812600e-06 1.531340122222900391e+01 7.406135559082031250e+00 1.734778976440429688e+01 5.013705813325941563e-04 1.161633300781250000e+01 4.378507995605468750e+01 3.343315734863281250e+02 4.179226756095886230e-01 2.704775631427764893e-01 2.896433472633361816e-01 6.226326149771921337e-06 2.276067435741424561e-01 2.198619544506072998e-01 2.026934623718261719e-01 3.179518216711585410e-06 3.558565616607666016e+00 1.332298755645751953e+00 1.397127151489257812e+01 3.097922599408775568e-04 1.473360657691955566e-01 1.748635023832321167e-01 3.070546984672546387e-01 9.108409358304925263e-06 7.960186898708343506e-02 1.661740094423294067e-01 2.274118661880493164e-01 7.657205060240812600e-06 1.531340122222900391e+01 7.406135559082031250e+00 1.734778976440429688e+01 5.013705813325941563e-04
1.350000000000000000e+04 9.034574508666992188e+00 1.495311832427978516e+01 9.722869873046875000e+00 3.610876500606536865e-01 2.443656474351882935e-01 2.524119913578033447e-01 4.889378033112734556e-06 2.159447371959686279e-01 2.126122862100601196e-01 1.985987126827239990e-01 3.070419097639387473e-06 3.380933761596679688e+00 1.268295288085937500e+00 1.387038040161132812e+01 2.977349795401096344e-04 1.336433291435241699e-01 1.764955967664718628e-01 2.806785702705383301e-01 9.144167051999829710e-06 8.032092452049255371e-02 1.404606401920318604e-01 1.967529803514480591e-01 7.415650998154887930e-06 1.468110561370849609e+01 7.084576606750488281e+00 1.385979652404785156e+01 4.274055245332419872e-04 1.098517227172851562e+01 4.248495483398437500e+01 3.164309692382812500e+02 3.610876500606536865e-01 2.443656474351882935e-01 2.524119913578033447e-01 4.889378033112734556e-06 2.159447371959686279e-01 2.126122862100601196e-01 1.985987126827239990e-01 3.070419097639387473e-06 3.380933761596679688e+00 1.268295288085937500e+00 1.387038040161132812e+01 2.977349795401096344e-04 1.336433291435241699e-01 1.764955967664718628e-01 2.806785702705383301e-01 9.144167051999829710e-06 8.032092452049255371e-02 1.404606401920318604e-01 1.967529803514480591e-01 7.415650998154887930e-06 1.468110561370849609e+01 7.084576606750488281e+00 1.385979652404785156e+01 4.274055245332419872e-04
1.400000000000000000e+04 8.425471305847167969e+00 1.357252788543701172e+01 8.783033370971679688e+00 3.162198066711425781e-01 2.319920808076858521e-01 2.108901441097259521e-01 3.467488113528816029e-06 2.094713747501373291e-01 2.078891992568969727e-01 1.814341843128204346e-01 2.372712287979084067e-06 3.209063768386840820e+00 1.204458713531494141e+00 1.379725074768066406e+01 2.851738536264747381e-04 1.194049566984176636e-01 1.769684851169586182e-01 2.318968623876571655e-01 8.935221558203920722e-06 7.460806518793106079e-02 1.287916004657745361e-01 1.683818548917770386e-01 7.087103313097031787e-06 1.419142913818359375e+01 6.835752010345458984e+00 1.137695312500000000e+01 3.700205415952950716e-04 1.036567783355712891e+01 4.139420318603515625e+01 2.987203369140625000e+02 3.162198066711425781e-01 2.319920808076858521e-01 2.108901441097259521e-01 3.467488113528816029e-06 2.094713747501373291e-01 2.078891992568969727e-01 1.814341843128204346e-01 2.372712287979084067e-06 3.209063768386840820e+00 1.204458713531494141e+00 1.379725074768066406e+01 2.851738536264747381e-04 1.194049566984176636e-01 1.769684851169586182e-01 2.318968623876571655e-01 8.935221558203920722e-06 7.460806518793106079e-02 1.287916004657745361e-01 1.683818548917770386e-01 7.087103313097031787e-06 1.419142913818359375e+01 6.835752010345458984e+00 1.137695312500000000e+01 3.700205415952950716e-04
1.450000000000000000e+04 7.909032821655273438e+00 1.252586650848388672e+01 8.020086288452148438e+00 3.018787205219268799e-01 2.173166275024414062e-01 1.788934916257858276e-01 2.670063622645102441e-06 1.841127574443817139e-01 2.028324604034423828e-01 1.709324121475219727e-01 2.189519136663875543e-06 3.010984897613525391e+00 1.132629275321960449e+00 1.371309757232666016e+01 2.741252246778458357e-04 1.094579845666885376e-01 1.655007600784301758e-01 1.959580481052398682e-01 8.679207894601859152e-06 7.110273838043212891e-02 1.282929182052612305e-01 1.524682939052581787e-01 6.766448677808512002e-06 1.383033657073974609e+01 6.621940612792968750e+00 9.610547065734863281e+00 3.248285793233662844e-04 9.876332283020019531e+00 4.052280044555664062e+01 2.821938476562500000e+02 3.018787205219268799e-01 2.173166275024414062e-01 1.788934916257858276e-01 2.670063622645102441e-06 1.841127574443817139e-01 2.028324604034423828e-01 1.709324121475219727e-01 2.189519136663875543e-06 3.010984897613525391e+00 1.132629275321960449e+00 1.371309757232666016e+01 2.741252246778458357e-04 1.094579845666885376e-01 1.655007600784301758e-01 1.959580481052398682e-01 8.679207894601859152e-06 7.110273838043212891e-02 1.282929182052612305e-01 1.524682939052581787e-01 6.766448677808512002e-06 1.383033657073974609e+01 6.621940612792968750e+00 9.610547065734863281e+00 3.248285793233662844e-04
1.500000000000000000e+04 7.495346069335937500e+00 1.164142417907714844e+01 7.359869003295898438e+00 2.691989541053771973e-01 1.975813508033752441e-01 1.588187515735626221e-01 2.087653001581202261e-06 1.703384816646575928e-01 2.030590772628784180e-01 1.524744629859924316e-01 1.779939339030534029e-06 2.894725799560546875e+00 1.066931843757629395e+00 1.367426490783691406e+01 2.637759025674313307e-04 9.804851561784744263e-02 1.487282961606979370e-01 1.692458838224411011e-01 8.208772669604513794e-06 7.148487865924835205e-02 1.293444931507110596e-01 1.394550651311874390e-01 6.140418918221257627e-06 1.343009090423583984e+01 6.449036598205566406e+00 8.266265869140625000e+00 2.896301739383488894e-04 9.629981994628906250e+00 4.023638534545898438e+01 2.683258361816406250e+02 2.691989541053771973e-01 1.975813508033752441e-01 1.588187515735626221e-01 2.087653001581202261e-06 1.703384816646575928e-01 2.030590772628784180e-01 1.524744629859924316e-01 1.779939339030534029e-06 2.894725799560546875e+00 1.066931843757629395e+00 1.367426490783691406e+01 2.637759025674313307e-04 9.804851561784744263e-02 1.487282961606979370e-01 1.692458838224411011e-01 8.208772669604513794e-06 7.148487865924835205e-02 1.293444931507110596e-01 1.394550651311874390e-01 6.140418918221257627e-06 1.343009090423583984e+01 6.449036598205566406e+00 8.266265869140625000e+00 2.896301739383488894e-04
1.550000000000000000e+04 7.139219284057617188e+00 1.093951129913330078e+01 6.820436000823974609e+00 2.525595724582672119e-01 1.810581386089324951e-01 1.405390501022338867e-01 1.712802486508735456e-06 1.568435132503509521e-01 1.990458667278289795e-01 1.406767666339874268e-01 1.493628474236174952e-06 2.784358263015747070e+00 1.015249252319335938e+00 1.363236808776855469e+01 2.542699512559920549e-04 8.580717444419860840e-02 1.345749497413635254e-01 1.506524682044982910e-01 7.933763299661222845e-06 7.462385296821594238e-02 1.282114982604980469e-01 1.299355626106262207e-01 5.728418273065472022e-06 1.311238288879394531e+01 6.299747943878173828e+00 7.279972076416015625e+00 2.612469543237239122e-04 9.439213752746582031e+00 3.953891754150390625e+01 2.576512145996093750e+02 2.525595724582672119e-01 1.810581386089324951e-01 1.405390501022338867e-01 1.712802486508735456e-06 1.568435132503509521e-01 1.990458667278289795e-01 1.406767666339874268e-01 1.493628474236174952e-06 2.784358263015747070e+00 1.015249252319335938e+00 1.363236808776855469e+01 2.542699512559920549e-04 8.580717444419860840e-02 1.345749497413635254e-01 1.506524682044982910e-01 7.933763299661222845e-06 7.462385296821594238e-02 1.282114982604980469e-01 1.299355626106262207e-01 5.728418273065472022e-06 1.311238288879394531e+01 6.299747943878173828e+00 7.279972076416015625e+00 2.612469543237239122e-04
1.600000000000000000e+04 6.823721885681152344e+00 1.037059020996093750e+01 6.381649494171142578e+00 2.339182496070861816e-01 1.676121652126312256e-01 1.300858110189437866e-01 1.435819854123110417e-06 1.469915658235549927e-01 1.888904571533203125e-01 1.316860169172286987e-01 1.239814764630864374e-06 2.706395149230957031e+00 9.689313173294067383e-01 1.362220191955566406e+01 2.454534114804118872e-04 7.920064777135848999e-02 1.224830895662307739e-01 1.351900994777679443e-01 7.708289558649994433e-06 7.918949425220489502e-02 1.277760267257690430e-01 1.249621808528900146e-01 5.316519491316284984e-06 1.278422927856445312e+01 6.161648750305175781e+00 6.497089385986328125e+00 2.379182114964351058e-04 9.242418289184570312e+00 3.903697967529296875e+01 2.493079986572265625e+02 2.339182496070861816e-01 1.676121652126312256e-01 1.300858110189437866e-01 1.435819854123110417e-06 1.469915658235549927e-01 1.888904571533203125e-01 1.316860169172286987e-01 1.239814764630864374e-06 2.706395149230957031e+00 9.689313173294067383e-01 1.362220191955566406e+01 2.454534114804118872e-04 7.920064777135848999e-02 1.224830895662307739e-01 1.351900994777679443e-01 7.708289558649994433e-06 7.918949425220489502e-02 1.277760267257690430e-01 1.249621808528900146e-01 5.316519491316284984e-06 1.278422927856445312e+01 6.161648750305175781e+00 6.497089385986328125e+00 2.379182114964351058e-04
1.650000000000000000e+04 6.561790466308593750e+00 9.837283134460449219e+00 5.968625068664550781e+00 2.204241603612899780e-01 1.563776731491088867e-01 1.157268434762954712e-01 1.233511738973902538e-06 1.358420103788375854e-01 1.792339980602264404e-01 1.260262578725814819e-01 1.040529809870349709e-06 2.623268365859985352e+00 9.267106056213378906e-01 1.358705615997314453e+01 2.376616175752133131e-04 7.248425483703613281e-02 1.114840954542160034e-01 1.229733601212501526e-01 7.576735697512049228e-06 7.856932282447814941e-02 1.260943561792373657e-01 1.207088306546211243e-01 4.956351403961889446e-06 1.254276180267333984e+01 6.049468517303466797e+00 5.906932830810546875e+00 2.182859170716255903e-04 9.076070785522460938e+00 3.858272171020507812e+01 2.435436401367187500e+02 2.204241603612899780e-01 1.563776731491088867e-01 1.157268434762954712e-01 1.233511738973902538e-06 1.358420103788375854e-01 1.792339980602264404e-01 1.260262578725814819e-01 1.040529809870349709e-06 2.623268365859985352e+00 9.267106056213378906e-01 1.358705615997314453e+01 2.376616175752133131e-04 7.248425483703613281e-02 1.114840954542160034e-01 1.229733601212501526e-01 7.576735697512049228e-06 7.856932282447814941e-02 1.260943561792373657e-01 1.207088306546211243e-01 4.956351403961889446e-06 1.254276180267333984e+01 6.049468517303466797e+00 5.906932830810546875e+00 2.182859170716255903e-04
1.700000000000000000e+04 6.343256950378417969e+00 9.414564132690429688e+00 5.603515148162841797e+00 2.201970219612121582e-01 1.474290639162063599e-01 1.138429939746856689e-01 1.110702100959315430e-06 1.272142529487609863e-01 1.711157709360122681e-01 1.267451941967010498e-01 9.336077937405207194e-07 2.536453962326049805e+00 8.901416063308715820e-01 1.356432151794433594e+01 2.305633388459682465e-04 6.799564510583877563e-02 1.019533872604370117e-01 1.147954612970352173e-01 7.510588147852104157e-06 7.882747799158096313e-02 1.232519373297691345e-01 1.187732070684432983e-01 4.771187377627938986e-06 1.235755825042724609e+01 5.959847450256347656e+00 5.446290969848632812e+00 2.017702790908515453e-04 8.939488410949707031e+00 3.795537567138671875e+01 2.397831115722656250e+02 2.201970219612121582e-01 1.474290639162063599e-01 1.138429939746856689e-01 1.110702100959315430e-06 1.272142529487609863e-01 1.711157709360122681e-01 1.267451941967010498e-01 9.336077937405207194e-07 2.536453962326049805e+00 8.901416063308715820e-01 1.356432151794433594e+01 2.305633388459682465e-04 6.799564510583877563e-02 1.019533872604370117e-01 1.147954612970352173e-01 7.510588147852104157e-06 7.882747799158096313e-02 1.232519373297691345e-01 1.187732070684432983e-01 4.771187377627938986e-06 1.235755825042724609e+01 5.959847450256347656e+00 5.446290969848632812e+00 2.017702790908515453e-04
1.750000000000000000e+04 6.161743640899658203e+00 8.960418701171875000e+00 5.335972785949707031e+00 1.883680820465087891e-01 1.396106034517288208e-01 1.069991663098335266e-01 9.834492402660544030e-07 1.249844580888748169e-01 1.649585366249084473e-01 1.171906590461730957e-01 7.690044299124565441e-07 2.475256681442260742e+00 8.536581993103027344e-01 1.356100177764892578e+01 2.240648755105212331e-04 6.534966826438903809e-02 9.495906531810760498e-02 1.065413728356361389e-01 7.270675268955528736e-06 7.566223293542861938e-02 1.199873611330986023e-01 1.147633194923400879e-01 4.443981652002548799e-06 1.206129074096679688e+01 5.880989551544189453e+00 5.027647495269775391e+00 1.875406014733016491e-04 8.842864036560058594e+00 3.814854049682617188e+01 2.373512573242187500e+02 1.883680820465087891e-01 1.396106034517288208e-01 1.069991663098335266e-01 9.834492402660544030e-07 1.249844580888748169e-01 1.649585366249084473e-01 1.171906590461730957e-01 7.690044299124565441e-07 2.475256681442260742e+00 8.536581993103027344e-01 1.356100177764892578e+01 2.240648755105212331e-04 6.534966826438903809e-02 9.495906531810760498e-02 1.065413728356361389e-01 7.270675268955528736e-06 7.566223293542861938e-02 1.199873611330986023e-01 1.147633194923400879e-01 4.443981652002548799e-06 1.206129074096679688e+01 5.880989551544189453e+00 5.027647495269775391e+00 1.875406014733016491e-04
1.800000000000000000e+04 6.017847061157226562e+00 8.577605247497558594e+00 5.096386909484863281e+00 1.820051372051239014e-01 1.330102682113647461e-01 1.059657335281372070e-01 9.474650823904084973e-07 1.138026192784309387e-01 1.603122800588607788e-01 1.126863211393356323e-01 7.977913583090412430e-07 2.386021852493286133e+00 8.246325850486755371e-01 1.354893112182617188e+01 2.180961892008781433e-04 6.386767327785491943e-02 9.071327000856399536e-02 1.015227288007736206e-01 7.256686330947559327e-06 7.253506034612655640e-02 1.166977062821388245e-01 1.097827479243278503e-01 4.557526608550688252e-06 1.185508346557617188e+01 5.803639888763427734e+00 4.714262962341308594e+00 1.753524702508002520e-04 8.758744239807128906e+00 3.775368499755859375e+01 2.350813903808593750e+02 1.820051372051239014e-01 1.330102682113647461e-01 1.059657335281372070e-01 9.474650823904084973e-07 1.138026192784309387e-01 1.603122800588607788e-01 1.126863211393356323e-01 7.977913583090412430e-07 2.386021852493286133e+00 8.246325850486755371e-01 1.354893112182617188e+01 2.180961892008781433e-04 6.386767327785491943e-02 9.071327000856399536e-02 1.015227288007736206e-01 7.256686330947559327e-06 7.253506034612655640e-02 1.166977062821388245e-01 1.097827479243278503e-01 4.557526608550688252e-06 1.185508346557617188e+01 5.803639888763427734e+00 4.714262962341308594e+00 1.753524702508002520e-04
1.850000000000000000e+04 5.883085250854492188e+00 8.219092369079589844e+00 4.862840175628662109e+00 1.670680791139602661e-01 1.268597543239593506e-01 1.061930060386657715e-01 8.257370609499048442e-07 1.110596060752868652e-01 1.573816835880279541e-01 1.057447940111160278e-01 6.324113996925007086e-07 2.344325304031372070e+00 7.993897795677185059e-01 1.354658222198486328e+01 2.123497542925179005e-04 6.148888915777206421e-02 8.772991597652435303e-02 9.695598483085632324e-02 6.752593890269054100e-06 7.043114304542541504e-02 1.130729541182518005e-01 1.022962406277656555e-01 4.038915903947781771e-06 1.163740539550781250e+01 5.723541259765625000e+00 4.438598155975341797e+00 1.647342432988807559e-04 8.665101051330566406e+00 3.774138641357421875e+01 2.326230468750000000e+02 1.670680791139602661e-01 1.268597543239593506e-01 1.061930060386657715e-01 8.257370609499048442e-07 1.110596060752868652e-01 1.573816835880279541e-01 1.057447940111160278e-01 6.324113996925007086e-07 2.344325304031372070e+00 7.993897795677185059e-01 1.354658222198486328e+01 2.123497542925179005e-04 6.148888915777206421e-02 8.772991597652435303e-02 9.695598483085632324e-02 6.752593890269054100e-06 7.043114304542541504e-02 1.130729541182518005e-01 1.022962406277656555e-01 4.038915903947781771e-06 1.163740539550781250e+01 5.723541259765625000e+00 4.438598155975341797e+00 1.647342432988807559e-04
1.900000000000000000e+04 5.748404502868652344e+00 7.902690410614013672e+00 4.658267974853515625e+00 1.582590937614440918e-01 1.205566823482513428e-01 1.065860986709594727e-01 6.972038590902229771e-07 1.052562519907951355e-01 1.546455770730972290e-01 1.004060432314872742e-01 5.289749651637976058e-07 2.272516965866088867e+00 7.791615724563598633e-01 1.353474521636962891e+01 2.070642658509314060e-04 6.061803549528121948e-02 8.581010997295379639e-02 9.236567467451095581e-02 6.435656359826680273e-06 6.813470274209976196e-02 1.100580990314483643e-01 9.425862133502960205e-02 3.856601324514485896e-06 1.144883537292480469e+01 5.642853736877441406e+00 4.214064121246337891e+00 1.552537141833454370e-04 8.511768341064453125e+00 3.782197189331054688e+01 2.306460113525390625e+02 1.582590937614440918e-01 1.205566823482513428e-01 1.065860986709594727e-01 6.972038590902229771e-07 1.052562519907951355e-01 1.546455770730972290e-01 1.004060432314872742e-01 5.289749651637976058e-07 2.272516965866088867e+00 7.791615724563598633e-01 1.353474521636962891e+01 2.070642658509314060e-04 6.061803549528121948e-02 8.581010997295379639e-02 9.236567467451095581e-02 6.435656359826680273e-06 6.813470274209976196e-02 1.100580990314483643e-01 9.425862133502960205e-02 3.856601324514485896e-06 1.144883537292480469e+01 5.642853736877441406e+00 4.214064121246337891e+00 1.552537141833454370e-04
1.950000000000000000e+04 5.618497848510742188e+00 7.620792865753173828e+00 4.458148002624511719e+00 1.635708808898925781e-01 1.135662272572517395e-01 1.083551049232482910e-01 5.969660605842364021e-07 1.000355109572410583e-01 1.510313302278518677e-01 9.772342443466186523e-02 4.460426623609237140e-07 2.192102909088134766e+00 7.605122327804565430e-01 1.353052520751953125e+01 2.018896630033850670e-04 6.061268970370292664e-02 8.472077548503875732e-02 8.941254019737243652e-02 6.086604571464704350e-06 6.613826751708984375e-02 1.068073436617851257e-01 8.723805844783782959e-02 3.700217803270788863e-06 1.128200340270996094e+01 5.569619655609130859e+00 4.019497871398925781e+00 1.469287672080099583e-04 8.306910514831542969e+00 3.743471908569335938e+01 2.292858886718750000e+02 1.635708808898925781e-01 1.135662272572517395e-01 1.083551049232482910e-01 5.969660605842364021e-07 1.000355109572410583e-01 1.510313302278518677e-01 9.772342443466186523e-02 4.460426623609237140e-07 2.192102909088134766e+00 7.605122327804565430e-01 1.353052520751953125e+01 2.018896630033850670e-04 6.061268970370292664e-02 8.472077548503875732e-02 8.941254019737243652e-02 6.086604571464704350e-06 6.613826751708984375e-02 1.068073436617851257e-01 8.723805844783782959e-02 3.700217803270788863e-06 1.128200340270996094e+01 5.569619655609130859e+00 4.019497871398925781e+00 1.469287672080099583e-04
2.000000000000000000e+04 5.498233795166015625e+00 7.310296058654785156e+00 4.248500347137451172e+00 1.412144154310226440e-01 1.058680564165115356e-01 1.051830947399139404e-01 5.204571493777621072e-07 9.862104058265686035e-02 1.448807567358016968e-01 9.060998260974884033e-02 3.829752586170798168e-07 2.175404310226440430e+00 7.385286688804626465e-01 1.353314590454101562e+01 1.969089498743414879e-04 5.819019675254821777e-02 8.511788398027420044e-02 8.493177592754364014e-02 5.759184659837046638e-06 6.266483664512634277e-02 1.046161353588104248e-01 7.995676994323730469e-02 3.577398501874995418e-06 1.106391143798828125e+01 5.493265151977539062e+00 3.832080841064453125e+00 1.393912825733423233e-04 8.121007919311523438e+00 3.789394760131835938e+01 2.288346710205078125e+02 1.412144154310226440e-01 1.058680564165115356e-01 1.051830947399139404e-01 5.204571493777621072e-07 9.862104058265686035e-02 1.448807567358016968e-01 9.060998260974884033e-02 3.829752586170798168e-07 2.175404310226440430e+00 7.385286688804626465e-01 1.353314590454101562e+01 1.969089498743414879e-04 5.819019675254821777e-02 8.511788398027420044e-02 8.493177592754364014e-02 5.759184659837046638e-06 6.266483664512634277e-02 1.046161353588104248e-01 7.995676994323730469e-02 3.577398501874995418e-06 1.106391143798828125e+01 5.493265151977539062e+00 3.832080841064453125e+00 1.393912825733423233e-04
2.050000000000000000e+04 5.399905204772949219e+00 7.059975147247314453e+00 4.073230266571044922e+00 1.371009349822998047e-01 1.000011116266250610e-01 1.034680753946304321e-01 4.997915539206587709e-07 9.384761750698089600e-02 1.401021927595138550e-01 8.778474479913711548e-02 3.590912456274963915e-07 2.111515045166015625e+00 7.168148756027221680e-01 1.352345561981201172e+01 1.921238144859671593e-04 5.851664394140243530e-02 8.666598051786422729e-02 8.097688853740692139e-02 5.475737452798057348e-06 6.020375341176986694e-02 1.033911183476448059e-01 7.490081340074539185e-02 3.518452558637363836e-06 1.090493965148925781e+01 5.424085140228271484e+00 3.685340404510498047e+00 1.327383215539157391e-04 7.951259613037109375e+00 3.817997741699218750e+01 2.296773834228515625e+02 1.371009349822998047e-01 1.000011116266250610e-01 1.034680753946304321e-01 4.997915539206587709e-07 9.384761750698089600e-02 1.401021927595138550e-01 8.778474479913711548e-02 3.590912456274963915e-07 2.111515045166015625e+00 7.168148756027221680e-01 1.352345561981201172e+01 1.921238144859671593e-04 5.851664394140243530e-02 8.666598051786422729e-02 8.097688853740692139e-02 5.475737452798057348e-06 6.020375341176986694e-02 1.033911183476448059e-01 7.490081340074539185e-02 3.518452558637363836e-06 1.090493965148925781e+01 5.424085140228271484e+00 3.685340404510498047e+00 1.327383215539157391e-04
2.100000000000000000e+04 5.313126087188720703e+00 6.809292316436767578e+00 3.928327798843383789e+00 1.276001632213592529e-01 9.561769664287567139e-02 1.014112234115600586e-01 4.255230123817455024e-07 9.248381853103637695e-02 1.379222571849822998e-01 8.467432856559753418e-02 3.020350050064735115e-07 2.064370155334472656e+00 6.969839334487915039e-01 1.352399921417236328e+01 1.876073074527084827e-04 5.630610510706901550e-02 8.849111199378967285e-02 7.731802761554718018e-02 5.231176146480720490e-06 5.661822110414505005e-02 1.027015522122383118e-01 7.075536251068115234e-02 3.488873744572629221e-06 1.073118972778320312e+01 5.366835117340087891e+00 3.540851593017578125e+00 1.268453634111210704e-04 7.812546253204345703e+00 3.835992050170898438e+01 2.308151397705078125e+02 1.276001632213592529e-01 9.561769664287567139e-02 1.014112234115600586e-01 4.255230123817455024e-07 9.248381853103637695e-02 1.379222571849822998e-01 8.467432856559753418e-02 3.020350050064735115e-07 2.064370155334472656e+00 6.969839334487915039e-01 1.352399921417236328e+01 1.876073074527084827e-04 5.630610510706901550e-02 8.849111199378967285e-02 7.731802761554718018e-02 5.231176146480720490e-06 5.661822110414505005e-02 1.027015522122383118e-01 7.075536251068115234e-02 3.488873744572629221e-06 1.073118972778320312e+01 5.366835117340087891e+00 3.540851593017578125e+00 1.268453634111210704e-04
2.150000000000000000e+04 5.236456394195556641e+00 6.579411506652832031e+00 3.792757511138916016e+00 1.207317262887954712e-01 9.241551905870437622e-02 9.930981695652008057e-02 4.088610410235560266e-07 9.149743616580963135e-02 1.360436528921127319e-01 8.175295591354370117e-02 3.078274630752275698e-07 2.034862279891967773e+00 6.811513900756835938e-01 1.352350044250488281e+01 1.832771231420338154e-04 5.483302846550941467e-02 9.043767303228378296e-02 7.419797033071517944e-02 5.122239599586464465e-06 5.415711179375648499e-02 1.027365103363990784e-01 6.722652167081832886e-02 3.597269596866681240e-06 1.057083129882812500e+01 5.316992282867431641e+00 3.411455631256103516e+00 1.216117743751965463e-04 7.701297760009765625e+00 3.853991699218750000e+01 2.315775146484375000e+02 1.207317262887954712e-01 9.241551905870437622e-02 9.930981695652008057e-02 4.088610410235560266e-07 9.149743616580963135e-02 1.360436528921127319e-01 8.175295591354370117e-02 3.078274630752275698e-07 2.034862279891967773e+00 6.811513900756835938e-01 1.352350044250488281e+01 1.832771231420338154e-04 5.483302846550941467e-02 9.043767303228378296e-02 7.419797033071517944e-02 5.122239599586464465e-06 5.415711179375648499e-02 1.027365103363990784e-01 6.722652167081832886e-02 3.597269596866681240e-06 1.057083129882812500e+01 5.316992282867431641e+00 3.411455631256103516e+00 1.216117743751965463e-04
2.200000000000000000e+04 5.166079521179199219e+00 6.379054069519042969e+00 3.691320419311523438e+00 1.143246814608573914e-01 9.009377658367156982e-02 9.748340398073196411e-02 3.484247486085223500e-07 8.879709988832473755e-02 1.328246444463729858e-01 7.878132909536361694e-02 2.324322423419289407e-07 1.986731410026550293e+00 6.668347716331481934e-01 1.351932621002197266e+01 1.792436378309503198e-04 5.417503789067268372e-02 9.258001297712326050e-02 7.145091891288757324e-02 4.872517365583917126e-06 5.168750137090682983e-02 1.030257195234298706e-01 6.414017081260681152e-02 3.499772446957649663e-06 1.041447639465332031e+01 5.273468017578125000e+00 3.295462131500244141e+00 1.169247479992918670e-04 7.604596614837646484e+00 3.885248184204101562e+01 2.319464263916015625e+02 1.143246814608573914e-01 9.009377658367156982e-02 9.748340398073196411e-02 3.484247486085223500e-07 8.879709988832473755e-02 1.328246444463729858e-01 7.878132909536361694e-02 2.324322423419289407e-07 1.986731410026550293e+00 6.668347716331481934e-01 1.351932621002197266e+01 1.792436378309503198e-04 5.417503789067268372e-02 9.258001297712326050e-02 7.145091891288757324e-02 4.872517365583917126e-06 5.168750137090682983e-02 1.030257195234298706e-01 6.414017081260681152e-02 3.499772446957649663e-06 1.041447639465332031e+01 5.273468017578125000e+00 3.295462131500244141e+00 1.169247479992918670e-04
2.250000000000000000e+04 5.099010467529296875e+00 6.187412261962890625e+00 3.584282636642456055e+00 1.071792766451835632e-01 8.850407600402832031e-02 9.609182178974151611e-02 3.271333355314709479e-07 8.900757133960723877e-02 1.285208761692047119e-01 7.586373388767242432e-02 2.109938748162676347e-07 1.963612914085388184e+00 6.551304459571838379e-01 1.351762008666992188e+01 1.754416880430653691e-04 5.285380408167839050e-02 9.486832469701766968e-02 6.926144659519195557e-02 4.751215328724356368e-06 4.966309666633605957e-02 1.030926033854484558e-01 6.159791722893714905e-02 3.518705170790781267e-06 1.026668643951416016e+01 5.235097885131835938e+00 3.186831712722778320e+00 1.127619761973619461e-04 7.513965129852294922e+00 3.906909561157226562e+01 2.319969024658203125e+02 1.071792766451835632e-01 8.850407600402832031e-02 9.609182178974151611e-02 3.271333355314709479e-07 8.900757133960723877e-02 1.285208761692047119e-01 7.586373388767242432e-02 2.109938748162676347e-07 1.963612914085388184e+00 6.551304459571838379e-01 1.351762008666992188e+01 1.754416880430653691e-04 5.285380408167839050e-02 9.486832469701766968e-02 6.926144659519195557e-02 4.751215328724356368e-06 4.966309666633605957e-02 1.030926033854484558e-01 6.159791722893714905e-02 3.518705170790781267e-06 1.026668643951416016e+01 5.235097885131835938e+00 3.186831712722778320e+00 1.127619761973619461e-04
2.300000000000000000e+04 5.038320064544677734e+00 6.007305145263671875e+00 3.495625257492065430e+00 1.051709428429603577e-01 8.755809068679809570e-02 9.392002224922180176e-02 3.146263338749122340e-07 8.644812554121017456e-02 1.240004450082778931e-01 7.346052676439285278e-02 1.942902230211984715e-07 1.917221665382385254e+00 6.451177000999450684e-01 1.351065540313720703e+01 1.719320134725421667e-04 5.183162540197372437e-02 9.734858572483062744e-02 6.702116131782531738e-02 4.660351805796381086e-06 4.743878543376922607e-02 1.029456779360771179e-01 5.873515456914901733e-02 3.535049017955316231e-06 1.014075469970703125e+01 5.200509548187255859e+00 3.092742204666137695e+00 1.090049117919988930e-04 7.421423435211181641e+00 3.905503845214843750e+01 2.317860717773437500e+02 1.051709428429603577e-01 8.755809068679809570e-02 9.392002224922180176e-02 3.146263338749122340e-07 8.644812554121017456e-02 1.240004450082778931e-01 7.346052676439285278e-02 1.942902230211984715e-07 1.917221665382385254e+00 6.451177000999450684e-01 1.351065540313720703e+01 1.719320134725421667e-04 5.183162540197372437e-02 9.734858572483062744e-02 6.702116131782531738e-02 4.660351805796381086e-06 4.743878543376922607e-02 1.029456779360771179e-01 5.873515456914901733e-02 3.535049017955316231e-06 1.014075469970703125e+01 5.200509548187255859e+00 3.092742204666137695e+00 1.090049117919988930e-04
2.350000000000000000e+04 4.981263637542724609e+00 5.840975761413574219e+00 3.409647226333618164e+00 1.020742356777191162e-01 8.724822103977203369e-02 9.314756095409393311e-02 2.935518352842336753e-07 8.507470786571502686e-02 1.191563159227371216e-01 7.167019695043563843e-02 1.765162380706897238e-07 1.894568324089050293e+00 6.361070275306701660e-01 1.350692558288574219e+01 1.686198811512440443e-04 5.052256584167480469e-02 9.947304427623748779e-02 6.578370183706283569e-02 4.590768185153137892e-06 4.565118998289108276e-02 1.028159335255622864e-01 5.755377560853958130e-02 3.543168986652744934e-06 1.001448535919189453e+01 5.165379524230957031e+00 3.003768444061279297e+00 1.055613320204429328e-04 7.332000255584716797e+00 3.905373001098632812e+01 2.315213623046875000e+02 1.020742356777191162e-01 8.724822103977203369e-02 9.314756095409393311e-02 2.935518352842336753e-07 8.507470786571502686e-02 1.191563159227371216e-01 7.167019695043563843e-02 1.765162380706897238e-07 1.894568324089050293e+00 6.361070275306701660e-01 1.350692558288574219e+01 1.686198811512440443e-04 5.052256584167480469e-02 9.947304427623748779e-02 6.578370183706283569e-02 4.590768185153137892e-06 4.565118998289108276e-02 1.028159335255622864e-01 5.755377560853958130e-02 3.543168986652744934e-06 1.001448535919189453e+01 5.165379524230957031e+00 3.003768444061279297e+00 1.055613320204429328e-04
2.400000000000000000e+04 4.926502227783203125e+00 5.695327281951904297e+00 3.332494258880615234e+00 9.604628384113311768e-02 8.770525455474853516e-02 9.433265030384063721e-02 2.782976764592604013e-07 8.563674241304397583e-02 1.153682842850685120e-01 7.125169038772583008e-02 1.737675745516753523e-07 1.879393458366394043e+00 6.267447471618652344e-01 1.350753879547119141e+01 1.655413943808525801e-04 4.912608861923217773e-02 1.014982610940933228e-01 6.874269247055053711e-02 4.559507942758500576e-06 4.379311576485633850e-02 1.025193557143211365e-01 5.817286670207977295e-02 3.543410684869741090e-06 9.875369071960449219e+00 5.132790565490722656e+00 2.917263984680175781e+00 1.023669392452575266e-04 7.244860649108886719e+00 3.908408737182617188e+01 2.313821105957031250e+02 9.604628384113311768e-02 8.770525455474853516e-02 9.433265030384063721e-02 2.782976764592604013e-07 8.563674241304397583e-02 1.153682842850685120e-01 7.125169038772583008e-02 1.737675745516753523e-07 1.879393458366394043e+00 6.267447471618652344e-01 1.350753879547119141e+01 1.655413943808525801e-04 4.912608861923217773e-02 1.014982610940933228e-01 6.874269247055053711e-02 4.559507942758500576e-06 4.379311576485633850e-02 1.025193557143211365e-01 5.817286670207977295e-02 3.543410684869741090e-06 9.875369071960449219e+00 5.132790565490722656e+00 2.917263984680175781e+00 1.023669392452575266e-04
2.450000000000000000e+04 4.877685546875000000e+00 5.556975841522216797e+00 3.274314880371093750e+00 9.937143325805664062e-02 8.865015208721160889e-02 9.121242910623550415e-02 2.633945257457526168e-07 8.161074668169021606e-02 1.110281795263290405e-01 6.807623803615570068e-02 1.503372004663106054e-07 1.822384357452392578e+00 6.172027587890625000e-01 1.349780941009521484e+01 1.626984158065170050e-04 4.896435886621475220e-02 1.030944287776947021e-01 6.122255697846412659e-02 4.505043307290179655e-06 4.171218350529670715e-02 1.023747026920318604e-01 5.192314088344573975e-02 3.518080347930663265e-06 9.777910232543945312e+00 5.098071098327636719e+00 2.846883535385131836e+00 9.934075933415442705e-05 7.148875236511230469e+00 3.886794662475585938e+01 2.310890045166015625e+02 9.937143325805664062e-02 8.865015208721160889e-02 9.121242910623550415e-02 2.633945257457526168e-07 8.161074668169021606e-02 1.110281795263290405e-01 6.807623803615570068e-02 1.503372004663106054e-07 1.822384357452392578e+00 6.172027587890625000e-01 1.349780941009521484e+01 1.626984158065170050e-04 4.896435886621475220e-02 1.030944287776947021e-01 6.122255697846412659e-02 4.505043307290179655e-06 4.171218350529670715e-02 1.023747026920318604e-01 5.192314088344573975e-02 3.518080347930663265e-06 9.777910232543945312e+00 5.098071098327636719e+00 2.846883535385131836e+00 9.934075933415442705e-05
2.500000000000000000e+04 4.828391551971435547e+00 5.422805786132812500e+00 3.199574470520019531e+00 9.571224451065063477e-02 8.999018371105194092e-02 9.039127826690673828e-02 2.509814009954425273e-07 8.069443702697753906e-02 1.073163300752639771e-01 6.588004529476165771e-02 1.395303570461692289e-07 1.797809839248657227e+00 6.078102588653564453e-01 1.349377250671386719e+01 1.600545074325054884e-04 4.714909568428993225e-02 1.044270396232604980e-01 5.890204757452011108e-02 4.481806172407232225e-06 3.981657326221466064e-02 1.022950634360313416e-01 4.940297454595565796e-02 3.494375278023653664e-06 9.670027732849121094e+00 5.064050674438476562e+00 2.775367498397827148e+00 9.651241998653858900e-05 7.059399604797363281e+00 3.875225067138671875e+01 2.308834991455078125e+02 9.571224451065063477e-02 8.999018371105194092e-02 9.039127826690673828e-02 2.509814009954425273e-07 8.069443702697753906e-02 1.073163300752639771e-01 6.588004529476165771e-02 1.395303570461692289e-07 1.797809839248657227e+00 6.078102588653564453e-01 1.349377250671386719e+01 1.600545074325054884e-04 4.714909568428993225e-02 1.044270396232604980e-01 5.890204757452011108e-02 4.481806172407232225e-06 3.981657326221466064e-02 1.022950634360313416e-01 4.940297454595565796e-02 3.494375278023653664e-06 9.670027732849121094e+00 5.064050674438476562e+00 2.775367498397827148e+00 9.651241998653858900e-05
2.550000000000000000e+04 4.777792453765869141e+00 5.298556804656982422e+00 3.131791114807128906e+00 8.967845141887664795e-02 9.148094058036804199e-02 8.972902595996856689e-02 2.405241446012951201e-07 8.087634295225143433e-02 1.038675010204315186e-01 6.373716890811920166e-02 1.306554935354142799e-07 1.790885806083679199e+00 5.985076427459716797e-01 1.349592971801757812e+01 1.575703790877014399e-04 4.537194222211837769e-02 1.052735447883605957e-01 5.673820525407791138e-02 4.467596227186731994e-06 3.835794329643249512e-02 1.021974086761474609e-01 4.713487625122070312e-02 3.465103418420767412e-06 9.540130615234375000e+00 5.030269622802734375e+00 2.700359582901000977e+00 9.379894618177786469e-05 6.975349903106689453e+00 3.855818176269531250e+01 2.309864807128906250e+02 8.967845141887664795e-02 9.148094058036804199e-02 8.972902595996856689e-02 2.405241446012951201e-07 8.087634295225143433e-02 1.038675010204315186e-01 6.373716890811920166e-02 1.306554935354142799e-07 1.790885806083679199e+00 5.985076427459716797e-01 1.349592971801757812e+01 1.575703790877014399e-04 4.537194222211837769e-02 1.052735447883605957e-01 5.673820525407791138e-02 4.467596227186731994e-06 3.835794329643249512e-02 1.021974086761474609e-01 4.713487625122070312e-02 3.465103418420767412e-06 9.540130615234375000e+00 5.030269622802734375e+00 2.700359582901000977e+00 9.379894618177786469e-05
2.600000000000000000e+04 4.731609344482421875e+00 5.184630870819091797e+00 3.065047979354858398e+00 8.731947094202041626e-02 9.281934052705764771e-02 8.925753831863403320e-02 2.257239515301989741e-07 7.887543737888336182e-02 1.009105220437049866e-01 6.222313269972801208e-02 1.248121606067797984e-07 1.762004613876342773e+00 5.892612338066101074e-01 1.349035263061523438e+01 1.552172179799526930e-04 4.429180920124053955e-02 1.058074757456779480e-01 5.471680313348770142e-02 4.458152034203521907e-06 3.699605539441108704e-02 1.019794344902038574e-01 4.545124620199203491e-02 3.426380089877056889e-06 9.435594558715820312e+00 4.997005939483642578e+00 2.640397071838378906e+00 9.121066250372678041e-05 6.899829864501953125e+00 3.843626403808593750e+01 2.312611389160156250e+02 8.731947094202041626e-02 9.281934052705764771e-02 8.925753831863403320e-02 2.257239515301989741e-07 7.887543737888336182e-02 1.009105220437049866e-01 6.222313269972801208e-02 1.248121606067797984e-07 1.762004613876342773e+00 5.892612338066101074e-01 1.349035263061523438e+01 1.552172179799526930e-04 4.429180920124053955e-02 1.058074757456779480e-01 5.471680313348770142e-02 4.458152034203521907e-06 3.699605539441108704e-02 1.019794344902038574e-01 4.545124620199203491e-02 3.426380089877056889e-06 9.435594558715820312e+00 4.997005939483642578e+00 2.640397071838378906e+00 9.121066250372678041e-05
2.650000000000000000e+04 4.682908535003662109e+00 5.108730792999267578e+00 2.989385843276977539e+00 8.493715524673461914e-02 9.387420117855072021e-02 9.237141162157058716e-02 2.153322213871433632e-07 8.300233632326126099e-02 9.802568703889846802e-02 6.278981268405914307e-02 1.161740144084433268e-07 1.782990455627441406e+00 5.813672542572021484e-01 1.349918556213378906e+01 1.530279696453362703e-04 4.463375359773635864e-02 1.058194488286972046e-01 5.345355346798896790e-02 4.446250841283472255e-06 4.320151731371879578e-02 1.016539931297302246e-01 4.395547881722450256e-02 3.384174988241284154e-06 9.305043220520019531e+00 4.961648464202880859e+00 2.575026988983154297e+00 8.874653576640412211e-05 6.836680889129638672e+00 3.842451095581054688e+01 2.319086914062500000e+02 8.493715524673461914e-02 9.387420117855072021e-02 9.237141162157058716e-02 2.153322213871433632e-07 8.300233632326126099e-02 9.802568703889846802e-02 6.278981268405914307e-02 1.161740144084433268e-07 1.782990455627441406e+00 5.813672542572021484e-01 1.349918556213378906e+01 1.530279696453362703e-04 4.463375359773635864e-02 1.058194488286972046e-01 5.345355346798896790e-02 4.446250841283472255e-06 4.320151731371879578e-02 1.016539931297302246e-01 4.395547881722450256e-02 3.384174988241284154e-06 9.305043220520019531e+00 4.961648464202880859e+00 2.575026988983154297e+00 8.874653576640412211e-05
2.700000000000000000e+04 4.639770507812500000e+00 4.971180915832519531e+00 2.939733028411865234e+00 8.437112718820571899e-02 9.454353898763656616e-02 8.790794014930725098e-02 2.043371125637349905e-07 7.440366595983505249e-02 9.613949060440063477e-02 6.001644209027290344e-02 1.109050060676963767e-07 1.702442884445190430e+00 5.726590156555175781e-01 1.348250389099121094e+01 1.509512076154351234e-04 4.204898327589035034e-02 1.061397194862365723e-01 5.057925358414649963e-02 4.437085408426355571e-06 3.458506613969802856e-02 1.004557684063911438e-01 4.273261874914169312e-02 3.340550847497070208e-06 9.236476898193359375e+00 4.932379245758056641e+00 2.530312776565551758e+00 8.637939754407852888e-05 6.771545410156250000e+00 3.796409606933593750e+01 2.323873443603515625e+02 8.437112718820571899e-02 9.454353898763656616e-02 8.790794014930725098e-02 2.043371125637349905e-07 7.440366595983505249e-02 9.613949060440063477e-02 6.001644209027290344e-02 1.109050060676963767e-07 1.702442884445190430e+00 5.726590156555175781e-01 1.348250389099121094e+01 1.509512076154351234e-04 4.204898327589035034e-02 1.061397194862365723e-01 5.057925358414649963e-02 4.437085408426355571e-06 3.458506613969802856e-02 1.004557684063911438e-01 4.273261874914169312e-02 3.340550847497070208e-06 9.236476898193359375e+00 4.932379245758056641e+00 2.530312776565551758e+00 8.637939754407852888e-05
2.750000000000000000e+04 4.594035625457763672e+00 4.866591930389404297e+00 2.871243238449096680e+00 8.271609246730804443e-02 9.473570436239242554e-02 8.694351464509963989e-02 1.948656347394717159e-07 7.334055751562118530e-02 9.430722892284393311e-02 5.936991050839424133e-02 1.078760121231425728e-07 1.674827933311462402e+00 5.650551319122314453e-01 1.347622108459472656e+01 1.490082504460588098e-04 4.066256433725357056e-02 1.060241758823394775e-01 4.855721443891525269e-02 4.425964561960427091e-06 3.320941329002380371e-02 9.919721633195877075e-02 4.176967591047286987e-02 3.292752353445393965e-06 9.149743080139160156e+00 4.901311397552490234e+00 2.483758687973022461e+00 8.413641626248136163e-05 6.721705436706542969e+00 3.775606918334960938e+01 2.329298858642578125e+02 8.271609246730804443e-02 9.473570436239242554e-02 8.694351464509963989e-02 1.948656347394717159e-07 7.334055751562118530e-02 9.430722892284393311e-02 5.936991050839424133e-02 1.078760121231425728e-07 1.674827933311462402e+00 5.650551319122314453e-01 1.347622108459472656e+01 1.490082504460588098e-04 4.066256433725357056e-02 1.060241758823394775e-01 4.855721443891525269e-02 4.425964561960427091e-06 3.320941329002380371e-02 9.919721633195877075e-02 4.176967591047286987e-02 3.292752353445393965e-06 9.149743080139160156e+00 4.901311397552490234e+00 2.483758687973022461e+00 8.413641626248136163e-05
2.800000000000000000e+04 4.548886775970458984e+00 4.772961616516113281e+00 2.811347246170043945e+00 8.002866059541702271e-02 9.454224258661270142e-02 8.621773868799209595e-02 1.856295455127110472e-07 7.134122401475906372e-02 9.286151081323623657e-02 5.895657092332839966e-02 1.043464692429552088e-07 1.652436494827270508e+00 5.571138858795166016e-01 1.347309112548828125e+01 1.471686409786343575e-04 4.036441817879676819e-02 1.057357713580131531e-01 4.657871276140213013e-02 4.411353074829094112e-06 3.290401399135589600e-02 9.802588820457458496e-02 4.068288952112197876e-02 3.241311560486792587e-06 9.049942016601562500e+00 4.870407104492187500e+00 2.436770439147949219e+00 8.198089926736429334e-05 6.686827182769775391e+00 3.763068771362304688e+01 2.335508270263671875e+02 8.002866059541702271e-02 9.454224258661270142e-02 8.621773868799209595e-02 1.856295455127110472e-07 7.134122401475906372e-02 9.286151081323623657e-02 5.895657092332839966e-02 1.043464692429552088e-07 1.652436494827270508e+00 5.571138858795166016e-01 1.347309112548828125e+01 1.471686409786343575e-04 4.036441817879676819e-02 1.057357713580131531e-01 4.657871276140213013e-02 4.411353074829094112e-06 3.290401399135589600e-02 9.802588820457458496e-02 4.068288952112197876e-02 3.241311560486792587e-06 9.049942016601562500e+00 4.870407104492187500e+00 2.436770439147949219e+00 8.198089926736429334e-05
2.850000000000000000e+04 4.506845951080322266e+00 4.676085948944091797e+00 2.747222900390625000e+00 7.880668342113494873e-02 9.405903518199920654e-02 8.494879305362701416e-02 1.820195763002629974e-07 7.028534263372421265e-02 9.188261628150939941e-02 5.871780961751937866e-02 1.014557824419171084e-07 1.621443152427673340e+00 5.489823818206787109e-01 1.346786880493164062e+01 1.454408047720789909e-04 3.876728564500808716e-02 1.055512577295303345e-01 4.484485462307929993e-02 4.398654255055589601e-06 3.087476082146167755e-02 9.692066162824630737e-02 3.999729081988334656e-02 3.202130528734414838e-06 8.966056823730468750e+00 4.843188762664794922e+00 2.395342111587524414e+00 7.992979953996837139e-05 6.664708137512207031e+00 3.736235427856445312e+01 2.340849151611328125e+02 7.880668342113494873e-02 9.405903518199920654e-02 8.494879305362701416e-02 1.820195763002629974e-07 7.028534263372421265e-02 9.188261628150939941e-02 5.871780961751937866e-02 1.014557824419171084e-07 1.621443152427673340e+00 5.489823818206787109e-01 1.346786880493164062e+01 1.454408047720789909e-04 3.876728564500808716e-02 1.055512577295303345e-01 4.484485462307929993e-02 4.398654255055589601e-06 3.087476082146167755e-02 9.692066162824630737e-02 3.999729081988334656e-02 3.202130528734414838e-06 8.966056823730468750e+00 4.843188762664794922e+00 2.395342111587524414e+00 7.992979953996837139e-05
2.900000000000000000e+04 4.467951774597167969e+00 4.585433959960937500e+00 2.688595056533813477e+00 7.759822905063629150e-02 9.343560785055160522e-02 8.373692631721496582e-02 1.929259667576843640e-07 6.836396455764770508e-02 9.105591475963592529e-02 5.867929011583328247e-02 1.039217423226546089e-07 1.588876962661743164e+00 5.406970977783203125e-01 1.346212863922119141e+01 1.438263425370678306e-04 3.803578391671180725e-02 1.051754951477050781e-01 4.329176992177963257e-02 4.389899459056323394e-06 2.977287024259567261e-02 9.600494056940078735e-02 3.937532752752304077e-02 3.179397026542574167e-06 8.881923675537109375e+00 4.817033290863037109e+00 2.356211900711059570e+00 7.797894795658066869e-05 6.648786067962646484e+00 3.720330047607421875e+01 2.346091156005859375e+02 7.759822905063629150e-02 9.343560785055160522e-02 8.373692631721496582e-02 1.929259667576843640e-07 6.836396455764770508e-02 9.105591475963592529e-02 5.867929011583328247e-02 1.039217423226546089e-07 1.588876962661743164e+00 5.406970977783203125e-01 1.346212863922119141e+01 1.438263425370678306e-04 3.803578391671180725e-02 1.051754951477050781e-01 4.329176992177963257e-02 4.389899459056323394e-06 2.977287024259567261e-02 9.600494056940078735e-02 3.937532752752304077e-02 3.179397026542574167e-06 8.881923675537109375e+00 4.817033290863037109e+00 2.356211900711059570e+00 7.797894795658066869e-05
2.950000000000000000e+04 4.430108547210693359e+00 4.495622158050537109e+00 2.628901481628417969e+00 7.625902444124221802e-02 9.275306016206741333e-02 8.247691392898559570e-02 1.636929880532989046e-07 6.683438271284103394e-02 9.042900800704956055e-02 5.880996584892272949e-02 9.898678143827055464e-08 1.564294219017028809e+00 5.327621102333068848e-01 1.345794296264648438e+01 1.422696805093437433e-04 3.721613809466362000e-02 1.045359671115875244e-01 4.190897941589355469e-02 4.337828158895717934e-06 2.891373075544834137e-02 9.515918791294097900e-02 3.864694014191627502e-02 3.103417384409112856e-06 8.797383308410644531e+00 4.793452739715576172e+00 2.317384243011474609e+00 7.616317452630028129e-05 6.630790233612060547e+00 3.702951812744140625e+01 2.350287017822265625e+02 7.625902444124221802e-02 9.275306016206741333e-02 8.247691392898559570e-02 1.636929880532989046e-07 6.683438271284103394e-02 9.042900800704956055e-02 5.880996584892272949e-02 9.898678143827055464e-08 1.564294219017028809e+00 5.327621102333068848e-01 1.345794296264648438e+01 1.422696805093437433e-04 3.721613809466362000e-02 1.045359671115875244e-01 4.190897941589355469e-02 4.337828158895717934e-06 2.891373075544834137e-02 9.515918791294097900e-02 3.864694014191627502e-02 3.103417384409112856e-06 8.797383308410644531e+00 4.793452739715576172e+00 2.317384243011474609e+00 7.616317452630028129e-05
3.000000000000000000e+04 4.393455505371093750e+00 4.410424709320068359e+00 2.576317071914672852e+00 7.562526315450668335e-02 9.213749319314956665e-02 8.116926252841949463e-02 1.759198511308568413e-07 6.513784080743789673e-02 8.979582041501998901e-02 5.903879553079605103e-02 1.053425009445163596e-07 1.531741499900817871e+00 5.251790285110473633e-01 1.345256233215332031e+01 1.408378593623638153e-04 3.650174662470817566e-02 1.036202237010002136e-01 4.080993682146072388e-02 4.311559223424410447e-06 2.800463885068893433e-02 9.438753873109817505e-02 3.794651105999946594e-02 3.070281081818393432e-06 8.719241142272949219e+00 4.772633552551269531e+00 2.280701160430908203e+00 7.440907938871532679e-05 6.607172012329101562e+00 3.688914871215820312e+01 2.352404785156250000e+02 7.562526315450668335e-02 9.213749319314956665e-02 8.116926252841949463e-02 1.759198511308568413e-07 6.513784080743789673e-02 8.979582041501998901e-02 5.903879553079605103e-02 1.053425009445163596e-07 1.531741499900817871e+00 5.251790285110473633e-01 1.345256233215332031e+01 1.408378593623638153e-04 3.650174662470817566e-02 1.036202237010002136e-01 4.080993682146072388e-02 4.311559223424410447e-06 2.800463885068893433e-02 9.438753873109817505e-02 3.794651105999946594e-02 3.070281081818393432e-06 8.719241142272949219e+00 4.772633552551269531e+00 2.280701160430908203e+00 7.440907938871532679e-05
3.050000000000000000e+04 4.357154846191406250e+00 4.336617469787597656e+00 2.525593519210815430e+00 7.303155958652496338e-02 9.155192226171493530e-02 8.004923164844512939e-02 1.537893297154369066e-07 6.377959251403808594e-02 8.899948745965957642e-02 5.922242254018783569e-02 9.607830264712902135e-08 1.504784584045410156e+00 5.181923508644104004e-01 1.344834423065185547e+01 1.394426071783527732e-04 3.609108179807662964e-02 1.024150103330612183e-01 4.003556445240974426e-02 4.262987204128876328e-06 2.776898629963397980e-02 9.383071213960647583e-02 3.720800951123237610e-02 3.036799398614675738e-06 8.637276649475097656e+00 4.752849578857421875e+00 2.242533683776855469e+00 7.277525583049282432e-05 6.579816818237304688e+00 3.693151855468750000e+01 2.352151184082031250e+02 7.303155958652496338e-02 9.155192226171493530e-02 8.004923164844512939e-02 1.537893297154369066e-07 6.377959251403808594e-02 8.899948745965957642e-02 5.922242254018783569e-02 9.607830264712902135e-08 1.504784584045410156e+00 5.181923508644104004e-01 1.344834423065185547e+01 1.394426071783527732e-04 3.609108179807662964e-02 1.024150103330612183e-01 4.003556445240974426e-02 4.262987204128876328e-06 2.776898629963397980e-02 9.383071213960647583e-02 3.720800951123237610e-02 3.036799398614675738e-06 8.637276649475097656e+00 4.752849578857421875e+00 2.242533683776855469e+00 7.277525583049282432e-05
3.100000000000000000e+04 4.320734500885009766e+00 4.245373249053955078e+00 2.475036621093750000e+00 7.384574413299560547e-02 9.104518592357635498e-02 7.831908017396926880e-02 1.544086387639254099e-07 6.187101453542709351e-02 8.798562735319137573e-02 5.931668728590011597e-02 9.665150457749405177e-08 1.483229875564575195e+00 5.126031637191772461e-01 1.344488716125488281e+01 1.381360343657433987e-04 3.520982339978218079e-02 1.011492982506752014e-01 3.928394615650177002e-02 4.218635240249568596e-06 2.742120809853076935e-02 9.349606186151504517e-02 3.614560142159461975e-02 3.003990286742919125e-06 8.562435150146484375e+00 4.735027313232421875e+00 2.204581260681152344e+00 7.122232636902481318e-05 6.544916152954101562e+00 3.665453720092773438e+01 2.348963775634765625e+02 7.384574413299560547e-02 9.104518592357635498e-02 7.831908017396926880e-02 1.544086387639254099e-07 6.187101453542709351e-02 8.798562735319137573e-02 5.931668728590011597e-02 9.665150457749405177e-08 1.483229875564575195e+00 5.126031637191772461e-01 1.344488716125488281e+01 1.381360343657433987e-04 3.520982339978218079e-02 1.011492982506752014e-01 3.928394615650177002e-02 4.218635240249568596e-06 2.742120809853076935e-02 9.349606186151504517e-02 3.614560142159461975e-02 3.003990286742919125e-06 8.562435150146484375e+00 4.735027313232421875e+00 2.204581260681152344e+00 7.122232636902481318e-05
3.150000000000000000e+04 4.287033081054687500e+00 4.165536403656005859e+00 2.425085306167602539e+00 7.281885296106338501e-02 9.043428301811218262e-02 7.685675472021102905e-02 1.445191770699238987e-07 6.089517474174499512e-02 8.659306913614273071e-02 5.929327011108398438e-02 9.609507145569295972e-08 1.464103341102600098e+00 5.069288611412048340e-01 1.344175243377685547e+01 1.369082892779260874e-04 3.396847844123840332e-02 9.995116293430328369e-02 3.907389938831329346e-02 4.159288437222130597e-06 2.684288099408149719e-02 9.341596066951751709e-02 3.535372018814086914e-02 2.986950221384176984e-06 8.488219261169433594e+00 4.717354297637939453e+00 2.165698051452636719e+00 6.974744610488414764e-05 6.511620521545410156e+00 3.653107833862304688e+01 2.342865905761718750e+02 7.281885296106338501e-02 9.043428301811218262e-02 7.685675472021102905e-02 1.445191770699238987e-07 6.089517474174499512e-02 8.659306913614273071e-02 5.929327011108398438e-02 9.609507145569295972e-08 1.464103341102600098e+00 5.069288611412048340e-01 1.344175243377685547e+01 1.369082892779260874e-04 3.396847844123840332e-02 9.995116293430328369e-02 3.907389938831329346e-02 4.159288437222130597e-06 2.684288099408149719e-02 9.341596066951751709e-02 3.535372018814086914e-02 2.986950221384176984e-06 8.488219261169433594e+00 4.717354297637939453e+00 2.165698051452636719e+00 6.974744610488414764e-05
3.200000000000000000e+04 4.256745338439941406e+00 4.095186710357666016e+00 2.386275768280029297e+00 7.105809450149536133e-02 8.978818356990814209e-02 7.513445615768432617e-02 1.357184231665087282e-07 5.937578529119491577e-02 8.495312929153442383e-02 5.903562530875205994e-02 9.323673566541401669e-08 1.433712363243103027e+00 5.006747841835021973e-01 1.343733692169189453e+01 1.357455039396882057e-04 3.327330574393272400e-02 9.907267987728118896e-02 3.856814652681350708e-02 4.098953468201216310e-06 2.635538764297962189e-02 9.336510300636291504e-02 3.446157649159431458e-02 2.967326736325048842e-06 8.414529800415039062e+00 4.699236869812011719e+00 2.128153562545776367e+00 6.834431405877694488e-05 6.479731082916259766e+00 3.655418014526367188e+01 2.335290985107421875e+02 7.105809450149536133e-02 8.978818356990814209e-02 7.513445615768432617e-02 1.357184231665087282e-07 5.937578529119491577e-02 8.495312929153442383e-02 5.903562530875205994e-02 9.323673566541401669e-08 1.433712363243103027e+00 5.006747841835021973e-01 1.343733692169189453e+01 1.357455039396882057e-04 3.327330574393272400e-02 9.907267987728118896e-02 3.856814652681350708e-02 4.098953468201216310e-06 2.635538764297962189e-02 9.336510300636291504e-02 3.446157649159431458e-02 2.967326736325048842e-06 8.414529800415039062e+00 4.699236869812011719e+00 2.128153562545776367e+00 6.834431405877694488e-05
3.250000000000000000e+04 4.226253509521484375e+00 4.021348953247070312e+00 2.337168455123901367e+00 7.009320706129074097e-02 8.922187983989715576e-02 7.345886528491973877e-02 1.307528521010681288e-07 5.845514684915542603e-02 8.328319340944290161e-02 5.873534083366394043e-02 9.240253717734958627e-08 1.429282188415527344e+00 4.957610368728637695e-01 1.343741989135742188e+01 1.346271455986425281e-04 3.219123557209968567e-02 9.846132248640060425e-02 3.851033374667167664e-02 4.033952336612856016e-06 2.723468653857707977e-02 9.315045177936553955e-02 3.373270481824874878e-02 2.954689080070238560e-06 8.337241172790527344e+00 4.680953502655029297e+00 2.088605880737304688e+00 6.701376696582883596e-05 6.445628166198730469e+00 3.641012573242187500e+01 2.328998565673828125e+02 7.009320706129074097e-02 8.922187983989715576e-02 7.345886528491973877e-02 1.307528521010681288e-07 5.845514684915542603e-02 8.328319340944290161e-02 5.873534083366394043e-02 9.240253717734958627e-08 1.429282188415527344e+00 4.957610368728637695e-01 1.343741989135742188e+01 1.346271455986425281e-04 3.219123557209968567e-02 9.846132248640060425e-02 3.851033374667167664e-02 4.033952336612856016e-06 2.723468653857707977e-02 9.315045177936553955e-02 3.373270481824874878e-02 2.954689080070238560e-06 8.337241172790527344e+00 4.680953502655029297e+00 2.088605880737304688e+00 6.701376696582883596e-05
3.300000000000000000e+04 4.199159145355224609e+00 3.956411600112915039e+00 2.305208683013916016e+00 7.358952611684799194e-02 8.889394998550415039e-02 7.227778434753417969e-02 1.259088406868613674e-07 5.572027713060379028e-02 8.143226802349090576e-02 5.883058533072471619e-02 9.209330187331943307e-08 1.382006645202636719e+00 4.899780452251434326e-01 1.343082046508789062e+01 1.335725100943818688e-04 3.173748403787612915e-02 9.808035194873809814e-02 3.848198801279067993e-02 3.964722964155953377e-06 2.589596807956695557e-02 9.266343712806701660e-02 3.374373167753219604e-02 2.942815399364917539e-06 8.284792900085449219e+00 4.663150787353515625e+00 2.059375286102294922e+00 6.576388113899156451e-05 6.411709785461425781e+00 3.629869842529296875e+01 2.323505706787109375e+02 7.358952611684799194e-02 8.889394998550415039e-02 7.227778434753417969e-02 1.259088406868613674e-07 5.572027713060379028e-02 8.143226802349090576e-02 5.883058533072471619e-02 9.209330187331943307e-08 1.382006645202636719e+00 4.899780452251434326e-01 1.343082046508789062e+01 1.335725100943818688e-04 3.173748403787612915e-02 9.808035194873809814e-02 3.848198801279067993e-02 3.964722964155953377e-06 2.589596807956695557e-02 9.266343712806701660e-02 3.374373167753219604e-02 2.942815399364917539e-06 8.284792900085449219e+00 4.663150787353515625e+00 2.059375286102294922e+00 6.576388113899156451e-05
3.350000000000000000e+04 4.168975353240966797e+00 3.887095451354980469e+00 2.262864351272583008e+00 6.761819869279861450e-02 8.879140764474868774e-02 6.994602829217910767e-02 1.713812878278986318e-07 5.526326596736907959e-02 7.954136282205581665e-02 5.781364068388938904e-02 1.090773054102101014e-07 1.377672433853149414e+00 4.848086833953857422e-01 1.343121337890625000e+01 1.326174387941136956e-04 3.066933527588844299e-02 9.757485240697860718e-02 3.812894225120544434e-02 3.898890099662821740e-06 2.599163725972175598e-02 9.195253252983093262e-02 3.278483077883720398e-02 2.944780135294422507e-06 8.199346542358398438e+00 4.644350051879882812e+00 2.021349191665649414e+00 6.454813410528004169e-05 6.381301403045654297e+00 3.646636962890625000e+01 2.323247985839843750e+02 6.761819869279861450e-02 8.879140764474868774e-02 6.994602829217910767e-02 1.713812878278986318e-07 5.526326596736907959e-02 7.954136282205581665e-02 5.781364068388938904e-02 1.090773054102101014e-07 1.377672433853149414e+00 4.848086833953857422e-01 1.343121337890625000e+01 1.326174387941136956e-04 3.066933527588844299e-02 9.757485240697860718e-02 3.812894225120544434e-02 3.898890099662821740e-06 2.599163725972175598e-02 9.195253252983093262e-02 3.278483077883720398e-02 2.944780135294422507e-06 8.199346542358398438e+00 4.644350051879882812e+00 2.021349191665649414e+00 6.454813410528004169e-05
3.400000000000000000e+04 4.138957023620605469e+00 3.823615789413452148e+00 2.219773769378662109e+00 6.648805737495422363e-02 8.892758190631866455e-02 6.825035065412521362e-02 1.174881631982316321e-07 5.424622073769569397e-02 7.760942727327346802e-02 5.734267085790634155e-02 8.935037953961000312e-08 1.364149332046508789e+00 4.804066121578216553e-01 1.342903709411621094e+01 1.315928820986300707e-04 2.997215650975704193e-02 9.711898118257522583e-02 3.799815103411674500e-02 3.812871000263839960e-06 2.629878371953964233e-02 9.085648506879806519e-02 3.257143869996070862e-02 2.927823516074568033e-06 8.133152961730957031e+00 4.625213623046875000e+00 1.990863680839538574e+00 6.343101267702877522e-05 6.347609043121337891e+00 3.655807876586914062e+01 2.326444854736328125e+02 6.648805737495422363e-02 8.892758190631866455e-02 6.825035065412521362e-02 1.174881631982316321e-07 5.424622073769569397e-02 7.760942727327346802e-02 5.734267085790634155e-02 8.935037953961000312e-08 1.364149332046508789e+00 4.804066121578216553e-01 1.342903709411621094e+01 1.315928820986300707e-04 2.997215650975704193e-02 9.711898118257522583e-02 3.799815103411674500e-02 3.812871000263839960e-06 2.629878371953964233e-02 9.085648506879806519e-02 3.257143869996070862e-02 2.927823516074568033e-06 8.133152961730957031e+00 4.625213623046875000e+00 1.990863680839538574e+00 6.343101267702877522e-05
3.450000000000000000e+04 4.108062744140625000e+00 3.760432958602905273e+00 2.183796405792236328e+00 6.732391566038131714e-02 8.932568132877349854e-02 6.738652288913726807e-02 1.155170394895321806e-07 5.095142871141433716e-02 7.558204978704452515e-02 5.736196786165237427e-02 8.694627950944777695e-08 1.340613365173339844e+00 4.760381281375885010e-01 1.342515087127685547e+01 1.306592894252389669e-04 3.046436980366706848e-02 9.661893546581268311e-02 4.098210483789443970e-02 3.735816790140233934e-06 2.820827998220920563e-02 8.955582231283187866e-02 3.534526377916336060e-02 2.925550234067486599e-06 8.073009490966796875e+00 4.605884075164794922e+00 1.964260935783386230e+00 6.234041211428120732e-05 6.311243057250976562e+00 3.660459518432617188e+01 2.334784545898437500e+02 6.732391566038131714e-02 8.932568132877349854e-02 6.738652288913726807e-02 1.155170394895321806e-07 5.095142871141433716e-02 7.558204978704452515e-02 5.736196786165237427e-02 8.694627950944777695e-08 1.340613365173339844e+00 4.760381281375885010e-01 1.342515087127685547e+01 1.306592894252389669e-04 3.046436980366706848e-02 9.661893546581268311e-02 4.098210483789443970e-02 3.735816790140233934e-06 2.820827998220920563e-02 8.955582231283187866e-02 3.534526377916336060e-02 2.925550234067486599e-06 8.073009490966796875e+00 4.605884075164794922e+00 1.964260935783386230e+00 6.234041211428120732e-05
3.500000000000000000e+04 4.076869964599609375e+00 3.712091922760009766e+00 2.150628089904785156e+00 6.794653832912445068e-02 8.987592160701751709e-02 6.463175266981124878e-02 1.117115928650491696e-07 4.960572719573974609e-02 7.376247644424438477e-02 5.632361769676208496e-02 8.567764098188490607e-08 1.299240469932556152e+00 4.711085557937622070e-01 1.342095470428466797e+01 1.297662820434197783e-04 2.915612235665321350e-02 9.634339064359664917e-02 3.796909004449844360e-02 3.651853603514609858e-06 2.554897218942642212e-02 8.812072873115539551e-02 3.275591880083084106e-02 2.921856548709911294e-06 8.024970054626464844e+00 4.588693618774414062e+00 1.941105842590332031e+00 6.130400288384407759e-05 6.277642726898193359e+00 3.664346313476562500e+01 2.346034240722656250e+02 6.794653832912445068e-02 8.987592160701751709e-02 6.463175266981124878e-02 1.117115928650491696e-07 4.960572719573974609e-02 7.376247644424438477e-02 5.632361769676208496e-02 8.567764098188490607e-08 1.299240469932556152e+00 4.711085557937622070e-01 1.342095470428466797e+01 1.297662820434197783e-04 2.915612235665321350e-02 9.634339064359664917e-02 3.796909004449844360e-02 3.651853603514609858e-06 2.554897218942642212e-02 8.812072873115539551e-02 3.275591880083084106e-02 2.921856548709911294e-06 8.024970054626464844e+00 4.588693618774414062e+00 1.941105842590332031e+00 6.130400288384407759e-05
3.550000000000000000e+04 4.042712211608886719e+00 3.648741006851196289e+00 2.111025333404541016e+00 6.566306948661804199e-02 9.047591686248779297e-02 6.299404799938201904e-02 1.096105890496801294e-07 4.858554154634475708e-02 7.220811396837234497e-02 5.527747794985771179e-02 9.653721377844703966e-08 1.288303613662719727e+00 4.673385322093963623e-01 1.342132663726806641e+01 1.289031933993101120e-04 2.841462381184101105e-02 9.591421484947204590e-02 3.758947551250457764e-02 3.572022706066491082e-06 2.530567534267902374e-02 8.680799603462219238e-02 3.262913972139358521e-02 2.927512014139210805e-06 7.957493782043457031e+00 4.571451187133789062e+00 1.911579370498657227e+00 6.031203156453557312e-05 6.244946479797363281e+00 3.674366378784179688e+01 2.360812225341796875e+02 6.566306948661804199e-02 9.047591686248779297e-02 6.299404799938201904e-02 1.096105890496801294e-07 4.858554154634475708e-02 7.220811396837234497e-02 5.527747794985771179e-02 9.653721377844703966e-08 1.288303613662719727e+00 4.673385322093963623e-01 1.342132663726806641e+01 1.289031933993101120e-04 2.841462381184101105e-02 9.591421484947204590e-02 3.758947551250457764e-02 3.572022706066491082e-06 2.530567534267902374e-02 8.680799603462219238e-02 3.262913972139358521e-02 2.927512014139210805e-06 7.957493782043457031e+00 4.571451187133789062e+00 1.911579370498657227e+00 6.031203156453557312e-05
3.600000000000000000e+04 4.006202220916748047e+00 3.592290163040161133e+00 2.068925857543945312e+00 6.431977450847625732e-02 9.108192473649978638e-02 6.221698597073554993e-02 1.077728555287649215e-07 4.782652854919433594e-02 7.100149989128112793e-02 5.485833436250686646e-02 9.296432779137830948e-08 1.276649475097656250e+00 4.639339745044708252e-01 1.341997146606445312e+01 1.280630240216851234e-04 2.793679758906364441e-02 9.560975432395935059e-02 3.819550201296806335e-02 3.476245410638512112e-06 2.529007196426391602e-02 8.578610420227050781e-02 3.404621034860610962e-02 2.915078084697597660e-06 7.899837017059326172e+00 4.555983543395996094e+00 1.887157201766967773e+00 5.936404704698361456e-05 6.208875179290771484e+00 3.688674163818359375e+01 2.370064697265625000e+02 6.431977450847625732e-02 9.108192473649978638e-02 6.221698597073554993e-02 1.077728555287649215e-07 4.782652854919433594e-02 7.100149989128112793e-02 5.485833436250686646e-02 9.296432779137830948e-08 1.276649475097656250e+00 4.639339745044708252e-01 1.341997146606445312e+01 1.280630240216851234e-04 2.793679758906364441e-02 9.560975432395935059e-02 3.819550201296806335e-02 3.476245410638512112e-06 2.529007196426391602e-02 8.578610420227050781e-02 3.404621034860610962e-02 2.915078084697597660e-06 7.899837017059326172e+00 4.555983543395996094e+00 1.887157201766967773e+00 5.936404704698361456e-05
3.650000000000000000e+04 3.973613023757934570e+00 3.554015636444091797e+00 2.009568214416503906e+00 6.983412802219390869e-02 9.141682088375091553e-02 6.248946487903594971e-02 9.647563103953871178e-08 4.611340165138244629e-02 6.995218992233276367e-02 5.430110543966293335e-02 8.243429050480699516e-08 1.275866031646728516e+00 4.626930952072143555e-01 1.341832351684570312e+01 1.272566150873899460e-04 2.761679515242576599e-02 9.462042897939682007e-02 3.852388635277748108e-02 3.382800741746905260e-06 2.837719582021236420e-02 8.444971591234207153e-02 3.368760272860527039e-02 2.908118858613306656e-06 7.870967388153076172e+00 4.539433479309082031e+00 1.868650674819946289e+00 5.841330130351707339e-05 6.180464267730712891e+00 3.687501144409179688e+01 2.379291381835937500e+02 6.983412802219390869e-02 9.141682088375091553e-02 6.248946487903594971e-02 9.647563103953871178e-08 4.611340165138244629e-02 6.995218992233276367e-02 5.430110543966293335e-02 8.243429050480699516e-08 1.275866031646728516e+00 4.626930952072143555e-01 1.341832351684570312e+01 1.272566150873899460e-04 2.761679515242576599e-02 9.462042897939682007e-02 3.852388635277748108e-02 3.382800741746905260e-06 2.837719582021236420e-02 8.444971591234207153e-02 3.368760272860527039e-02 2.908118858613306656e-06 7.870967388153076172e+00 4.539433479309082031e+00 1.868650674819946289e+00 5.841330130351707339e-05
3.700000000000000000e+04 3.942618608474731445e+00 3.493386983871459961e+00 1.996556282043457031e+00 6.288703531026840210e-02 9.145864099264144897e-02 5.959136411547660828e-02 9.429433589502878021e-08 4.594635218381881714e-02 6.938011199235916138e-02 5.272761359810829163e-02 7.942178115172282560e-08 1.239657998085021973e+00 4.577004313468933105e-01 1.341580009460449219e+01 1.264734455617144704e-04 2.732109092175960541e-02 9.336800873279571533e-02 3.697264194488525391e-02 3.297120656498009339e-06 2.491868846118450165e-02 8.309143781661987305e-02 3.269255161285400391e-02 2.909943987106089480e-06 7.792984962463378906e+00 4.527104377746582031e+00 1.841560721397399902e+00 5.751640856033191085e-05 6.159946441650390625e+00 3.719796371459960938e+01 2.392931823730468750e+02 6.288703531026840210e-02 9.145864099264144897e-02 5.959136411547660828e-02 9.429433589502878021e-08 4.594635218381881714e-02 6.938011199235916138e-02 5.272761359810829163e-02 7.942178115172282560e-08 1.239657998085021973e+00 4.577004313468933105e-01 1.341580009460449219e+01 1.264734455617144704e-04 2.732109092175960541e-02 9.336800873279571533e-02 3.697264194488525391e-02 3.297120656498009339e-06 2.491868846118450165e-02 8.309143781661987305e-02 3.269255161285400391e-02 2.909943987106089480e-06 7.792984962463378906e+00 4.527104377746582031e+00 1.841560721397399902e+00 5.751640856033191085e-05
3.750000000000000000e+04 3.913246631622314453e+00 3.446693420410156250e+00 1.965341687202453613e+00 6.248563528060913086e-02 9.129369258880615234e-02 5.992293357849121094e-02 8.948079255333141191e-08 4.479361325502395630e-02 6.867764890193939209e-02 5.301332473754882812e-02 8.595161915536664310e-08 1.223911285400390625e+00 4.551335871219635010e-01 1.341422653198242188e+01 1.257188851013779640e-04 2.704460918903350830e-02 9.178190678358078003e-02 3.855980932712554932e-02 3.213924401279655285e-06 2.480866201221942902e-02 8.173407614231109619e-02 3.535994887351989746e-02 2.906795543822227046e-06 7.743006229400634766e+00 4.513817787170410156e+00 1.822445869445800781e+00 5.665359276463277638e-05 6.136807918548583984e+00 3.735221862792968750e+01 2.405251007080078125e+02 6.248563528060913086e-02 9.129369258880615234e-02 5.992293357849121094e-02 8.948079255333141191e-08 4.479361325502395630e-02 6.867764890193939209e-02 5.301332473754882812e-02 8.595161915536664310e-08 1.223911285400390625e+00 4.551335871219635010e-01 1.341422653198242188e+01 1.257188851013779640e-04 2.704460918903350830e-02 9.178190678358078003e-02 3.855980932712554932e-02 3.213924401279655285e-06 2.480866201221942902e-02 8.173407614231109619e-02 3.535994887351989746e-02 2.906795543822227046e-06 7.743006229400634766e+00 4.513817787170410156e+00 1.822445869445800781e+00 5.665359276463277638e-05
3.800000000000000000e+04 3.886555910110473633e+00 3.408507585525512695e+00 1.931682705879211426e+00 6.760209798812866211e-02 9.107422828674316406e-02 5.959990993142127991e-02 8.377990923236211529e-08 4.357621073722839355e-02 6.816160678863525391e-02 5.242577940225601196e-02 7.722577777258265996e-08 1.193386912345886230e+00 4.530968964099884033e-01 1.340906143188476562e+01 1.249887718586251140e-04 2.727544680237770081e-02 9.012031555175781250e-02 3.686269745230674744e-02 3.119874918411369435e-06 2.485810592770576477e-02 8.049935847520828247e-02 3.336310014128684998e-02 2.898530283346190117e-06 7.721345424652099609e+00 4.501876831054687500e+00 1.807854175567626953e+00 5.580770084634423256e-05 6.113135814666748047e+00 3.737862777709960938e+01 2.416231384277343750e+02 6.760209798812866211e-02 9.107422828674316406e-02 5.959990993142127991e-02 8.377990923236211529e-08 4.357621073722839355e-02 6.816160678863525391e-02 5.242577940225601196e-02 7.722577777258265996e-08 1.193386912345886230e+00 4.530968964099884033e-01 1.340906143188476562e+01 1.249887718586251140e-04 2.727544680237770081e-02 9.012031555175781250e-02 3.686269745230674744e-02 3.119874918411369435e-06 2.485810592770576477e-02 8.049935847520828247e-02 3.336310014128684998e-02 2.898530283346190117e-06 7.721345424652099609e+00 4.501876831054687500e+00 1.807854175567626953e+00 5.580770084634423256e-05
3.850000000000000000e+04 3.857424497604370117e+00 3.367485523223876953e+00 1.900740146636962891e+00 6.056660413742065430e-02 9.071438014507293701e-02 5.886484682559967041e-02 8.056038325321424054e-08 4.515348374843597412e-02 6.780876219272613525e-02 5.135178565979003906e-02 7.764771225993172266e-08 1.206794381141662598e+00 4.507368505001068115e-01 1.341309547424316406e+01 1.242732396349310875e-04 2.647136896848678589e-02 8.839854598045349121e-02 3.654817491769790649e-02 3.038721843040548265e-06 2.496016211807727814e-02 7.959446310997009277e-02 3.229818865656852722e-02 2.895479155995417386e-06 7.639865875244140625e+00 4.490574836730957031e+00 1.779509067535400391e+00 5.497906749951653183e-05 6.091583251953125000e+00 3.768725585937500000e+01 2.431436157226562500e+02 6.056660413742065430e-02 9.071438014507293701e-02 5.886484682559967041e-02 8.056038325321424054e-08 4.515348374843597412e-02 6.780876219272613525e-02 5.135178565979003906e-02 7.764771225993172266e-08 1.206794381141662598e+00 4.507368505001068115e-01 1.341309547424316406e+01 1.242732396349310875e-04 2.647136896848678589e-02 8.839854598045349121e-02 3.654817491769790649e-02 3.038721843040548265e-06 2.496016211807727814e-02 7.959446310997009277e-02 3.229818865656852722e-02 2.895479155995417386e-06 7.639865875244140625e+00 4.490574836730957031e+00 1.779509067535400391e+00 5.497906749951653183e-05
3.900000000000000000e+04 3.832602024078369141e+00 3.317346811294555664e+00 1.873843073844909668e+00 6.146137043833732605e-02 9.032995253801345825e-02 5.739235132932662964e-02 9.286912927564117126e-08 4.271207749843597412e-02 6.736301630735397339e-02 5.028672516345977783e-02 8.016088060003312421e-08 1.181948184967041016e+00 4.488211274147033691e-01 1.340626144409179688e+01 1.235997333424165845e-04 2.621725946664810181e-02 8.678822219371795654e-02 3.623400256037712097e-02 2.958110599138308316e-06 2.441837452352046967e-02 7.876745611429214478e-02 3.226626291871070862e-02 2.894290901167551056e-06 7.606947422027587891e+00 4.479398250579833984e+00 1.764424920082092285e+00 5.416395288193598390e-05 6.066691875457763672e+00 3.772552490234375000e+01 2.443470611572265625e+02 6.146137043833732605e-02 9.032995253801345825e-02 5.739235132932662964e-02 9.286912927564117126e-08 4.271207749843597412e-02 6.736301630735397339e-02 5.028672516345977783e-02 8.016088060003312421e-08 1.181948184967041016e+00 4.488211274147033691e-01 1.340626144409179688e+01 1.235997333424165845e-04 2.621725946664810181e-02 8.678822219371795654e-02 3.623400256037712097e-02 2.958110599138308316e-06 2.441837452352046967e-02 7.876745611429214478e-02 3.226626291871070862e-02 2.894290901167551056e-06 7.606947422027587891e+00 4.479398250579833984e+00 1.764424920082092285e+00 5.416395288193598390e-05
3.950000000000000000e+04 3.807971954345703125e+00 3.282243728637695312e+00 1.850600838661193848e+00 6.115376576781272888e-02 8.996111154556274414e-02 5.715757235884666443e-02 7.604863583310361719e-08 4.257102310657501221e-02 6.706326454877853394e-02 4.976446926593780518e-02 7.072848262623665505e-08 1.164222717285156250e+00 4.466669559478759766e-01 1.340424442291259766e+01 1.229019253514707088e-04 2.600298821926116943e-02 8.525572717189788818e-02 3.619011864066123962e-02 2.881197133319801651e-06 2.418379858136177063e-02 7.817491143941879272e-02 3.202362358570098877e-02 2.896065097957034595e-06 7.562294483184814453e+00 4.469196319580078125e+00 1.746701598167419434e+00 5.338878690963611007e-05 6.040469169616699219e+00 3.779430007934570312e+01 2.456566925048828125e+02 6.115376576781272888e-02 8.996111154556274414e-02 5.715757235884666443e-02 7.604863583310361719e-08 4.257102310657501221e-02 6.706326454877853394e-02 4.976446926593780518e-02 7.072848262623665505e-08 1.164222717285156250e+00 4.466669559478759766e-01 1.340424442291259766e+01 1.229019253514707088e-04 2.600298821926116943e-02 8.525572717189788818e-02 3.619011864066123962e-02 2.881197133319801651e-06 2.418379858136177063e-02 7.817491143941879272e-02 3.202362358570098877e-02 2.896065097957034595e-06 7.562294483184814453e+00 4.469196319580078125e+00 1.746701598167419434e+00 5.338878690963611007e-05
4.000000000000000000e+04 3.783849477767944336e+00 3.242665290832519531e+00 1.820622801780700684e+00 6.125722080469131470e-02 8.950338512659072876e-02 5.692868679761886597e-02 6.952254238967725541e-08 4.112702235579490662e-02 6.665660440921783447e-02 4.931731149554252625e-02 7.063400175866263453e-08 1.159660696983337402e+00 4.456062316894531250e-01 1.340200901031494141e+01 1.222415303345769644e-04 2.588962018489837646e-02 8.379227668046951294e-02 3.603773936629295349e-02 2.800440597638953477e-06 2.466216310858726501e-02 7.758928090333938599e-02 3.189871460199356079e-02 2.885232106564217247e-06 7.520180702209472656e+00 4.457141876220703125e+00 1.730494022369384766e+00 5.262548074824735522e-05 6.011638164520263672e+00 3.790770339965820312e+01 2.469857482910156250e+02 6.125722080469131470e-02 8.950338512659072876e-02 5.692868679761886597e-02 6.952254238967725541e-08 4.112702235579490662e-02 6.665660440921783447e-02 4.931731149554252625e-02 7.063400175866263453e-08 1.159660696983337402e+00 4.456062316894531250e-01 1.340200901031494141e+01 1.222415303345769644e-04 2.588962018489837646e-02 8.379227668046951294e-02 3.603773936629295349e-02 2.800440597638953477e-06 2.466216310858726501e-02 7.758928090333938599e-02 3.189871460199356079e-02 2.885232106564217247e-06 7.520180702209472656e+00 4.457141876220703125e+00 1.730494022369384766e+00 5.262548074824735522e-05
4.050000000000000000e+04 3.759905338287353516e+00 3.210518598556518555e+00 1.799141049385070801e+00 6.168244779109954834e-02 8.909277617931365967e-02 5.665644630789756775e-02 9.710144865948677761e-08 4.012010619044303894e-02 6.632818281650543213e-02 4.879011213779449463e-02 8.025327957739136764e-08 1.146184206008911133e+00 4.440298676490783691e-01 1.340034103393554688e+01 1.216422388097271323e-04 2.640877105295658112e-02 8.245243877172470093e-02 3.593336790800094604e-02 2.734546114879776724e-06 2.492720261216163635e-02 7.713310420513153076e-02 3.151752799749374390e-02 2.885501771743292920e-06 7.476488113403320312e+00 4.445988655090332031e+00 1.714198708534240723e+00 5.186200723983347416e-05 5.980785369873046875e+00 3.796388626098632812e+01 2.483980712890625000e+02 6.168244779109954834e-02 8.909277617931365967e-02 5.665644630789756775e-02 9.710144865948677761e-08 4.012010619044303894e-02 6.632818281650543213e-02 4.879011213779449463e-02 8.025327957739136764e-08 1.146184206008911133e+00 4.440298676490783691e-01 1.340034103393554688e+01 1.216422388097271323e-04 2.640877105295658112e-02 8.245243877172470093e-02 3.593336790800094604e-02 2.734546114879776724e-06 2.492720261216163635e-02 7.713310420513153076e-02 3.151752799749374390e-02 2.885501771743292920e-06 7.476488113403320312e+00 4.445988655090332031e+00 1.714198708534240723e+00 5.186200723983347416e-05
4.100000000000000000e+04 3.737114667892456055e+00 3.180005550384521484e+00 1.771768450736999512e+00 6.458824127912521362e-02 8.865296095609664917e-02 5.741340667009353638e-02 6.530328278131491970e-08 3.983652219176292419e-02 6.600278615951538086e-02 4.887238144874572754e-02 6.700795296410433366e-08 1.123939394950866699e+00 4.424064755439758301e-01 1.339684581756591797e+01 1.209911424666643143e-04 2.525662630796432495e-02 8.128362894058227539e-02 3.616231679916381836e-02 2.661976850504288450e-06 2.360061183571815491e-02 7.676326483488082886e-02 3.181504085659980774e-02 2.878357918234542012e-06 7.453933238983154297e+00 4.435784816741943359e+00 1.703018069267272949e+00 5.114706436870619655e-05 5.949512958526611328e+00 3.795072937011718750e+01 2.497177886962890625e+02 6.458824127912521362e-02 8.865296095609664917e-02 5.741340667009353638e-02 6.530328278131491970e-08 3.983652219176292419e-02 6.600278615951538086e-02 4.887238144874572754e-02 6.700795296410433366e-08 1.123939394950866699e+00 4.424064755439758301e-01 1.339684581756591797e+01 1.209911424666643143e-04 2.525662630796432495e-02 8.128362894058227539e-02 3.616231679916381836e-02 2.661976850504288450e-06 2.360061183571815491e-02 7.676326483488082886e-02 3.181504085659980774e-02 2.878357918234542012e-06 7.453933238983154297e+00 4.435784816741943359e+00 1.703018069267272949e+00 5.114706436870619655e-05
4.150000000000000000e+04 3.713158369064331055e+00 3.144247293472290039e+00 1.746704578399658203e+00 6.143592298030853271e-02 8.807715773582458496e-02 5.630332604050636292e-02 1.324408742675586836e-07 3.968736156821250916e-02 6.569972634315490723e-02 4.797063767910003662e-02 1.002943008643342182e-07 1.122264742851257324e+00 4.405917227268218994e-01 1.339618587493896484e+01 1.204339059768244624e-04 2.475752495229244232e-02 8.035513758659362793e-02 3.586658835411071777e-02 2.603129360068123788e-06 2.337926812469959259e-02 7.640963047742843628e-02 3.115233406424522400e-02 2.891665417337208055e-06 7.400198936462402344e+00 4.425527572631835938e+00 1.685228109359741211e+00 5.048547609476372600e-05 5.918384552001953125e+00 3.807743072509765625e+01 2.514200744628906250e+02 6.143592298030853271e-02 8.807715773582458496e-02 5.630332604050636292e-02 1.324408742675586836e-07 3.968736156821250916e-02 6.569972634315490723e-02 4.797063767910003662e-02 1.002943008643342182e-07 1.122264742851257324e+00 4.405917227268218994e-01 1.339618587493896484e+01 1.204339059768244624e-04 2.475752495229244232e-02 8.035513758659362793e-02 3.586658835411071777e-02 2.603129360068123788e-06 2.337926812469959259e-02 7.640963047742843628e-02 3.115233406424522400e-02 2.891665417337208055e-06 7.400198936462402344e+00 4.425527572631835938e+00 1.685228109359741211e+00 5.048547609476372600e-05
4.200000000000000000e+04 3.691455602645874023e+00 3.113808631896972656e+00 1.722271561622619629e+00 6.200917810201644897e-02 8.748793601989746094e-02 5.628648772835731506e-02 5.950322545800190710e-08 3.879883140325546265e-02 6.512698531150817871e-02 4.765513539314270020e-02 6.485917225518278428e-08 1.111890196800231934e+00 4.388127923011779785e-01 1.339442634582519531e+01 1.197819219669327140e-04 2.464949153363704681e-02 7.947304844856262207e-02 3.601586073637008667e-02 2.534555051170173101e-06 2.345401979982852936e-02 7.608322054147720337e-02 3.126218169927597046e-02 2.873033736250363290e-06 7.362527370452880859e+00 4.414921760559082031e+00 1.671706676483154297e+00 4.975266710971482098e-05 5.887933731079101562e+00 3.814353942871093750e+01 2.530789184570312500e+02 6.200917810201644897e-02 8.748793601989746094e-02 5.628648772835731506e-02 5.950322545800190710e-08 3.879883140325546265e-02 6.512698531150817871e-02 4.765513539314270020e-02 6.485917225518278428e-08 1.111890196800231934e+00 4.388127923011779785e-01 1.339442634582519531e+01 1.197819219669327140e-04 2.464949153363704681e-02 7.947304844856262207e-02 3.601586073637008667e-02 2.534555051170173101e-06 2.345401979982852936e-02 7.608322054147720337e-02 3.126218169927597046e-02 2.873033736250363290e-06 7.362527370452880859e+00 4.414921760559082031e+00 1.671706676483154297e+00 4.975266710971482098e-05
4.250000000000000000e+04 3.671747684478759766e+00 3.084131002426147461e+00 1.693374633789062500e+00 6.303641945123672485e-02 8.684045821428298950e-02 5.684029683470726013e-02 5.552521642471219820e-08 3.844689577817916870e-02 6.457288563251495361e-02 4.758407920598983765e-02 6.454970247204983025e-08 1.097520947456359863e+00 4.368852078914642334e-01 1.339225578308105469e+01 1.192093623103573918e-04 2.453544363379478455e-02 7.879003137350082397e-02 3.575366362929344177e-02 2.478089072610600851e-06 2.304540760815143585e-02 7.572855800390243530e-02 3.133695945143699646e-02 2.869950094464002177e-06 7.336167812347412109e+00 4.405178546905517578e+00 1.661291599273681641e+00 4.907453330815769732e-05 5.860787391662597656e+00 3.823036575317382812e+01 2.547064666748046875e+02 6.303641945123672485e-02 8.684045821428298950e-02 5.684029683470726013e-02 5.552521642471219820e-08 3.844689577817916870e-02 6.457288563251495361e-02 4.758407920598983765e-02 6.454970247204983025e-08 1.097520947456359863e+00 4.368852078914642334e-01 1.339225578308105469e+01 1.192093623103573918e-04 2.453544363379478455e-02 7.879003137350082397e-02 3.575366362929344177e-02 2.478089072610600851e-06 2.304540760815143585e-02 7.572855800390243530e-02 3.133695945143699646e-02 2.869950094464002177e-06 7.336167812347412109e+00 4.405178546905517578e+00 1.661291599273681641e+00 4.907453330815769732e-05
4.300000000000000000e+04 3.652328729629516602e+00 3.065422296524047852e+00 1.674127578735351562e+00 5.988044291734695435e-02 8.618213981389999390e-02 5.752891302108764648e-02 1.587004447856088518e-07 3.970165550708770752e-02 6.405391544103622437e-02 4.767986014485359192e-02 9.420206481536297360e-08 1.099077939987182617e+00 4.341064691543579102e-01 1.339619827270507812e+01 1.187201924039982259e-04 2.426096983253955841e-02 7.811744511127471924e-02 3.661609068512916565e-02 2.473319455020828173e-06 2.314200252294540405e-02 7.547974586486816406e-02 3.140532970428466797e-02 2.878561872421414591e-06 7.272582530975341797e+00 4.396332740783691406e+00 1.640951395034790039e+00 4.840489418711513281e-05 5.836689949035644531e+00 3.839184570312500000e+01 2.566142272949218750e+02 5.988044291734695435e-02 8.618213981389999390e-02 5.752891302108764648e-02 1.587004447856088518e-07 3.970165550708770752e-02 6.405391544103622437e-02 4.767986014485359192e-02 9.420206481536297360e-08 1.099077939987182617e+00 4.341064691543579102e-01 1.339619827270507812e+01 1.187201924039982259e-04 2.426096983253955841e-02 7.811744511127471924e-02 3.661609068512916565e-02 2.473319455020828173e-06 2.314200252294540405e-02 7.547974586486816406e-02 3.140532970428466797e-02 2.878561872421414591e-06 7.272582530975341797e+00 4.396332740783691406e+00 1.640951395034790039e+00 4.840489418711513281e-05
4.350000000000000000e+04 3.635107040405273438e+00 3.048482179641723633e+00 1.648373126983642578e+00 6.002258881926536560e-02 8.545581251382827759e-02 5.733826756477355957e-02 5.086036480861366726e-08 4.083379730582237244e-02 6.342380493879318237e-02 4.716733843088150024e-02 5.947786263504895032e-08 1.100164175033569336e+00 4.320922493934631348e-01 1.339569282531738281e+01 1.180920953629538417e-04 2.425500005483627319e-02 7.762157917022705078e-02 3.483996540307998657e-02 2.371148866586736403e-06 2.399236895143985748e-02 7.507697492837905884e-02 3.027809783816337585e-02 2.865068609025911428e-06 7.228899478912353516e+00 4.385999679565429688e+00 1.628337144851684570e+00 4.778073707711882889e-05 5.815714359283447266e+00 3.852989959716796875e+01 2.582781066894531250e+02 6.002258881926536560e-02 8.545581251382827759e-02 5.733826756477355957e-02 5.086036480861366726e-08 4.083379730582237244e-02 6.342380493879318237e-02 4.716733843088150024e-02 5.947786263504895032e-08 1.100164175033569336e+00 4.320922493934631348e-01 1.339569282531738281e+01 1.180920953629538417e-04 2.425500005483627319e-02 7.762157917022705078e-02 3.483996540307998657e-02 2.371148866586736403e-06 2.399236895143985748e-02 7.507697492837905884e-02 3.027809783816337585e-02 2.865068609025911428e-06 7.228899478912353516e+00 4.385999679565429688e+00 1.628337144851684570e+00 4.778073707711882889e-05
4.400000000000000000e+04 3.620342016220092773e+00 3.003405332565307617e+00 1.628354549407958984e+00 6.127256527543067932e-02 8.488309383392333984e-02 5.518465861678123474e-02 5.174233308480324922e-08 3.758981451392173767e-02 6.290797889232635498e-02 4.562582075595855713e-02 6.612413727680177544e-08 1.073409676551818848e+00 4.296225011348724365e-01 1.338818931579589844e+01 1.175472134491428733e-04 2.377606183290481567e-02 7.715840637683868408e-02 3.443085029721260071e-02 2.331338237127056345e-06 2.251458168029785156e-02 7.467617094516754150e-02 2.995788678526878357e-02 2.872681079679750837e-06 7.209095001220703125e+00 4.377126216888427734e+00 1.619552135467529297e+00 4.716153489425778389e-05 5.797560691833496094e+00 3.837971878051757812e+01 2.596736145019531250e+02 6.127256527543067932e-02 8.488309383392333984e-02 5.518465861678123474e-02 5.174233308480324922e-08 3.758981451392173767e-02 6.290797889232635498e-02 4.562582075595855713e-02 6.612413727680177544e-08 1.073409676551818848e+00 4.296225011348724365e-01 1.338818931579589844e+01 1.175472134491428733e-04 2.377606183290481567e-02 7.715840637683868408e-02 3.443085029721260071e-02 2.331338237127056345e-06 2.251458168029785156e-02 7.467617094516754150e-02 2.995788678526878357e-02 2.872681079679750837e-06 7.209095001220703125e+00 4.377126216888427734e+00 1.619552135467529297e+00 4.716153489425778389e-05
4.450000000000000000e+04 3.605899572372436523e+00 2.978631496429443359e+00 1.607976078987121582e+00 6.146155670285224915e-02 8.429399132728576660e-02 5.499381572008132935e-02 4.705586675868289603e-08 3.710824623703956604e-02 6.242682039737701416e-02 4.515807703137397766e-02 5.814649028934582020e-08 1.066706418991088867e+00 4.271706342697143555e-01 1.338725280761718750e+01 1.170223913504742086e-04 2.352770790457725525e-02 7.673487812280654907e-02 3.418315574526786804e-02 2.276943405377096497e-06 2.251332998275756836e-02 7.432636618614196777e-02 2.973077446222305298e-02 2.860561835404951125e-06 7.170004367828369141e+00 4.367709636688232422e+00 1.606971025466918945e+00 4.655771044781431556e-05 5.782402992248535156e+00 3.836926651000976562e+01 2.611015319824218750e+02 6.146155670285224915e-02 8.429399132728576660e-02 5.499381572008132935e-02 4.705586675868289603e-08 3.710824623703956604e-02 6.242682039737701416e-02 4.515807703137397766e-02 5.814649028934582020e-08 1.066706418991088867e+00 4.271706342697143555e-01 1.338725280761718750e+01 1.170223913504742086e-04 2.352770790457725525e-02 7.673487812280654907e-02 3.418315574526786804e-02 2.276943405377096497e-06 2.251332998275756836e-02 7.432636618614196777e-02 2.973077446222305298e-02 2.860561835404951125e-06 7.170004367828369141e+00 4.367709636688232422e+00 1.606971025466918945e+00 4.655771044781431556e-05
4.500000000000000000e+04 3.592770814895629883e+00 2.952322006225585938e+00 1.586148500442504883e+00 6.132717430591583252e-02 8.375751972198486328e-02 5.478525534272193909e-02 5.813361525497384719e-08 3.668661415576934814e-02 6.196647509932518005e-02 4.470365494489669800e-02 6.355308812544535613e-08 1.061230659484863281e+00 4.246948957443237305e-01 1.338541126251220703e+01 1.165063367807306349e-04 2.389866672456264496e-02 7.636156678199768066e-02 3.391492739319801331e-02 2.235181682408438064e-06 2.326644770801067352e-02 7.398838549852371216e-02 2.950688451528549194e-02 2.862746441678609699e-06 7.134594917297363281e+00 4.357767581939697266e+00 1.595098733901977539e+00 4.597895167535170913e-05 5.769922256469726562e+00 3.846162033081054688e+01 2.623824462890625000e+02 6.132717430591583252e-02 8.375751972198486328e-02 5.478525534272193909e-02 5.813361525497384719e-08 3.668661415576934814e-02 6.196647509932518005e-02 4.470365494489669800e-02 6.355308812544535613e-08 1.061230659484863281e+00 4.246948957443237305e-01 1.338541126251220703e+01 1.165063367807306349e-04 2.389866672456264496e-02 7.636156678199768066e-02 3.391492739319801331e-02 2.235181682408438064e-06 2.326644770801067352e-02 7.398838549852371216e-02 2.950688451528549194e-02 2.862746441678609699e-06 7.134594917297363281e+00 4.357767581939697266e+00 1.595098733901977539e+00 4.597895167535170913e-05
4.550000000000000000e+04 3.579717159271240234e+00 2.956413745880126953e+00 1.563437700271606445e+00 6.083544343709945679e-02 8.317497372627258301e-02 5.774457752704620361e-02 4.397979225245762791e-08 4.138477891683578491e-02 6.161952391266822815e-02 4.611632227897644043e-02 5.657706481088098371e-08 1.075955510139465332e+00 4.219439029693603516e-01 1.339355373382568359e+01 1.159855746664106846e-04 2.349826693534851074e-02 7.603063434362411499e-02 3.406516835093498230e-02 2.194254648202331737e-06 2.468383871018886566e-02 7.374834269285202026e-02 2.932919375598430634e-02 2.857537765521556139e-06 7.077536106109619141e+00 4.349097728729248047e+00 1.578943014144897461e+00 4.539169458439573646e-05 5.759694576263427734e+00 3.862009811401367188e+01 2.636855773925781250e+02 6.083544343709945679e-02 8.317497372627258301e-02 5.774457752704620361e-02 4.397979225245762791e-08 4.138477891683578491e-02 6.161952391266822815e-02 4.611632227897644043e-02 5.657706481088098371e-08 1.075955510139465332e+00 4.219439029693603516e-01 1.339355373382568359e+01 1.159855746664106846e-04 2.349826693534851074e-02 7.603063434362411499e-02 3.406516835093498230e-02 2.194254648202331737e-06 2.468383871018886566e-02 7.374834269285202026e-02 2.932919375598430634e-02 2.857537765521556139e-06 7.077536106109619141e+00 4.349097728729248047e+00 1.578943014144897461e+00 4.539169458439573646e-05
4.600000000000000000e+04 3.569432973861694336e+00 2.904456853866577148e+00 1.549013733863830566e+00 6.159945577383041382e-02 8.280979096889495850e-02 5.434522405266761780e-02 6.046109746193906176e-08 3.652106225490570068e-02 6.120432913303375244e-02 4.384765028953552246e-02 6.283420361796743236e-08 1.039774417877197266e+00 4.189285635948181152e-01 1.338148117065429688e+01 1.154839410446584225e-04 2.287586033344268799e-02 7.576618343591690063e-02 3.356899321079254150e-02 2.157062453989055939e-06 2.210279554128646851e-02 7.338126003742218018e-02 2.918701805174350739e-02 2.858570042008068413e-06 7.068581581115722656e+00 4.340501308441162109e+00 1.572942614555358887e+00 4.484750752453692257e-05 5.750665187835693359e+00 3.843314361572265625e+01 2.644660034179687500e+02 6.159945577383041382e-02 8.280979096889495850e-02 5.434522405266761780e-02 6.046109746193906176e-08 3.652106225490570068e-02 6.120432913303375244e-02 4.384765028953552246e-02 6.283420361796743236e-08 1.039774417877197266e+00 4.189285635948181152e-01 1.338148117065429688e+01 1.154839410446584225e-04 2.287586033344268799e-02 7.576618343591690063e-02 3.356899321079254150e-02 2.157062453989055939e-06 2.210279554128646851e-02 7.338126003742218018e-02 2.918701805174350739e-02 2.858570042008068413e-06 7.068581581115722656e+00 4.340501308441162109e+00 1.572942614555358887e+00 4.484750752453692257e-05
4.650000000000000000e+04 3.558020114898681641e+00 2.894661188125610352e+00 1.533932209014892578e+00 6.034053117036819458e-02 8.238252997398376465e-02 5.500073730945587158e-02 4.119116070455675072e-08 3.792510554194450378e-02 6.091222167015075684e-02 4.398025944828987122e-02 5.357231103175763565e-08 1.039806723594665527e+00 4.159168899059295654e-01 1.338448619842529297e+01 1.149775926023721695e-04 2.263059094548225403e-02 7.552904635667800903e-02 3.348784521222114563e-02 2.118976226483937353e-06 2.235617488622665405e-02 7.312157750129699707e-02 2.875628136098384857e-02 2.853964360838290304e-06 7.020013809204101562e+00 4.332208156585693359e+00 1.558402657508850098e+00 4.428594547789543867e-05 5.743049144744873047e+00 3.850485992431640625e+01 2.654791259765625000e+02 6.034053117036819458e-02 8.238252997398376465e-02 5.500073730945587158e-02 4.119116070455675072e-08 3.792510554194450378e-02 6.091222167015075684e-02 4.398025944828987122e-02 5.357231103175763565e-08 1.039806723594665527e+00 4.159168899059295654e-01 1.338448619842529297e+01 1.149775926023721695e-04 2.263059094548225403e-02 7.552904635667800903e-02 3.348784521222114563e-02 2.118976226483937353e-06 2.235617488622665405e-02 7.312157750129699707e-02 2.875628136098384857e-02 2.853964360838290304e-06 7.020013809204101562e+00 4.332208156585693359e+00 1.558402657508850098e+00 4.428594547789543867e-05
4.700000000000000000e+04 3.548592567443847656e+00 2.856960535049438477e+00 1.512865781784057617e+00 6.146083027124404907e-02 8.208362758159637451e-02 5.372844636440277100e-02 3.998042430453097040e-08 3.606509789824485779e-02 6.047574430704116821e-02 4.307788237929344177e-02 5.200357833246016526e-08 1.028041720390319824e+00 4.135942757129669189e-01 1.337841987609863281e+01 1.144875932368449867e-04 2.239586971700191498e-02 7.524359226226806641e-02 3.293135017156600952e-02 2.085574124066624790e-06 2.221249975264072418e-02 7.279188930988311768e-02 2.856766618788242340e-02 2.852556008292594925e-06 7.002354145050048828e+00 4.322549343109130859e+00 1.551014661788940430e+00 4.375642311060801148e-05 5.736555576324462891e+00 3.845883178710937500e+01 2.661066284179687500e+02 6.146083027124404907e-02 8.208362758159637451e-02 5.372844636440277100e-02 3.998042430453097040e-08 3.606509789824485779e-02 6.047574430704116821e-02 4.307788237929344177e-02 5.200357833246016526e-08 1.028041720390319824e+00 4.135942757129669189e-01 1.337841987609863281e+01 1.144875932368449867e-04 2.239586971700191498e-02 7.524359226226806641e-02 3.293135017156600952e-02 2.085574124066624790e-06 2.221249975264072418e-02 7.279188930988311768e-02 2.856766618788242340e-02 2.852556008292594925e-06 7.002354145050048828e+00 4.322549343109130859e+00 1.551014661788940430e+00 4.375642311060801148e-05
4.750000000000000000e+04 3.538738012313842773e+00 2.836338520050048828e+00 1.498327970504760742e+00 6.081103906035423279e-02 8.177676796913146973e-02 5.339752510190010071e-02 3.877786980410746764e-08 3.621714562177658081e-02 6.015181541442871094e-02 4.271000251173973083e-02 5.121270163499502814e-08 1.021345376968383789e+00 4.107466042041778564e-01 1.337746810913085938e+01 1.140075473813340068e-04 2.216341160237789154e-02 7.502700388431549072e-02 3.267369791865348816e-02 2.053780463029397652e-06 2.216047793626785278e-02 7.252129912376403809e-02 2.821158803999423981e-02 2.851110821211477742e-06 6.966723918914794922e+00 4.313978195190429688e+00 1.539760231971740723e+00 4.325042391428723931e-05 5.731332778930664062e+00 3.849528884887695312e+01 2.668115539550781250e+02 6.081103906035423279e-02 8.177676796913146973e-02 5.339752510190010071e-02 3.877786980410746764e-08 3.621714562177658081e-02 6.015181541442871094e-02 4.271000251173973083e-02 5.121270163499502814e-08 1.021345376968383789e+00 4.107466042041778564e-01 1.337746810913085938e+01 1.140075473813340068e-04 2.216341160237789154e-02 7.502700388431549072e-02 3.267369791865348816e-02 2.053780463029397652e-06 2.216047793626785278e-02 7.252129912376403809e-02 2.821158803999423981e-02 2.851110821211477742e-06 6.966723918914794922e+00 4.313978195190429688e+00 1.539760231971740723e+00 4.325042391428723931e-05
4.800000000000000000e+04 3.529116392135620117e+00 2.816082239151000977e+00 1.484015464782714844e+00 6.041632592678070068e-02 8.151371031999588013e-02 5.315313488245010376e-02 3.796415626311500091e-08 3.633535653352737427e-02 5.982368439435958862e-02 4.243385419249534607e-02 5.031353822460005176e-08 1.017335414886474609e+00 4.080638885498046875e-01 1.337696933746337891e+01 1.135312413680367172e-04 2.189381234347820282e-02 7.480070739984512329e-02 3.238378837704658508e-02 2.024057039307081141e-06 2.224937826395034790e-02 7.226994633674621582e-02 2.788035944104194641e-02 2.849654720193939283e-06 6.930819034576416016e+00 4.305387020111083984e+00 1.528972625732421875e+00 4.275422543287277222e-05 5.727062702178955078e+00 3.850491714477539062e+01 2.674476318359375000e+02 6.041632592678070068e-02 8.151371031999588013e-02 5.315313488245010376e-02 3.796415626311500091e-08 3.633535653352737427e-02 5.982368439435958862e-02 4.243385419249534607e-02 5.031353822460005176e-08 1.017335414886474609e+00 4.080638885498046875e-01 1.337696933746337891e+01 1.135312413680367172e-04 2.189381234347820282e-02 7.480070739984512329e-02 3.238378837704658508e-02 2.024057039307081141e-06 2.224937826395034790e-02 7.226994633674621582e-02 2.788035944104194641e-02 2.849654720193939283e-06 6.930819034576416016e+00 4.305387020111083984e+00 1.528972625732421875e+00 4.275422543287277222e-05
4.850000000000000000e+04 3.520327091217041016e+00 2.791036844253540039e+00 1.468895316123962402e+00 6.067615374922752380e-02 8.132655173540115356e-02 5.261451005935668945e-02 3.673609327847771056e-08 3.585402294993400574e-02 5.950314924120903015e-02 4.197867214679718018e-02 4.963559874227030377e-08 1.007437586784362793e+00 4.054997563362121582e-01 1.337431812286376953e+01 1.130597593146376312e-04 2.171596139669418335e-02 7.459513843059539795e-02 3.212828934192657471e-02 1.995538923438289203e-06 2.216879278421401978e-02 7.202669233083724976e-02 2.759964950382709503e-02 2.848334816007991321e-06 6.905953884124755859e+00 4.296788692474365234e+00 1.520293712615966797e+00 4.227502358844503760e-05 5.724225044250488281e+00 3.850463485717773438e+01 2.679356994628906250e+02 6.067615374922752380e-02 8.132655173540115356e-02 5.261451005935668945e-02 3.673609327847771056e-08 3.585402294993400574e-02 5.950314924120903015e-02 4.197867214679718018e-02 4.963559874227030377e-08 1.007437586784362793e+00 4.054997563362121582e-01 1.337431812286376953e+01 1.130597593146376312e-04 2.171596139669418335e-02 7.459513843059539795e-02 3.212828934192657471e-02 1.995538923438289203e-06 2.216879278421401978e-02 7.202669233083724976e-02 2.759964950382709503e-02 2.848334816007991321e-06 6.905953884124755859e+00 4.296788692474365234e+00 1.520293712615966797e+00 4.227502358844503760e-05
4.900000000000000000e+04 3.511493444442749023e+00 2.768561601638793945e+00 1.455203533172607422e+00 6.063305214047431946e-02 8.116659522056579590e-02 5.222407728433609009e-02 3.578963614359054191e-08 3.562272712588310242e-02 5.918483808636665344e-02 4.163355380296707153e-02 4.871468917144738953e-08 1.001052141189575195e+00 4.029793739318847656e-01 1.337281227111816406e+01 1.125956187024712563e-04 2.150498703122138977e-02 7.438925653696060181e-02 3.183952718973159790e-02 1.969250206457218155e-06 2.219056338071823120e-02 7.184007763862609863e-02 2.727443724870681763e-02 2.847660198312951252e-06 6.876821517944335938e+00 4.288204669952392578e+00 1.511160254478454590e+00 4.181163603789173067e-05 5.722161293029785156e+00 3.850693511962890625e+01 2.684258728027343750e+02 6.063305214047431946e-02 8.116659522056579590e-02 5.222407728433609009e-02 3.578963614359054191e-08 3.562272712588310242e-02 5.918483808636665344e-02 4.163355380296707153e-02 4.871468917144738953e-08 1.001052141189575195e+00 4.029793739318847656e-01 1.337281227111816406e+01 1.125956187024712563e-04 2.150498703122138977e-02 7.438925653696060181e-02 3.183952718973159790e-02 1.969250206457218155e-06 2.219056338071823120e-02 7.184007763862609863e-02 2.727443724870681763e-02 2.847660198312951252e-06 6.876821517944335938e+00 4.288204669952392578e+00 1.511160254478454590e+00 4.181163603789173067e-05
4.950000000000000000e+04 3.502966642379760742e+00 2.746375560760498047e+00 1.441404581069946289e+00 6.028844416141510010e-02 8.103293180465698242e-02 5.182977765798568726e-02 3.520900193620946084e-08 3.571628779172897339e-02 5.887418612837791443e-02 4.129982739686965942e-02 4.881748694174348202e-08 9.954599142074584961e-01 4.004230797290802002e-01 1.337138557434082031e+01 1.121326858992688358e-04 2.136113867163658142e-02 7.420766353607177734e-02 3.154978156089782715e-02 1.944045379786984995e-06 2.222011052072048187e-02 7.169468700885772705e-02 2.693141810595989227e-02 2.846658162525272928e-06 6.848252296447753906e+00 4.279820442199707031e+00 1.502407073974609375e+00 4.136361530981957912e-05 5.721237659454345703e+00 3.852804565429687500e+01 2.688810119628906250e+02 6.028844416141510010e-02 8.103293180465698242e-02 5.182977765798568726e-02 3.520900193620946084e-08 3.571628779172897339e-02 5.887418612837791443e-02 4.129982739686965942e-02 4.881748694174348202e-08 9.954599142074584961e-01 4.004230797290802002e-01 1.337138557434082031e+01 1.121326858992688358e-04 2.136113867163658142e-02 7.420766353607177734e-02 3.154978156089782715e-02 1.944045379786984995e-06 2.222011052072048187e-02 7.169468700885772705e-02 2.693141810595989227e-02 2.846658162525272928e-06 6.848252296447753906e+00 4.279820442199707031e+00 1.502407073974609375e+00 4.136361530981957912e-05
5.000000000000000000e+04 3.494405984878540039e+00 2.725406885147094727e+00 1.429088115692138672e+00 5.978043749928474426e-02 8.093477785587310791e-02 5.148793756961822510e-02 3.963636885373489349e-08 3.551674634218215942e-02 5.855536460876464844e-02 4.102054983377456665e-02 4.885764326445496408e-08 9.924505949020385742e-01 3.979603946208953857e-01 1.337069416046142578e+01 1.116781495511531830e-04 2.120632492005825043e-02 7.401695847511291504e-02 3.123624064028263092e-02 1.920570412039523944e-06 2.245430648326873779e-02 7.160133123397827148e-02 2.654764801263809204e-02 2.849073780453181826e-06 6.816546916961669922e+00 4.271100997924804688e+00 1.493352651596069336e+00 4.093438838026486337e-05 5.720666408538818359e+00 3.856569671630859375e+01 2.693755798339843750e+02 5.978043749928474426e-02 8.093477785587310791e-02 5.148793756961822510e-02 3.963636885373489349e-08 3.551674634218215942e-02 5.855536460876464844e-02 4.102054983377456665e-02 4.885764326445496408e-08 9.924505949020385742e-01 3.979603946208953857e-01 1.337069416046142578e+01 1.116781495511531830e-04 2.120632492005825043e-02 7.401695847511291504e-02 3.123624064028263092e-02 1.920570412039523944e-06 2.245430648326873779e-02 7.160133123397827148e-02 2.654764801263809204e-02 2.849073780453181826e-06 6.816546916961669922e+00 4.271100997924804688e+00 1.493352651596069336e+00 4.093438838026486337e-05
5.000000000000000000e+04 3.494405984878540039e+00 2.725406885147094727e+00 1.429088115692138672e+00 5.978043749928474426e-02 8.093477785587310791e-02 5.148793756961822510e-02 3.963636885373489349e-08 3.551674634218215942e-02 5.855536460876464844e-02 4.102054983377456665e-02 4.885764326445496408e-08 9.924505949020385742e-01 3.979603946208953857e-01 1.337069416046142578e+01 1.116781495511531830e-04 2.120632492005825043e-02 7.401695847511291504e-02 3.123624064028263092e-02 1.920570412039523944e-06 2.245430648326873779e-02 7.160133123397827148e-02 2.654764801263809204e-02 2.849073780453181826e-06 6.816546916961669922e+00 4.271100997924804688e+00 1.493352651596069336e+00 4.093438838026486337e-05 5.720666408538818359e+00 3.856569671630859375e+01 2.693755798339843750e+02 5.978043749928474426e-02 8.093477785587310791e-02 5.148793756961822510e-02 3.963636885373489349e-08 3.551674634218215942e-02 5.855536460876464844e-02 4.102054983377456665e-02 4.885764326445496408e-08 9.924505949020385742e-01 3.979603946208953857e-01 1.337069416046142578e+01 1.116781495511531830e-04 2.120632492005825043e-02 7.401695847511291504e-02 3.123624064028263092e-02 1.920570412039523944e-06 2.245430648326873779e-02 7.160133123397827148e-02 2.654764801263809204e-02 2.849073780453181826e-06 6.816546916961669922e+00 4.271100997924804688e+00 1.493352651596069336e+00 4.093438838026486337e-05
5.100000000000000000e+04 3.297290086746215820e+00 2.167637825012207031e+00 1.374719262123107910e+00 4.845415800809860229e-02 8.078013360500335693e-02 3.529688343405723572e-02 3.436038298332277918e-08 2.919729612767696381e-02 5.609839782118797302e-02 3.550584241747856140e-02 4.984502766092191450e-08 8.929162621498107910e-01 3.998290896415710449e-01 1.334746742248535156e+01 1.116769708460196853e-04 2.607723698019981384e-02 7.368764281272888184e-02 2.311922237277030945e-02 1.921160674100974575e-06 2.523980848491191864e-02 7.463191449642181396e-02 2.084519527852535248e-02 2.848373242159141228e-06 5.647068977355957031e+00 4.152838706970214844e+00 1.345813393592834473e+00 4.092884046258404851e-05 5.659336090087890625e+00 4.413919067382812500e+01 2.788638610839843750e+02 4.845415800809860229e-02 8.078013360500335693e-02 3.529688343405723572e-02 3.436038298332277918e-08 2.919729612767696381e-02 5.609839782118797302e-02 3.550584241747856140e-02 4.984502766092191450e-08 8.929162621498107910e-01 3.998290896415710449e-01 1.334746742248535156e+01 1.116769708460196853e-04 2.607723698019981384e-02 7.368764281272888184e-02 2.311922237277030945e-02 1.921160674100974575e-06 2.523980848491191864e-02 7.463191449642181396e-02 2.084519527852535248e-02 2.848373242159141228e-06 5.647068977355957031e+00 4.152838706970214844e+00 1.345813393592834473e+00 4.092884046258404851e-05
5.200000000000000000e+04 3.159638166427612305e+00 1.860730886459350586e+00 1.206498622894287109e+00 4.754962772130966187e-02 7.530771940946578979e-02 3.982475399971008301e-02 3.840428419721320097e-08 3.323476016521453857e-02 5.948223546147346497e-02 3.505362197756767273e-02 5.046882378678674286e-08 8.142340183258056641e-01 3.734701275825500488e-01 1.331850910186767578e+01 1.116821003961376846e-04 1.993819884955883026e-02 6.733075529336929321e-02 1.879440620541572571e-02 1.923262061609420925e-06 2.293257042765617371e-02 6.935136020183563232e-02 2.065397612750530243e-02 2.846739334927406162e-06 5.062843322753906250e+00 4.063201427459716797e+00 1.254584908485412598e+00 4.092606104677543044e-05 5.739461898803710938e+00 4.996111297607421875e+01 2.761526489257812500e+02 4.754962772130966187e-02 7.530771940946578979e-02 3.982475399971008301e-02 3.840428419721320097e-08 3.323476016521453857e-02 5.948223546147346497e-02 3.505362197756767273e-02 5.046882378678674286e-08 8.142340183258056641e-01 3.734701275825500488e-01 1.331850910186767578e+01 1.116821003961376846e-04 1.993819884955883026e-02 6.733075529336929321e-02 1.879440620541572571e-02 1.923262061609420925e-06 2.293257042765617371e-02 6.935136020183563232e-02 2.065397612750530243e-02 2.846739334927406162e-06 5.062843322753906250e+00 4.063201427459716797e+00 1.254584908485412598e+00 4.092606104677543044e-05
5.300000000000000000e+04 3.056037664413452148e+00 1.650598883628845215e+00 1.064653396606445312e+00 4.315489530563354492e-02 7.066654413938522339e-02 3.895584121346473694e-02 3.478332644135662122e-08 3.605809807777404785e-02 5.919650942087173462e-02 3.468739241361618042e-02 4.754382132432510844e-08 7.441046833992004395e-01 3.604966402053833008e-01 1.328454780578613281e+01 1.116805942729115486e-04 2.272194251418113708e-02 6.723446398973464966e-02 2.093933150172233582e-02 1.920863041959819384e-06 1.930790022015571594e-02 6.286344677209854126e-02 2.281723730266094208e-02 2.845224116754252464e-06 4.675936222076416016e+00 4.003527641296386719e+00 1.223409175872802734e+00 4.092271410627290606e-05 5.804754257202148438e+00 5.772971343994140625e+01 2.763482360839843750e+02 4.315489530563354492e-02 7.066654413938522339e-02 3.895584121346473694e-02 3.478332644135662122e-08 3.605809807777404785e-02 5.919650942087173462e-02 3.468739241361618042e-02 4.754382132432510844e-08 7.441046833992004395e-01 3.604966402053833008e-01 1.328454780578613281e+01 1.116805942729115486e-04 2.272194251418113708e-02 6.723446398973464966e-02 2.093933150172233582e-02 1.920863041959819384e-06 1.930790022015571594e-02 6.286344677209854126e-02 2.281723730266094208e-02 2.845224116754252464e-06 4.675936222076416016e+00 4.003527641296386719e+00 1.223409175872802734e+00 4.092271410627290606e-05
5.400000000000000000e+04 2.978309392929077148e+00 1.545998692512512207e+00 9.740067124366760254e-01 3.821119666099548340e-02 6.829797476530075073e-02 3.347160667181015015e-02 3.533839887381873268e-08 3.848043829202651978e-02 5.888826772570610046e-02 3.778651729226112366e-02 4.898387473417642468e-08 6.508148908615112305e-01 3.489970564842224121e-01 1.325666427612304688e+01 1.116789571824483573e-04 2.845476381480693817e-02 6.611768901348114014e-02 1.871698722243309021e-02 1.922127466968959197e-06 2.164460532367229462e-02 6.162893399596214294e-02 2.065717428922653198e-02 2.845373728632694110e-06 4.401367187500000000e+00 3.923859357833862305e+00 1.199101924896240234e+00 4.092353628948330879e-05 5.819956302642822266e+00 6.100648880004882812e+01 2.782876281738281250e+02 3.821119666099548340e-02 6.829797476530075073e-02 3.347160667181015015e-02 3.533839887381873268e-08 3.848043829202651978e-02 5.888826772570610046e-02 3.778651729226112366e-02 4.898387473417642468e-08 6.508148908615112305e-01 3.489970564842224121e-01 1.325666427612304688e+01 1.116789571824483573e-04 2.845476381480693817e-02 6.611768901348114014e-02 1.871698722243309021e-02 1.922127466968959197e-06 2.164460532367229462e-02 6.162893399596214294e-02 2.065717428922653198e-02 2.845373728632694110e-06 4.401367187500000000e+00 3.923859357833862305e+00 1.199101924896240234e+00 4.092353628948330879e-05
5.500000000000000000e+04 2.928548097610473633e+00 1.412981510162353516e+00 9.084004163742065430e-01 3.616546094417572021e-02 6.294056028127670288e-02 3.129602968692779541e-02 3.584882790619303705e-08 4.049595072865486145e-02 6.132495403289794922e-02 3.830625861883163452e-02 4.981351864330463286e-08 5.893606543540954590e-01 3.323501646518707275e-01 1.323573112487792969e+01 1.116800121963024139e-04 2.361984737217426300e-02 6.384649872779846191e-02 1.876255124807357788e-02 1.921921239045332186e-06 2.075859904289245605e-02 6.268210709095001221e-02 1.812420040369033813e-02 2.846325969585450366e-06 4.237451553344726562e+00 3.840959310531616211e+00 1.184496521949768066e+00 4.092112067155539989e-05 5.770745277404785156e+00 6.828292846679687500e+01 2.838127746582031250e+02 3.616546094417572021e-02 6.294056028127670288e-02 3.129602968692779541e-02 3.584882790619303705e-08 4.049595072865486145e-02 6.132495403289794922e-02 3.830625861883163452e-02 4.981351864330463286e-08 5.893606543540954590e-01 3.323501646518707275e-01 1.323573112487792969e+01 1.116800121963024139e-04 2.361984737217426300e-02 6.384649872779846191e-02 1.876255124807357788e-02 1.921921239045332186e-06 2.075859904289245605e-02 6.268210709095001221e-02 1.812420040369033813e-02 2.846325969585450366e-06 4.237451553344726562e+00 3.840959310531616211e+00 1.184496521949768066e+00 4.092112067155539989e-05
5.600000000000000000e+04 2.835073471069335938e+00 1.303941249847412109e+00 8.625874519348144531e-01 3.385314345359802246e-02 5.893058329820632935e-02 2.649221569299697876e-02 3.527793168700554816e-08 3.757333755493164062e-02 5.979979783296585083e-02 3.335110470652580261e-02 4.951285603738142527e-08 5.499192476272583008e-01 3.166915774345397949e-01 1.322141456604003906e+01 1.116788480430841446e-04 1.995481178164482117e-02 6.200939789414405823e-02 1.817471906542778015e-02 1.921055854836595245e-06 2.142811194062232971e-02 6.171272695064544678e-02 1.895917207002639771e-02 2.845918061211705208e-06 4.061556816101074219e+00 3.777040958404541016e+00 1.185350298881530762e+00 4.092119343113154173e-05 5.773030757904052734e+00 7.464039611816406250e+01 2.985957031250000000e+02 3.385314345359802246e-02 5.893058329820632935e-02 2.649221569299697876e-02 3.527793168700554816e-08 3.757333755493164062e-02 5.979979783296585083e-02 3.335110470652580261e-02 4.951285603738142527e-08 5.499192476272583008e-01 3.166915774345397949e-01 1.322141456604003906e+01 1.116788480430841446e-04 1.995481178164482117e-02 6.200939789414405823e-02 1.817471906542778015e-02 1.921055854836595245e-06 2.142811194062232971e-02 6.171272695064544678e-02 1.895917207002639771e-02 2.845918061211705208e-06 4.061556816101074219e+00 3.777040958404541016e+00 1.185350298881530762e+00 4.092119343113154173e-05
5.700000000000000000e+04 2.798320531845092773e+00 1.216804504394531250e+00 8.153375387191772461e-01 3.057646751403808594e-02 5.529296025633811951e-02 2.310569584369659424e-02 3.497349609915545443e-08 3.294041007757186890e-02 5.797934159636497498e-02 3.141275048255920410e-02 4.748893900341499830e-08 5.124366879463195801e-01 3.063182830810546875e-01 1.321083927154541016e+01 1.116800995077937841e-04 1.786451041698455811e-02 6.368251144886016846e-02 1.820158958435058594e-02 1.920491968121496029e-06 2.105511352419853210e-02 5.780117958784103394e-02 1.723337173461914062e-02 2.845424432962317951e-06 3.890064954757690430e+00 3.730485916137695312e+00 1.168935298919677734e+00 4.091940718353725970e-05 5.725905418395996094e+00 7.860808563232421875e+01 3.079109497070312500e+02 3.057646751403808594e-02 5.529296025633811951e-02 2.310569584369659424e-02 3.497349609915545443e-08 3.294041007757186890e-02 5.797934159636497498e-02 3.141275048255920410e-02 4.748893900341499830e-08 5.124366879463195801e-01 3.063182830810546875e-01 1.321083927154541016e+01 1.116800995077937841e-04 1.786451041698455811e-02 6.368251144886016846e-02 1.820158958435058594e-02 1.920491968121496029e-06 2.105511352419853210e-02 5.780117958784103394e-02 1.723337173461914062e-02 2.845424432962317951e-06 3.890064954757690430e+00 3.730485916137695312e+00 1.168935298919677734e+00 4.091940718353725970e-05
5.800000000000000000e+04 2.769805908203125000e+00 1.140267014503479004e+00 7.782915830612182617e-01 2.916966006159782410e-02 5.300432071089744568e-02 1.931188814342021942e-02 3.502731260596192442e-08 3.438062220811843872e-02 5.571015924215316772e-02 2.817017212510108948e-02 4.696441990859057114e-08 4.863319993019104004e-01 2.931706309318542480e-01 1.320371818542480469e+01 1.116789353545755148e-04 2.045858651399612427e-02 6.563776731491088867e-02 1.849920861423015594e-02 1.921413968375418335e-06 1.996575109660625458e-02 5.744023621082305908e-02 1.784969307482242584e-02 2.845743438228964806e-06 3.734896421432495117e+00 3.672682285308837891e+00 1.169101238250732422e+00 4.091965092811733484e-05 5.622134685516357422e+00 8.067852020263671875e+01 3.082846679687500000e+02 2.916966006159782410e-02 5.300432071089744568e-02 1.931188814342021942e-02 3.502731260596192442e-08 3.438062220811843872e-02 5.571015924215316772e-02 2.817017212510108948e-02 4.696441990859057114e-08 4.863319993019104004e-01 2.931706309318542480e-01 1.320371818542480469e+01 1.116789353545755148e-04 2.045858651399612427e-02 6.563776731491088867e-02 1.849920861423015594e-02 1.921413968375418335e-06 1.996575109660625458e-02 5.744023621082305908e-02 1.784969307482242584e-02 2.845743438228964806e-06 3.734896421432495117e+00 3.672682285308837891e+00 1.169101238250732422e+00 4.091965092811733484e-05
5.900000000000000000e+04 2.719419479370117188e+00 1.066478848457336426e+00 7.360070943832397461e-01 2.954942733049392700e-02 5.034736916422843933e-02 2.091395854949951172e-02 3.499557621466919954e-08 3.553282096982002258e-02 5.370557680726051331e-02 2.654230594635009766e-02 4.615299076249357313e-08 4.697011113166809082e-01 2.845334708690643311e-01 1.319242000579833984e+01 1.116790299420244992e-04 1.836673542857170105e-02 6.770401448011398315e-02 1.958774589002132416e-02 1.921085868161753751e-06 2.164382301270961761e-02 5.291715636849403381e-02 1.961889117956161499e-02 2.847468749678228050e-06 3.620061635971069336e+00 3.628831148147583008e+00 1.157308220863342285e+00 4.091904702363535762e-05 5.651774883270263672e+00 8.055081176757812500e+01 3.057488403320312500e+02 2.954942733049392700e-02 5.034736916422843933e-02 2.091395854949951172e-02 3.499557621466919954e-08 3.553282096982002258e-02 5.370557680726051331e-02 2.654230594635009766e-02 4.615299076249357313e-08 4.697011113166809082e-01 2.845334708690643311e-01 1.319242000579833984e+01 1.116790299420244992e-04 1.836673542857170105e-02 6.770401448011398315e-02 1.958774589002132416e-02 1.921085868161753751e-06 2.164382301270961761e-02 5.291715636849403381e-02 1.961889117956161499e-02 2.847468749678228050e-06 3.620061635971069336e+00 3.628831148147583008e+00 1.157308220863342285e+00 4.091904702363535762e-05
6.000000000000000000e+04 2.662733078002929688e+00 1.002290129661560059e+00 7.116499543190002441e-01 2.773372270166873932e-02 5.091548711061477661e-02 2.604018896818161011e-02 3.618940169758388947e-08 3.531124070286750793e-02 5.475150421261787415e-02 2.620352059602737427e-02 4.642645023977820529e-08 4.529029130935668945e-01 2.702766358852386475e-01 1.318149089813232422e+01 1.116785279009491205e-04 1.915931515395641327e-02 6.673802435398101807e-02 2.029728330671787262e-02 1.923103127410286106e-06 2.065858244895935059e-02 5.185369774699211121e-02 1.906540989875793457e-02 2.849915290425997227e-06 3.516464471817016602e+00 3.583439588546752930e+00 1.130991935729980469e+00 4.091921437066048384e-05 5.542593955993652344e+00 8.603149414062500000e+01 3.066734924316406250e+02 2.773372270166873932e-02 5.091548711061477661e-02 2.604018896818161011e-02 3.618940169758388947e-08 3.531124070286750793e-02 5.475150421261787415e-02 2.620352059602737427e-02 4.642645023977820529e-08 4.529029130935668945e-01 2.702766358852386475e-01 1.318149089813232422e+01 1.116785279009491205e-04 1.915931515395641327e-02 6.673802435398101807e-02 2.029728330671787262e-02 1.923103127410286106e-06 2.065858244895935059e-02 5.185369774699211121e-02 1.906540989875793457e-02 2.849915290425997227e-06 3.516464471817016602e+00 3.583439588546752930e+00 1.130991935729980469e+00 4.091921437066048384e-05
6.100000000000000000e+04 2.622119665145874023e+00 9.255555868148803711e-01 6.705728173255920410e-01 3.015376999974250793e-02 4.972204938530921936e-02 2.812865190207958221e-02 3.793523362105588603e-08 3.509824723005294800e-02 5.365088582038879395e-02 2.356862463057041168e-02 4.811492715361964656e-08 4.369007050991058350e-01 2.601384818553924561e-01 1.317068576812744141e+01 1.116789935622364283e-04 2.084344439208507538e-02 6.588407605886459351e-02 2.014870569109916687e-02 1.924725665958249010e-06 1.768423989415168762e-02 5.122184753417968750e-02 1.660421118140220642e-02 2.850398686859989539e-06 3.431276082992553711e+00 3.549351453781127930e+00 1.120637297630310059e+00 4.091926530236378312e-05 5.407810688018798828e+00 8.730023193359375000e+01 3.082830505371093750e+02 3.015376999974250793e-02 4.972204938530921936e-02 2.812865190207958221e-02 3.793523362105588603e-08 3.509824723005294800e-02 5.365088582038879395e-02 2.356862463057041168e-02 4.811492715361964656e-08 4.369007050991058350e-01 2.601384818553924561e-01 1.317068576812744141e+01 1.116789935622364283e-04 2.084344439208507538e-02 6.588407605886459351e-02 2.014870569109916687e-02 1.924725665958249010e-06 1.768423989415168762e-02 5.122184753417968750e-02 1.660421118140220642e-02 2.850398686859989539e-06 3.431276082992553711e+00 3.549351453781127930e+00 1.120637297630310059e+00 4.091926530236378312e-05
6.200000000000000000e+04 2.596251964569091797e+00 8.897616267204284668e-01 6.389274001121520996e-01 3.303322568535804749e-02 4.637879878282546997e-02 2.624618634581565857e-02 3.771774359506707697e-08 3.232137113809585571e-02 5.493590235710144043e-02 2.151625975966453552e-02 4.833797007108842081e-08 4.098967313766479492e-01 2.549243569374084473e-01 1.316077995300292969e+01 1.116786734201014042e-04 1.638811826705932617e-02 6.446024775505065918e-02 1.923386193811893463e-02 1.922805722642806359e-06 1.819570548832416534e-02 5.392833054065704346e-02 1.694079115986824036e-02 2.852097622962901369e-06 3.343182563781738281e+00 3.504898786544799805e+00 1.108483791351318359e+00 4.091843584319576621e-05 5.421127319335937500e+00 8.674160003662109375e+01 3.067994689941406250e+02 3.303322568535804749e-02 4.637879878282546997e-02 2.624618634581565857e-02 3.771774359506707697e-08 3.232137113809585571e-02 5.493590235710144043e-02 2.151625975966453552e-02 4.833797007108842081e-08 4.098967313766479492e-01 2.549243569374084473e-01 1.316077995300292969e+01 1.116786734201014042e-04 1.638811826705932617e-02 6.446024775505065918e-02 1.923386193811893463e-02 1.922805722642806359e-06 1.819570548832416534e-02 5.392833054065704346e-02 1.694079115986824036e-02 2.852097622962901369e-06 3.343182563781738281e+00 3.504898786544799805e+00 1.108483791351318359e+00 4.091843584319576621e-05
6.300000000000000000e+04 2.563533782958984375e+00 8.742961287498474121e-01 6.271843314170837402e-01 3.377848118543624878e-02 4.435885697603225708e-02 2.640354633331298828e-02 3.702675144268141594e-08 2.798173390328884125e-02 5.046228319406509399e-02 2.041313052177429199e-02 4.659393937345157610e-08 3.907785117626190186e-01 2.500443458557128906e-01 1.314567756652832031e+01 1.116789062507450581e-04 1.573133468627929688e-02 6.284302473068237305e-02 2.262345701456069946e-02 1.925672222569119185e-06 1.768515072762966156e-02 5.460370332002639771e-02 1.818831451237201691e-02 2.849960310413734987e-06 3.254436254501342773e+00 3.463561296463012695e+00 1.088109970092773438e+00 4.091671871719881892e-05 5.480515003204345703e+00 9.127080535888671875e+01 3.030759887695312500e+02 3.377848118543624878e-02 4.435885697603225708e-02 2.640354633331298828e-02 3.702675144268141594e-08 2.798173390328884125e-02 5.046228319406509399e-02 2.041313052177429199e-02 4.659393937345157610e-08 3.907785117626190186e-01 2.500443458557128906e-01 1.314567756652832031e+01 1.116789062507450581e-04 1.573133468627929688e-02 6.284302473068237305e-02 2.262345701456069946e-02 1.925672222569119185e-06 1.768515072762966156e-02 5.460370332002639771e-02 1.818831451237201691e-02 2.849960310413734987e-06 3.254436254501342773e+00 3.463561296463012695e+00 1.088109970092773438e+00 4.091671871719881892e-05
6.400000000000000000e+04 2.532455682754516602e+00 8.763214349746704102e-01 5.943634510040283203e-01 3.471273556351661682e-02 4.414889216423034668e-02 2.498505637049674988e-02 3.738260900831846811e-08 2.678724750876426697e-02 4.805403947830200195e-02 1.998582854866981506e-02 4.668634900895085593e-08 3.776562809944152832e-01 2.343496680259704590e-01 1.313444137573242188e+01 1.116789208026602864e-04 1.517327502369880676e-02 6.127744168043136597e-02 2.424239367246627808e-02 1.924344132930855267e-06 1.508051156997680664e-02 5.247680470347404480e-02 2.056028321385383606e-02 2.852221086868667044e-06 3.181106805801391602e+00 3.419975280761718750e+00 1.077396750450134277e+00 4.091467417310923338e-05 5.515048027038574219e+00 9.854386901855468750e+01 2.999283142089843750e+02 3.471273556351661682e-02 4.414889216423034668e-02 2.498505637049674988e-02 3.738260900831846811e-08 2.678724750876426697e-02 4.805403947830200195e-02 1.998582854866981506e-02 4.668634900895085593e-08 3.776562809944152832e-01 2.343496680259704590e-01 1.313444137573242188e+01 1.116789208026602864e-04 1.517327502369880676e-02 6.127744168043136597e-02 2.424239367246627808e-02 1.924344132930855267e-06 1.508051156997680664e-02 5.247680470347404480e-02 2.056028321385383606e-02 2.852221086868667044e-06 3.181106805801391602e+00 3.419975280761718750e+00 1.077396750450134277e+00 4.091467417310923338e-05
6.500000000000000000e+04 2.499013900756835938e+00 8.561033606529235840e-01 5.815656781196594238e-01 3.553802147507667542e-02 4.286784306168556213e-02 2.202250435948371887e-02 3.919665658713711309e-08 2.701169252395629883e-02 4.542220383882522583e-02 2.198323979973793030e-02 4.873047743103597895e-08 3.656935989856719971e-01 2.298014760017395020e-01 1.312363433837890625e+01 1.116791536333039403e-04 1.725076325237751007e-02 6.048607826232910156e-02 2.600955776870250702e-02 1.928447318277903832e-06 1.650331914424896240e-02 4.949757456779479980e-02 2.143971621990203857e-02 2.851047383956029080e-06 3.126749515533447266e+00 3.376732826232910156e+00 1.050340652465820312e+00 4.091377195436507463e-05 5.453595638275146484e+00 1.032627868652343750e+02 2.977131347656250000e+02 3.553802147507667542e-02 4.286784306168556213e-02 2.202250435948371887e-02 3.919665658713711309e-08 2.701169252395629883e-02 4.542220383882522583e-02 2.198323979973793030e-02 4.873047743103597895e-08 3.656935989856719971e-01 2.298014760017395020e-01 1.312363433837890625e+01 1.116791536333039403e-04 1.725076325237751007e-02 6.048607826232910156e-02 2.600955776870250702e-02 1.928447318277903832e-06 1.650331914424896240e-02 4.949757456779479980e-02 2.143971621990203857e-02 2.851047383956029080e-06 3.126749515533447266e+00 3.376732826232910156e+00 1.050340652465820312e+00 4.091377195436507463e-05
