# step, loss_train, loss_test, metrics_test
0.000000000000000000e+00 2.808584868907928467e-01 3.519040942192077637e-01 1.379342555999755859e+00 0.000000000000000000e+00 0.000000000000000000e+00 0.000000000000000000e+00 0.000000000000000000e+00 0.000000000000000000e+00 0.000000000000000000e+00 0.000000000000000000e+00 0.000000000000000000e+00 0.000000000000000000e+00 0.000000000000000000e+00 0.000000000000000000e+00 0.000000000000000000e+00 0.000000000000000000e+00 0.000000000000000000e+00 0.000000000000000000e+00 0.000000000000000000e+00 0.000000000000000000e+00 0.000000000000000000e+00 2.806243896484375000e-01 3.357999026775360107e-01 1.408058166503906250e+00 0.000000000000000000e+00 0.000000000000000000e+00 0.000000000000000000e+00 0.000000000000000000e+00 0.000000000000000000e+00 0.000000000000000000e+00 0.000000000000000000e+00 0.000000000000000000e+00 0.000000000000000000e+00 0.000000000000000000e+00 0.000000000000000000e+00 0.000000000000000000e+00 0.000000000000000000e+00 0.000000000000000000e+00 0.000000000000000000e+00 0.000000000000000000e+00 0.000000000000000000e+00 0.000000000000000000e+00
5.000000000000000000e+02 1.021734788082540035e-04 6.736705108778551221e-05 8.168727799784392118e-05 0.000000000000000000e+00 0.000000000000000000e+00 0.000000000000000000e+00 0.000000000000000000e+00 0.000000000000000000e+00 0.000000000000000000e+00 0.000000000000000000e+00 0.000000000000000000e+00 0.000000000000000000e+00 0.000000000000000000e+00 0.000000000000000000e+00 0.000000000000000000e+00 0.000000000000000000e+00 0.000000000000000000e+00 0.000000000000000000e+00 0.000000000000000000e+00 0.000000000000000000e+00 0.000000000000000000e+00 1.077287161024287343e-04 6.819657573942095041e-05 8.215280831791460514e-05 0.000000000000000000e+00 0.000000000000000000e+00 0.000000000000000000e+00 0.000000000000000000e+00 0.000000000000000000e+00 0.000000000000000000e+00 0.000000000000000000e+00 0.000000000000000000e+00 0.000000000000000000e+00 0.000000000000000000e+00 0.000000000000000000e+00 0.000000000000000000e+00 0.000000000000000000e+00 0.000000000000000000e+00 0.000000000000000000e+00 0.000000000000000000e+00 0.000000000000000000e+00 0.000000000000000000e+00
1.000000000000000000e+03 4.171130058239214122e-05 2.547393887653015554e-05 3.369363912497647107e-05 0.000000000000000000e+00 0.000000000000000000e+00 0.000000000000000000e+00 0.000000000000000000e+00 0.000000000000000000e+00 0.000000000000000000e+00 0.000000000000000000e+00 0.000000000000000000e+00 0.000000000000000000e+00 0.000000000000000000e+00 0.000000000000000000e+00 0.000000000000000000e+00 0.000000000000000000e+00 0.000000000000000000e+00 0.000000000000000000e+00 0.000000000000000000e+00 0.000000000000000000e+00 0.000000000000000000e+00 4.501451257965527475e-05 2.454573950672056526e-05 3.366878081578761339e-05 0.000000000000000000e+00 0.000000000000000000e+00 0.000000000000000000e+00 0.000000000000000000e+00 0.000000000000000000e+00 0.000000000000000000e+00 0.000000000000000000e+00 0.000000000000000000e+00 0.000000000000000000e+00 0.000000000000000000e+00 0.000000000000000000e+00 0.000000000000000000e+00 0.000000000000000000e+00 0.000000000000000000e+00 0.000000000000000000e+00 0.000000000000000000e+00 0.000000000000000000e+00 0.000000000000000000e+00
1.500000000000000000e+03 2.403762482572346926e-05 1.394733135384740308e-05 1.855245500337332487e-05 0.000000000000000000e+00 0.000000000000000000e+00 0.000000000000000000e+00 0.000000000000000000e+00 0.000000000000000000e+00 0.000000000000000000e+00 0.000000000000000000e+00 0.000000000000000000e+00 0.000000000000000000e+00 0.000000000000000000e+00 0.000000000000000000e+00 0.000000000000000000e+00 0.000000000000000000e+00 0.000000000000000000e+00 0.000000000000000000e+00 0.000000000000000000e+00 0.000000000000000000e+00 0.000000000000000000e+00 2.612945536384359002e-05 1.305079786106944084e-05 1.846959094109479338e-05 0.000000000000000000e+00 0.000000000000000000e+00 0.000000000000000000e+00 0.000000000000000000e+00 0.000000000000000000e+00 0.000000000000000000e+00 0.000000000000000000e+00 0.000000000000000000e+00 0.000000000000000000e+00 0.000000000000000000e+00 0.000000000000000000e+00 0.000000000000000000e+00 0.000000000000000000e+00 0.000000000000000000e+00 0.000000000000000000e+00 0.000000000000000000e+00 0.000000000000000000e+00 0.000000000000000000e+00
2.000000000000000000e+03 1.551734567328821868e-05 8.762534889683593065e-06 1.157962014985969290e-05 0.000000000000000000e+00 0.000000000000000000e+00 0.000000000000000000e+00 0.000000000000000000e+00 0.000000000000000000e+00 0.000000000000000000e+00 0.000000000000000000e+00 0.000000000000000000e+00 0.000000000000000000e+00 0.000000000000000000e+00 0.000000000000000000e+00 0.000000000000000000e+00 0.000000000000000000e+00 0.000000000000000000e+00 0.000000000000000000e+00 0.000000000000000000e+00 0.000000000000000000e+00 0.000000000000000000e+00 1.678511034697294235e-05 8.202675417123828083e-06 1.150875687017105520e-05 0.000000000000000000e+00 0.000000000000000000e+00 0.000000000000000000e+00 0.000000000000000000e+00 0.000000000000000000e+00 0.000000000000000000e+00 0.000000000000000000e+00 0.000000000000000000e+00 0.000000000000000000e+00 0.000000000000000000e+00 0.000000000000000000e+00 0.000000000000000000e+00 0.000000000000000000e+00 0.000000000000000000e+00 0.000000000000000000e+00 0.000000000000000000e+00 0.000000000000000000e+00 0.000000000000000000e+00
2.500000000000000000e+03 4.291216464480385184e-05 6.274317001953022555e-06 2.059285361610818654e-05 0.000000000000000000e+00 0.000000000000000000e+00 0.000000000000000000e+00 0.000000000000000000e+00 0.000000000000000000e+00 0.000000000000000000e+00 0.000000000000000000e+00 0.000000000000000000e+00 0.000000000000000000e+00 0.000000000000000000e+00 0.000000000000000000e+00 0.000000000000000000e+00 0.000000000000000000e+00 0.000000000000000000e+00 0.000000000000000000e+00 0.000000000000000000e+00 0.000000000000000000e+00 0.000000000000000000e+00 4.800059468834660947e-05 5.875132046639919281e-06 1.955171137524303049e-05 0.000000000000000000e+00 0.000000000000000000e+00 0.000000000000000000e+00 0.000000000000000000e+00 0.000000000000000000e+00 0.000000000000000000e+00 0.000000000000000000e+00 0.000000000000000000e+00 0.000000000000000000e+00 0.000000000000000000e+00 0.000000000000000000e+00 0.000000000000000000e+00 0.000000000000000000e+00 0.000000000000000000e+00 0.000000000000000000e+00 0.000000000000000000e+00 0.000000000000000000e+00 0.000000000000000000e+00
3.000000000000000000e+03 6.862107511551585048e-06 3.452892087807413191e-06 5.659944235958391801e-06 0.000000000000000000e+00 0.000000000000000000e+00 0.000000000000000000e+00 0.000000000000000000e+00 0.000000000000000000e+00 0.000000000000000000e+00 0.000000000000000000e+00 0.000000000000000000e+00 0.000000000000000000e+00 0.000000000000000000e+00 0.000000000000000000e+00 0.000000000000000000e+00 0.000000000000000000e+00 0.000000000000000000e+00 0.000000000000000000e+00 0.000000000000000000e+00 0.000000000000000000e+00 0.000000000000000000e+00 7.478593943233136088e-06 3.314464038339792751e-06 5.724597485823323950e-06 0.000000000000000000e+00 0.000000000000000000e+00 0.000000000000000000e+00 0.000000000000000000e+00 0.000000000000000000e+00 0.000000000000000000e+00 0.000000000000000000e+00 0.000000000000000000e+00 0.000000000000000000e+00 0.000000000000000000e+00 0.000000000000000000e+00 0.000000000000000000e+00 0.000000000000000000e+00 0.000000000000000000e+00 0.000000000000000000e+00 0.000000000000000000e+00 0.000000000000000000e+00 0.000000000000000000e+00
3.500000000000000000e+03 6.421770649467362091e-06 2.506784312572563067e-06 4.617820195562671870e-06 0.000000000000000000e+00 0.000000000000000000e+00 0.000000000000000000e+00 0.000000000000000000e+00 0.000000000000000000e+00 0.000000000000000000e+00 0.000000000000000000e+00 0.000000000000000000e+00 0.000000000000000000e+00 0.000000000000000000e+00 0.000000000000000000e+00 0.000000000000000000e+00 0.000000000000000000e+00 0.000000000000000000e+00 0.000000000000000000e+00 0.000000000000000000e+00 0.000000000000000000e+00 0.000000000000000000e+00 7.010469744272995740e-06 2.222772081950097345e-06 4.374635409476468340e-06 0.000000000000000000e+00 0.000000000000000000e+00 0.000000000000000000e+00 0.000000000000000000e+00 0.000000000000000000e+00 0.000000000000000000e+00 0.000000000000000000e+00 0.000000000000000000e+00 0.000000000000000000e+00 0.000000000000000000e+00 0.000000000000000000e+00 0.000000000000000000e+00 0.000000000000000000e+00 0.000000000000000000e+00 0.000000000000000000e+00 0.000000000000000000e+00 0.000000000000000000e+00 0.000000000000000000e+00
4.000000000000000000e+03 3.870279215334448963e-06 1.698983396636322141e-06 3.082954890487599187e-06 0.000000000000000000e+00 0.000000000000000000e+00 0.000000000000000000e+00 0.000000000000000000e+00 0.000000000000000000e+00 0.000000000000000000e+00 0.000000000000000000e+00 0.000000000000000000e+00 0.000000000000000000e+00 0.000000000000000000e+00 0.000000000000000000e+00 0.000000000000000000e+00 0.000000000000000000e+00 0.000000000000000000e+00 0.000000000000000000e+00 0.000000000000000000e+00 0.000000000000000000e+00 0.000000000000000000e+00 4.006143626611446962e-06 1.491495481786841992e-06 3.174484845658298582e-06 0.000000000000000000e+00 0.000000000000000000e+00 0.000000000000000000e+00 0.000000000000000000e+00 0.000000000000000000e+00 0.000000000000000000e+00 0.000000000000000000e+00 0.000000000000000000e+00 0.000000000000000000e+00 0.000000000000000000e+00 0.000000000000000000e+00 0.000000000000000000e+00 0.000000000000000000e+00 0.000000000000000000e+00 0.000000000000000000e+00 0.000000000000000000e+00 0.000000000000000000e+00 0.000000000000000000e+00
4.500000000000000000e+03 2.714223001021309756e-06 1.275734007322171237e-06 2.194361741203465499e-06 0.000000000000000000e+00 0.000000000000000000e+00 0.000000000000000000e+00 0.000000000000000000e+00 0.000000000000000000e+00 0.000000000000000000e+00 0.000000000000000000e+00 0.000000000000000000e+00 0.000000000000000000e+00 0.000000000000000000e+00 0.000000000000000000e+00 0.000000000000000000e+00 0.000000000000000000e+00 0.000000000000000000e+00 0.000000000000000000e+00 0.000000000000000000e+00 0.000000000000000000e+00 0.000000000000000000e+00 2.810138084896607324e-06 1.155852260126266629e-06 2.204695192631334066e-06 0.000000000000000000e+00 0.000000000000000000e+00 0.000000000000000000e+00 0.000000000000000000e+00 0.000000000000000000e+00 0.000000000000000000e+00 0.000000000000000000e+00 0.000000000000000000e+00 0.000000000000000000e+00 0.000000000000000000e+00 0.000000000000000000e+00 0.000000000000000000e+00 0.000000000000000000e+00 0.000000000000000000e+00 0.000000000000000000e+00 0.000000000000000000e+00 0.000000000000000000e+00 0.000000000000000000e+00
5.000000000000000000e+03 2.343070491406251676e-06 9.956636404240271077e-07 1.663682041908032261e-06 0.000000000000000000e+00 0.000000000000000000e+00 0.000000000000000000e+00 0.000000000000000000e+00 0.000000000000000000e+00 0.000000000000000000e+00 0.000000000000000000e+00 0.000000000000000000e+00 0.000000000000000000e+00 0.000000000000000000e+00 0.000000000000000000e+00 0.000000000000000000e+00 0.000000000000000000e+00 0.000000000000000000e+00 0.000000000000000000e+00 0.000000000000000000e+00 0.000000000000000000e+00 0.000000000000000000e+00 2.455294634273741394e-06 8.920710570237133652e-07 1.753692458805744536e-06 0.000000000000000000e+00 0.000000000000000000e+00 0.000000000000000000e+00 0.000000000000000000e+00 0.000000000000000000e+00 0.000000000000000000e+00 0.000000000000000000e+00 0.000000000000000000e+00 0.000000000000000000e+00 0.000000000000000000e+00 0.000000000000000000e+00 0.000000000000000000e+00 0.000000000000000000e+00 0.000000000000000000e+00 0.000000000000000000e+00 0.000000000000000000e+00 0.000000000000000000e+00 0.000000000000000000e+00
5.000000000000000000e+03 2.343070491406251676e-06 9.956636404240271077e-07 1.663682041908032261e-06 1.003950439453125000e+03 8.815968409180641174e-03 1.099060134887695312e+02 1.005422302246093750e+03 1.166444778442382812e+00 2.798194827846600674e-06 2.669527195394039154e-03 1.112409052439033985e-03 5.319719531250000000e+04 1.042664794921875000e+03 3.053846536204218864e-03 1.058995246887207031e+01 1.043052978515625000e+03 1.507013919763267040e-03 1.059284019470214844e+01 9.894017944335937500e+02 1.637601089477539062e+01 2.123522460937500000e+03 2.455294634273741394e-06 8.920710570237133652e-07 1.753692458805744536e-06 1.003950500488281250e+03 8.815962821245193481e-03 1.099060134887695312e+02 1.005422302246093750e+03 1.166444778442382812e+00 2.798227797029539943e-06 2.669526962563395500e-03 1.112408703193068504e-03 5.319719531250000000e+04 1.042664794921875000e+03 3.053848166018724442e-03 1.058995342254638672e+01 1.043052856445312500e+03 1.507013919763267040e-03 1.059284019470214844e+01 9.894017944335937500e+02 1.637601089477539062e+01 2.123522460937500000e+03
5.500000000000000000e+03 6.499531269073486328e+00 3.089286231994628906e+01 2.944935607910156250e+01 2.723760008811950684e-01 2.162466347217559814e-01 3.168230652809143066e-01 2.273504734039306641e+00 3.646152913570404053e-01 5.323583483695983887e-01 1.760177421569824219e+01 2.493808031082153320e+00 5.593647949218750000e+03 7.907404005527496338e-02 3.553101420402526855e-02 1.963361352682113647e-01 1.425994634628295898e-01 6.952872127294540405e-02 4.339458048343658447e-01 4.615211105346679688e+01 8.729503631591796875e+00 1.274843978881835938e+02 6.588653564453125000e+00 3.346521301269531250e+02 1.534381256103515625e+02 2.723759412765502930e-01 2.162466943264007568e-01 3.168229460716247559e-01 2.273506641387939453e+00 3.646152913570404053e-01 5.323581695556640625e-01 1.760177421569824219e+01 2.493807792663574219e+00 5.593647460937500000e+03 7.907390594482421875e-02 3.553091734647750854e-02 1.963359862565994263e-01 1.425997316837310791e-01 6.952880322933197021e-02 4.339459240436553955e-01 4.615211105346679688e+01 8.729503631591796875e+00 1.274843978881835938e+02
6.000000000000000000e+03 2.151967287063598633e+00 5.327603816986083984e+00 3.844541311264038086e+00 1.348668783903121948e-01 8.621548116207122803e-02 8.864722400903701782e-02 8.783564567565917969e-01 2.035590410232543945e-01 7.499256730079650879e-02 8.849721550941467285e-01 3.433341979980468750e-01 9.613647460937500000e+02 1.540634594857692719e-02 9.762169793248176575e-03 5.811002850532531738e-02 1.256495527923107147e-02 1.870562322437763214e-02 1.078407391905784607e-01 2.123267936706542969e+01 5.555153369903564453e+00 2.466120147705078125e+01 1.381179428100585938e+01 7.914644042968750000e+03 2.784822692871093750e+02 1.348670572042465210e-01 8.621547371149063110e-02 8.864703774452209473e-02 8.783563971519470215e-01 2.035588920116424561e-01 7.499258965253829956e-02 8.849719762802124023e-01 3.433340787887573242e-01 9.613653564453125000e+02 1.540640369057655334e-02 9.762166067957878113e-03 5.810990184545516968e-02 1.256499625742435455e-02 1.870563440024852753e-02 1.078405901789665222e-01 2.123267936706542969e+01 5.555153846740722656e+00 2.466119956970214844e+01
6.500000000000000000e+03 8.986133337020874023e-01 2.397362947463989258e+00 2.073822975158691406e+00 6.915651261806488037e-02 3.189500048756599426e-02 3.439608216285705566e-02 4.023649096488952637e-01 1.059487164020538330e-01 6.210971996188163757e-02 3.454343080520629883e-01 1.305702477693557739e-01 1.921916198730468750e+02 3.987355157732963562e-03 7.306256331503391266e-03 2.724933996796607971e-02 6.480983458459377289e-03 7.715189829468727112e-03 3.386287391185760498e-02 1.118995761871337891e+01 3.994196891784667969e+00 6.544611930847167969e+00 7.985075473785400391e+00 2.465315429687500000e+03 2.231310058593750000e+03 6.915622204542160034e-02 3.189509361982345581e-02 3.439599275588989258e-02 4.023649692535400391e-01 1.059486642479896545e-01 6.210967153310775757e-02 3.454345166683197021e-01 1.305704563856124878e-01 1.921916503906250000e+02 3.987349569797515869e-03 7.306305691599845886e-03 2.724930830299854279e-02 6.481003016233444214e-03 7.715190760791301727e-03 3.386282920837402344e-02 1.118995761871337891e+01 3.994196891784667969e+00 6.544609546661376953e+00
7.000000000000000000e+03 1.473760604858398438e+00 3.142749309539794922e+00 3.325087785720825195e+00 3.091856651008129120e-02 3.683915734291076660e-02 5.739963799715042114e-02 2.697763144969940186e-01 7.170406728982925415e-02 6.166507303714752197e-02 5.341113805770874023e-01 7.935312986373901367e-01 5.108599853515625000e+01 7.640725933015346527e-03 9.382972493767738342e-03 3.493877127766609192e-02 1.275833602994680405e-02 9.615115821361541748e-03 6.851301342248916626e-02 8.516697883605957031e+00 3.696472167968750000e+00 4.406295776367187500e+00 5.794131755828857422e+00 4.098992004394531250e+02 1.879751953125000000e+03 3.091823495924472809e-02 3.683923184871673584e-02 5.739976093173027039e-02 2.697760164737701416e-01 7.170408964157104492e-02 6.166502460837364197e-02 5.341113805770874023e-01 7.935314178466796875e-01 5.108598327636718750e+01 7.640686817467212677e-03 9.383046068251132965e-03 3.493873775005340576e-02 1.275841891765594482e-02 9.615145623683929443e-03 6.851305067539215088e-02 8.516698837280273438e+00 3.696472167968750000e+00 4.406297683715820312e+00
7.500000000000000000e+03 6.775646805763244629e-01 1.514045238494873047e+00 1.218924999237060547e+00 2.108859084546566010e-02 1.893021538853645325e-02 1.900361105799674988e-02 1.972492784261703491e-01 4.996389150619506836e-02 3.516017645597457886e-02 2.235348820686340332e-01 9.326174110174179077e-02 1.534146690368652344e+01 2.611688338220119476e-03 5.735499784350395203e-03 1.235182024538516998e-02 3.838445991277694702e-03 4.910788964480161667e-03 1.791928522288799286e-02 5.684434890747070312e+00 2.791063785552978516e+00 2.168616056442260742e+00 4.298611640930175781e+00 6.880899414062500000e+03 1.146857177734375000e+03 2.108867466449737549e-02 1.893018186092376709e-02 1.900357566773891449e-02 1.972492337226867676e-01 4.996398836374282837e-02 3.516005352139472961e-02 2.235350161790847778e-01 9.326186776161193848e-02 1.534149646759033203e+01 2.611751202493906021e-03 5.735493265092372894e-03 1.235179137438535690e-02 3.838454140350222588e-03 4.910775925964117050e-03 1.791937276721000671e-02 5.684433460235595703e+00 2.791063547134399414e+00 2.168615818023681641e+00
8.000000000000000000e+03 4.814485311508178711e-01 1.011034011840820312e+00 8.958200812339782715e-01 1.366197224706411362e-02 1.187648531049489975e-02 1.256084162741899490e-02 1.349030733108520508e-01 3.850824758410453796e-02 1.543595362454652786e-02 1.779682934284210205e-01 5.435825139284133911e-02 8.526617050170898438e+00 2.454019617289304733e-03 5.306913051754236221e-03 9.440136142075061798e-03 2.829152857884764671e-03 4.232833627611398697e-03 1.099464576691389084e-02 4.141682624816894531e+00 2.298749923706054688e+00 1.571107506752014160e+00 4.073609352111816406e+00 1.178278222656250000e+04 1.860440063476562500e+03 1.366186514496803284e-02 1.187654398381710052e-02 1.256102323532104492e-02 1.349030286073684692e-01 3.850825875997543335e-02 1.543594989925622940e-02 1.779682189226150513e-01 5.435831472277641296e-02 8.526605606079101562e+00 2.454037545248866081e-03 5.306926555931568146e-03 9.440122172236442566e-03 2.829069737344980240e-03 4.232822917401790619e-03 1.099470444023609161e-02 4.141682624816894531e+00 2.298750162124633789e+00 1.571106791496276855e+00
8.500000000000000000e+03 4.055238962173461914e-01 7.353616952896118164e-01 6.690169572830200195e-01 9.168086573481559753e-03 7.962220348417758942e-03 9.486911818385124207e-03 8.566492050886154175e-02 3.154625743627548218e-02 7.693047635257244110e-03 1.033243387937545776e-01 3.700359165668487549e-02 7.040063858032226562e+00 1.965794712305068970e-03 4.063370637595653534e-03 6.932421587407588959e-03 2.064917935058474541e-03 3.405576571822166443e-03 7.051748223602771759e-03 3.038753032684326172e+00 1.846646785736083984e+00 1.247549176216125488e+00 3.915233373641967773e+00 1.488973144531250000e+04 2.208464599609375000e+03 9.168134070932865143e-03 7.962238043546676636e-03 9.486936032772064209e-03 8.566524833440780640e-02 3.154634684324264526e-02 7.693006191402673721e-03 1.033245027065277100e-01 3.700359165668487549e-02 7.040079116821289062e+00 1.965865259990096092e-03 4.063376225531101227e-03 6.932389922440052032e-03 2.064933301880955696e-03 3.405577968806028366e-03 7.051702123135328293e-03 3.038753032684326172e+00 1.846646666526794434e+00 1.247551321983337402e+00
9.000000000000000000e+03 3.400819599628448486e-01 5.909756422042846680e-01 5.263586640357971191e-01 5.894447676837444305e-03 5.330461077392101288e-03 7.326037622988224030e-03 5.658523738384246826e-02 2.586975321173667908e-02 5.630704108625650406e-03 7.525410503149032593e-02 2.911377325654029846e-02 6.532752513885498047e+00 1.322721131145954132e-03 2.591588068753480911e-03 4.948114510625600815e-03 1.576165901497006416e-03 2.578234765678644180e-03 4.874825477600097656e-03 2.346248388290405273e+00 1.465199589729309082e+00 9.939076900482177734e-01 4.482672691345214844e+00 2.038828515625000000e+04 2.885786376953125000e+03 5.894470959901809692e-03 5.330469459295272827e-03 7.326063234359025955e-03 5.658510699868202209e-02 2.586975507438182831e-02 5.630707368254661560e-03 7.525409758090972900e-02 2.911368198692798615e-02 6.532775878906250000e+00 1.322809839621186256e-03 2.591583412140607834e-03 4.948094021528959274e-03 1.576175913214683533e-03 2.578242681920528412e-03 4.874888341873884201e-03 2.346248865127563477e+00 1.465199589729309082e+00 9.939078092575073242e-01
9.500000000000000000e+03 2.917505204677581787e-01 4.821041524410247803e-01 4.211338162422180176e-01 3.828990971669554710e-03 4.041522741317749023e-03 8.574870415031909943e-03 3.976063430309295654e-02 2.135113812983036041e-02 5.193581338971853256e-03 5.489225685596466064e-02 2.809051238000392914e-02 6.045560359954833984e+00 1.219383091665804386e-03 1.854703878052532673e-03 8.562356233596801758e-03 1.139811472967267036e-03 1.999912085011601448e-03 1.108929887413978577e-02 1.865879893302917480e+00 1.179771184921264648e+00 8.130302429199218750e-01 4.625624179840087891e+00 2.470059179687500000e+04 3.678425781250000000e+03 3.829058725386857986e-03 4.041548352688550949e-03 8.574864827096462250e-03 3.976028040051460266e-02 2.135110087692737579e-02 5.193563178181648254e-03 5.489230901002883911e-02 2.809046953916549683e-02 6.045563697814941406e+00 1.219348283484578133e-03 1.854695612564682961e-03 8.562422357499599457e-03 1.139755011536180973e-03 1.999904401600360870e-03 1.108949445188045502e-02 1.865879893302917480e+00 1.179771184921264648e+00 8.130320906639099121e-01
1.000000000000000000e+04 4.131632149219512939e-01 5.568410158157348633e-01 5.682139992713928223e-01 3.925366327166557312e-03 4.529140423983335495e-03 7.822912186384201050e-03 3.491199761629104614e-02 2.379856817424297333e-02 5.146339070051908493e-03 8.635410666465759277e-02 5.485934764146804810e-02 6.551201820373535156e+00 1.645711250603199005e-03 1.567705767229199409e-03 5.023963283747434616e-03 2.257440006360411644e-03 2.402302576228976250e-03 6.051601842045783997e-03 1.764563918113708496e+00 1.198374509811401367e+00 9.432773590087890625e-01 4.826396465301513672e+00 1.170258496093750000e+04 2.039874633789062500e+03 3.925390075892210007e-03 4.529167897999286652e-03 7.822961546480655670e-03 3.491234406828880310e-02 2.379863709211349487e-02 5.146367941051721573e-03 8.635413646697998047e-02 5.485932528972625732e-02 6.551156997680664062e+00 1.645682961679995060e-03 1.567688188515603542e-03 5.024003330618143082e-03 2.257448621094226837e-03 2.402305603027343750e-03 6.051640491932630539e-03 1.764563918113708496e+00 1.198374509811401367e+00 9.432768821716308594e-01
1.050000000000000000e+04 2.507588267326354980e-01 3.729147315025329590e-01 3.314016759395599365e-01 3.253903239965438843e-03 3.720173612236976624e-03 4.818412009626626968e-03 2.683889865875244141e-02 1.782732456922531128e-02 4.256231710314750671e-03 4.860606789588928223e-02 2.065084874629974365e-02 5.775211334228515625e+00 7.574830087833106518e-04 1.239534700289368629e-03 2.222474664449691772e-03 1.429011346772313118e-03 1.527754240669310093e-03 3.473486285656690598e-03 1.453497171401977539e+00 9.809500575065612793e-01 7.013511061668395996e-01 4.666777610778808594e+00 1.539524316406250000e+04 2.594767333984375000e+03 3.253922564908862114e-03 3.720194799825549126e-03 4.818328656256198883e-03 2.683884464204311371e-02 1.782730035483837128e-02 4.256245680153369904e-03 4.860601946711540222e-02 2.065096981823444366e-02 5.775222778320312500e+00 7.575126946903765202e-04 1.239536679349839687e-03 2.222470473498106003e-03 1.428994117304682732e-03 1.527757383882999420e-03 3.473475808277726173e-03 1.453497409820556641e+00 9.809501171112060547e-01 7.013517022132873535e-01
1.100000000000000000e+04 2.137496769428253174e-01 3.329344689846038818e-01 2.805204987525939941e-01 2.717704512178897858e-03 3.020191099494695663e-03 3.911471925675868988e-03 2.261691913008689880e-02 1.611047610640525818e-02 3.952014725655317307e-03 4.093777760863304138e-02 1.673734374344348907e-02 5.430693149566650391e+00 7.253409130498766899e-04 9.630966233089566231e-04 2.003233414143323898e-03 1.163360197097063065e-03 1.175982877612113953e-03 3.212949726730585098e-03 1.326283097267150879e+00 8.630775809288024902e-01 5.773583650588989258e-01 7.387007713317871094e+00 1.960992578125000000e+04 3.828844970703125000e+03 2.717712428420782089e-03 3.020188538357615471e-03 3.911487758159637451e-03 2.261704765260219574e-02 1.611050404608249664e-02 3.952023107558488846e-03 4.093778878450393677e-02 1.673731766641139984e-02 5.430708408355712891e+00 7.252747309394180775e-04 9.630789863876998425e-04 2.003221306949853897e-03 1.163380453363060951e-03 1.175980083644390106e-03 3.213007468730211258e-03 1.326283097267150879e+00 8.630778789520263672e-01 5.773581862449645996e-01
1.150000000000000000e+04 1.918858736753463745e-01 2.985578179359436035e-01 2.430647909641265869e-01 2.222234150394797325e-03 2.452496206387877464e-03 3.172318916767835617e-03 1.919022388756275177e-02 1.519648730754852295e-02 3.606663085520267487e-03 3.300476074218750000e-02 2.031046897172927856e-02 5.080409049987792969e+00 7.037614705041050911e-04 7.575454073958098888e-04 1.908494043163955212e-03 1.025031902827322483e-03 9.367795428261160851e-04 3.037284594029188156e-03 1.184661746025085449e+00 7.735401988029479980e-01 5.024355649948120117e-01 1.133724021911621094e+01 2.190731445312500000e+04 4.377467285156250000e+03 2.222232986241579056e-03 2.452501095831394196e-03 3.172257915139198303e-03 1.919014565646648407e-02 1.519640348851680756e-02 3.606643993407487869e-03 3.300467878580093384e-02 2.031056955456733704e-02 5.080397129058837891e+00 7.037852192297577858e-04 7.575360941700637341e-04 1.908481353893876076e-03 1.025028876028954983e-03 9.367602760903537273e-04 3.037250600755214691e-03 1.184661984443664551e+00 7.735401391983032227e-01 5.024372339248657227e-01
1.200000000000000000e+04 1.826587319374084473e-01 2.645080983638763428e-01 2.094083875417709351e-01 1.894454355351626873e-03 2.135601360350847244e-03 2.887303475290536880e-03 1.624766550958156586e-02 1.483458094298839569e-02 3.120212582871317863e-03 2.927968651056289673e-02 3.459466248750686646e-02 4.571048736572265625e+00 7.478162879124283791e-04 6.704460247419774532e-04 1.742016524076461792e-03 8.969244663603603840e-04 8.352869772352278233e-04 2.822995884343981743e-03 1.060443043708801270e+00 7.004669308662414551e-01 4.457990527153015137e-01 1.459427738189697266e+01 2.184903515625000000e+04 3.840025390625000000e+03 1.894459244795143604e-03 2.135587623342871666e-03 2.887302311137318611e-03 1.624770835041999817e-02 1.483462657779455185e-02 3.120224457234144211e-03 2.927976846694946289e-02 3.459455072879791260e-02 4.571034431457519531e+00 7.478415500372648239e-04 6.704453844577074051e-04 1.742006395943462849e-03 8.969110785983502865e-04 8.352854638360440731e-04 2.822944894433021545e-03 1.060442805290222168e+00 7.004668712615966797e-01 4.457987844944000244e-01
1.250000000000000000e+04 1.709948033094406128e-01 2.360761612653732300e-01 1.860440075397491455e-01 1.729945768602192402e-03 1.773584517650306225e-03 2.233758568763732910e-03 1.372464466840028763e-02 1.346560660749673843e-02 2.770713996142148972e-03 2.174885757267475128e-02 2.612964063882827759e-02 4.175539970397949219e+00 6.598455947823822498e-04 6.554926512762904167e-04 1.606937148608267307e-03 7.789657684043049812e-04 7.202643901109695435e-04 2.461888128891587257e-03 9.630427360534667969e-01 6.406512856483459473e-01 3.868696689605712891e-01 1.803754615783691406e+01 2.167149023437500000e+04 3.620950439453125000e+03 1.729945768602192402e-03 1.773621304892003536e-03 2.233725041151046753e-03 1.372463256120681763e-02 1.346562057733535767e-02 2.770716091617941856e-03 2.174874767661094666e-02 2.612960524857044220e-02 4.175552845001220703e+00 6.598658510483801365e-04 6.554889259859919548e-04 1.606924342922866344e-03 7.789755472913384438e-04 7.202600827440619469e-04 2.461884170770645142e-03 9.630426764488220215e-01 6.406512856483459473e-01 3.868706524372100830e-01
1.300000000000000000e+04 1.593892723321914673e-01 2.114049792289733887e-01 1.687723249197006226e-01 1.558324322104454041e-03 1.518829842098057270e-03 3.723221831023693085e-03 1.191551983356475830e-02 1.236142404377460480e-02 2.325869863852858543e-03 1.730978116393089294e-02 1.748698577284812927e-02 3.827975749969482422e+00 6.256096530705690384e-04 6.071242969483137131e-04 6.858061533421278000e-03 8.105367887765169144e-04 6.452094530686736107e-04 6.207410246133804321e-03 8.798936009407043457e-01 5.913973450660705566e-01 3.375166654586791992e-01 2.187532615661621094e+01 2.269280078125000000e+04 3.570567382812500000e+03 1.558356918394565582e-03 1.518836943432688713e-03 3.723237896338105202e-03 1.191552635282278061e-02 1.236151810735464096e-02 2.325939014554023743e-03 1.730976998805999756e-02 1.748700626194477081e-02 3.827967882156372070e+00 6.256641936488449574e-04 6.071251700632274151e-04 6.858115550130605698e-03 8.105569286271929741e-04 6.452040397562086582e-04 6.207448430359363556e-03 8.798934221267700195e-01 5.913972258567810059e-01 3.375158011913299561e-01
1.350000000000000000e+04 1.507438272237777710e-01 1.918289065361022949e-01 1.528782695531845093e-01 1.414921600371599197e-03 1.307994942180812359e-03 1.963707851245999336e-03 1.034044474363327026e-02 1.133635733276605606e-02 1.989140873774886131e-03 1.482077781111001968e-02 1.372127886861562729e-02 3.488373279571533203e+00 5.492599448189139366e-04 6.126121152192354202e-04 2.518004039302468300e-03 6.562181515619158745e-04 5.774385062977671623e-04 2.935429802164435387e-03 8.098170161247253418e-01 5.507555007934570312e-01 2.873676717281341553e-01 2.509340858459472656e+01 2.359621875000000000e+04 3.750803710937500000e+03 1.414900645613670349e-03 1.308000064454972744e-03 1.963752787560224533e-03 1.034042425453662872e-02 1.133638620376586914e-02 1.989116659387946129e-03 1.482083555310964584e-02 1.372118014842271805e-02 3.488358974456787109e+00 5.492534255608916283e-04 6.126105436123907566e-04 2.518014051020145416e-03 6.562158232554793358e-04 5.774469464085996151e-04 2.935486845672130585e-03 8.098171949386596680e-01 5.507555007934570312e-01 2.873682677745819092e-01
1.400000000000000000e+04 1.444064229726791382e-01 1.856756359338760376e-01 1.437870860099792480e-01 1.388661563396453857e-03 1.160323969088494778e-03 2.129465574398636818e-03 9.013514965772628784e-03 1.034221053123474121e-02 1.939212903380393982e-03 1.421047747135162354e-02 1.594280079007148743e-02 3.204073905944824219e+00 4.774810513481497765e-04 6.002806476317346096e-04 2.277533989399671555e-03 6.026215269230306149e-04 5.377253983169794083e-04 3.491789568215608597e-03 7.507681250572204590e-01 5.156344771385192871e-01 2.469625324010848999e-01 2.954455566406250000e+01 2.504637109375000000e+04 3.790794677734375000e+03 1.388709177263081074e-03 1.160334912128746510e-03 2.129441825672984123e-03 9.013613685965538025e-03 1.034217327833175659e-02 1.939239329658448696e-03 1.421050075441598892e-02 1.594286598265171051e-02 3.204098939895629883e+00 4.774678964167833328e-04 6.002774462103843689e-04 2.277495339512825012e-03 6.026350311003625393e-04 5.377201596274971962e-04 3.491861280053853989e-03 7.507678866386413574e-01 5.156345367431640625e-01 2.469625473022460938e-01
1.450000000000000000e+04 1.374782770872116089e-01 1.719018518924713135e-01 1.540017575025558472e-01 1.265555503778159618e-03 1.296439673751592636e-03 1.862552599050104618e-03 8.028632961213588715e-03 1.005718018859624863e-02 1.895435852929949760e-03 1.547451503574848175e-02 1.904285326600074768e-02 2.932114839553833008e+00 6.062776665203273296e-04 6.819566478952765465e-04 2.679029712453484535e-03 5.295953014865517616e-04 5.073964712209999561e-04 2.460008254274725914e-03 7.034329175949096680e-01 4.840673804283142090e-01 2.149662226438522339e-01 3.370977020263671875e+01 2.833352734375000000e+04 3.779482177734375000e+03 1.265616854652762413e-03 1.296441885642707348e-03 1.862538163550198078e-03 8.028589189052581787e-03 1.005717366933822632e-02 1.895391149446368217e-03 1.547461189329624176e-02 1.904289424419403076e-02 2.932118892669677734e+00 6.062000757083296776e-04 6.819522823207080364e-04 2.679048338904976845e-03 5.295745795592665672e-04 5.074001965112984180e-04 2.460007322952151299e-03 7.034330368041992188e-01 4.840673506259918213e-01 2.149671465158462524e-01
1.500000000000000000e+04 1.304456442594528198e-01 1.468766778707504272e-01 1.306576281785964966e-01 1.272378256544470787e-03 1.093080616556107998e-03 2.933262148872017860e-03 6.952896714210510254e-03 8.187577128410339355e-03 2.199553418904542923e-03 1.367750670760869980e-02 2.204963564872741699e-02 2.694046974182128906e+00 3.789934271480888128e-04 6.010620854794979095e-04 2.808704040944576263e-03 4.955074982717633247e-04 4.249000630807131529e-04 2.138522686436772346e-03 6.674997806549072266e-01 4.582935571670532227e-01 1.888551414012908936e-01 3.673198699951171875e+01 3.279347656250000000e+04 3.952618408203125000e+03 1.272360794246196747e-03 1.093105995096266270e-03 2.933271462097764015e-03 6.952923256903886795e-03 8.187587372958660126e-03 2.199594629928469658e-03 1.367745827883481979e-02 2.204954810440540314e-02 2.694041728973388672e+00 3.790296032093465328e-04 6.010580109432339668e-04 2.808723598718643188e-03 4.955300246365368366e-04 4.249001794960349798e-04 2.138613024726510048e-03 6.674999594688415527e-01 4.582935571670532227e-01 1.888546347618103027e-01
1.550000000000000000e+04 1.255121529102325439e-01 1.470921933650970459e-01 1.222272664308547974e-01 1.083946786820888519e-03 1.060876762494444847e-03 6.668810732662677765e-03 6.458516232669353485e-03 8.368381299078464508e-03 2.175500849261879921e-03 1.357346773147583008e-02 2.154517732560634613e-02 2.551252841949462891e+00 5.331806605681777000e-04 4.520307702478021383e-04 8.823560550808906555e-03 5.008091102354228497e-04 3.837669501081109047e-04 4.407777450978755951e-03 6.301379799842834473e-01 4.324187636375427246e-01 1.758081465959548950e-01 3.872236633300781250e+01 3.551690234375000000e+04 3.878547119140625000e+03 1.083948416635394096e-03 1.060872804373502731e-03 6.668813992291688919e-03 6.458456628024578094e-03 8.368451148271560669e-03 2.175515284761786461e-03 1.357345096766948700e-02 2.154520153999328613e-02 2.551267623901367188e+00 5.332094151526689529e-04 4.520381044130772352e-04 8.823555894196033478e-03 5.008060252293944359e-04 3.837640979327261448e-04 4.407808184623718262e-03 6.301379203796386719e-01 4.324187636375427246e-01 1.758085340261459351e-01
1.600000000000000000e+04 1.170437857508659363e-01 1.251378357410430908e-01 1.042541861534118652e-01 1.015792833641171455e-03 1.124226837418973446e-03 1.126747461967170238e-03 5.674730986356735229e-03 7.203779183328151703e-03 1.550096203573048115e-03 1.386084686964750290e-02 2.060860395431518555e-02 2.266825914382934570e+00 4.112956521566957235e-04 4.749366198666393757e-04 1.224935753270983696e-03 4.086946428287774324e-04 4.117899225093424320e-04 1.392054255120456219e-03 6.040583848953247070e-01 4.129261970520019531e-01 1.532108038663864136e-01 3.920306777954101562e+01 3.941697656250000000e+04 3.962821533203125000e+03 1.015770132653415203e-03 1.124220318160951138e-03 1.126770395785570145e-03 5.674661137163639069e-03 7.203724235296249390e-03 1.550094573758542538e-03 1.386083848774433136e-02 2.060857601463794708e-02 2.266824483871459961e+00 4.113486211281269789e-04 4.749305662699043751e-04 1.224937033839523792e-03 4.086873086635023355e-04 4.117797652725130320e-04 1.392104662954807281e-03 6.040584444999694824e-01 4.129261970520019531e-01 1.532110124826431274e-01
1.650000000000000000e+04 1.105190292000770569e-01 1.346203088760375977e-01 1.166794672608375549e-01 1.246430329047143459e-03 9.675879264250397682e-04 7.757390849292278290e-03 5.156141240149736404e-03 6.718017160892486572e-03 3.026842838153243065e-03 1.745922677218914032e-02 1.520048733800649643e-02 2.185529232025146484e+00 3.734244965016841888e-04 4.274674865882843733e-04 3.363979281857609749e-03 4.364126943983137608e-04 3.162158827763050795e-04 3.625458572059869766e-03 5.770468711853027344e-01 3.924814462661743164e-01 1.464105397462844849e-01 3.791577529907226562e+01 4.375233984375000000e+04 3.954208740234375000e+03 1.246475847437977791e-03 9.675823966972529888e-04 7.757393643260002136e-03 5.156108643859624863e-03 6.718060933053493500e-03 3.026765771210193634e-03 1.745918393135070801e-02 1.520053017884492874e-02 2.185543060302734375e+00 3.735024074558168650e-04 4.274636157788336277e-04 3.364017233252525330e-03 4.363898769952356815e-04 3.162177163176238537e-04 3.625482320785522461e-03 5.770468115806579590e-01 3.924813866615295410e-01 1.464105099439620972e-01
1.700000000000000000e+04 1.308201700448989868e-01 1.230768784880638123e-01 1.109784394502639771e-01 9.530625538900494576e-04 1.030201208777725697e-03 1.163809793069958687e-03 5.284442566335201263e-03 7.744167000055313110e-03 1.556519535370171070e-03 1.706717349588871002e-02 1.855600811541080475e-02 2.007429361343383789e+00 5.184260080568492413e-04 4.338804865255951881e-04 1.090451725758612156e-03 5.497159436345100403e-04 3.949372912757098675e-04 1.314545283094048500e-03 5.751505494117736816e-01 4.481837749481201172e-01 1.576668173074722290e-01 2.911653900146484375e+01 3.533589453125000000e+04 2.934195312500000000e+03 9.530975949019193649e-04 1.030196319334208965e-03 1.163816312327980995e-03 5.284352228045463562e-03 7.744167000055313110e-03 1.556539908051490784e-03 1.706711947917938232e-02 1.855613850057125092e-02 2.007430791854858398e+00 5.184621550142765045e-04 4.338799626566469669e-04 1.090445555746555328e-03 5.497084348462522030e-04 3.949292295146733522e-04 1.314583932980895042e-03 5.751506686210632324e-01 4.481838941574096680e-01 1.576669216156005859e-01
1.750000000000000000e+04 1.093614324927330017e-01 1.041418164968490601e-01 8.712358772754669189e-02 9.558406891301274300e-04 9.004061575978994370e-04 1.009464380331337452e-03 4.760817624628543854e-03 6.931319832801818848e-03 1.328106853179633617e-03 1.452155783772468567e-02 1.753915846347808838e-02 1.793154597282409668e+00 4.450165433809161186e-04 3.883806930389255285e-04 8.925063302740454674e-04 4.187531303614377975e-04 3.239258949179202318e-04 9.344593854621052742e-04 5.567867755889892578e-01 4.103322625160217285e-01 1.292131841182708740e-01 3.173913383483886719e+01 3.632021093750000000e+04 2.816085205078125000e+03 9.558551246300339699e-04 9.004158200696110725e-04 1.009468454867601395e-03 4.760724958032369614e-03 6.931411102414131165e-03 1.328105106949806213e-03 1.452153548598289490e-02 1.753921248018741608e-02 1.793165802955627441e+00 4.449621192179620266e-04 3.883819153998047113e-04 8.924916619434952736e-04 4.187513259239494801e-04 3.239297366235405207e-04 9.344715508632361889e-04 5.567868351936340332e-01 4.103322327136993408e-01 1.292130500078201294e-01
1.800000000000000000e+04 1.046272069215774536e-01 9.891344606876373291e-02 8.089827746152877808e-02 9.622045326977968216e-04 8.625388727523386478e-04 1.000702963210642338e-03 4.518153611570596695e-03 6.545956246554851532e-03 1.276966882869601250e-03 1.379715837538242340e-02 1.349708158522844315e-02 1.655304551124572754e+00 4.173499182797968388e-04 3.567375533748418093e-04 8.781194919720292091e-04 3.829043707810342312e-04 2.808749850373715162e-04 9.026151965372264385e-04 5.417315959930419922e-01 3.916092514991760254e-01 1.198473721742630005e-01 3.547898483276367188e+01 3.839223437500000000e+04 3.126517578125000000e+03 9.621849167160689831e-04 8.625257178209722042e-04 1.000670250505208969e-03 4.518132656812667847e-03 6.545929238200187683e-03 1.276939758099615574e-03 1.379710994660854340e-02 1.349705271422863007e-02 1.655303120613098145e+00 4.173417109996080399e-04 3.567363019101321697e-04 8.781061042100191116e-04 3.828937478829175234e-04 2.808742283377796412e-04 9.026608313433825970e-04 5.417315363883972168e-01 3.916092514991760254e-01 1.198470965027809143e-01
1.850000000000000000e+04 1.015819758176803589e-01 9.525811672210693359e-02 7.734933495521545410e-02 9.490228840149939060e-04 8.402008679695427418e-04 3.166500944644212723e-03 4.237071145325899124e-03 6.303625181317329407e-03 1.636437140405178070e-03 1.278165262192487717e-02 1.150137558579444885e-02 1.515448570251464844e+00 5.703844362869858742e-04 4.097417113371193409e-04 1.212396565824747086e-02 4.633970675058662891e-04 2.574551617726683617e-04 1.138068549335002899e-02 5.253329873085021973e-01 3.708202242851257324e-01 1.170991361141204834e-01 3.698006439208984375e+01 4.013639453125000000e+04 3.341503662109375000e+03 9.490209049545228481e-04 8.402077946811914444e-04 3.166513517498970032e-03 4.237148910760879517e-03 6.303652655333280563e-03 1.636423636227846146e-03 1.278170198202133179e-02 1.150141377002000809e-02 1.515441417694091797e+00 5.703418282791972160e-04 4.097500350326299667e-04 1.212400849908590317e-02 4.633897624444216490e-04 2.574558602645993233e-04 1.138046383857727051e-02 5.253330469131469727e-01 3.708201944828033447e-01 1.170993000268936157e-01
1.900000000000000000e+04 9.858562052249908447e-02 1.047579571604728699e-01 8.567560464143753052e-02 8.626258932054042816e-04 8.178472635336220264e-04 2.427023369818925858e-03 4.101877100765705109e-03 5.862060002982616425e-03 1.585199497640132904e-03 1.185643486678600311e-02 1.026717573404312134e-02 1.433861970901489258e+00 4.355100390966981649e-04 3.113951242994517088e-04 1.357337925583124161e-03 3.432313096709549427e-04 2.355484175495803356e-04 1.723326742649078369e-03 5.072886347770690918e-01 3.489856719970703125e-01 1.074990332126617432e-01 3.612878036499023438e+01 4.135211328125000000e+04 3.470697021484375000e+03 8.625856135040521622e-04 8.178470889106392860e-04 2.427046652883291245e-03 4.101925529539585114e-03 5.862056277692317963e-03 1.585220918059349060e-03 1.185648608952760696e-02 1.026716083288192749e-02 1.433848619461059570e+00 4.354704287834465504e-04 3.113897691946476698e-04 1.357351895421743393e-03 3.432282246649265289e-04 2.355506148887798190e-04 1.723320689052343369e-03 5.072885155677795410e-01 3.489856719970703125e-01 1.074988543987274170e-01
1.950000000000000000e+04 9.568613022565841675e-02 8.588295429944992065e-02 6.755623966455459595e-02 8.285618969239294529e-04 7.901765056885778904e-04 1.012331806123256683e-03 3.863038960844278336e-03 5.579688120633363724e-03 1.323894131928682327e-03 1.142916362732648849e-02 9.264441207051277161e-03 1.214789748191833496e+00 3.923458571080118418e-04 2.831395540852099657e-04 8.252799743786454201e-04 3.097634471487253904e-04 2.215166896348819137e-04 7.896265597082674503e-04 4.884067177772521973e-01 3.330791592597961426e-01 9.830818325281143188e-02 3.438691329956054688e+01 4.245452343750000000e+04 3.500637207031250000e+03 8.286135271191596985e-04 7.901871576905250549e-04 1.012342050671577454e-03 3.863080404698848724e-03 5.579740740358829498e-03 1.323866192251443863e-03 1.142918039113283157e-02 9.264462627470493317e-03 1.214791417121887207e+00 3.923393669538199902e-04 2.831383317243307829e-04 8.252813131548464298e-04 3.097618464380502701e-04 2.215137501480057836e-04 7.896084571257233620e-04 4.884065687656402588e-01 3.330790996551513672e-01 9.830848127603530884e-02
2.000000000000000000e+04 9.251482039690017700e-02 8.444539457559585571e-02 6.611669808626174927e-02 7.739918073639273643e-04 7.837534067220985889e-04 1.244306215085089207e-03 3.742925357073545456e-03 5.494830198585987091e-03 1.363405026495456696e-03 1.225407980382442474e-02 8.869027718901634216e-03 1.086585879325866699e+00 3.689818549901247025e-04 2.642842009663581848e-04 9.079290321096777916e-04 3.022892924491316080e-04 2.106598403770476580e-04 7.709290366619825363e-04 4.720951318740844727e-01 3.190003335475921631e-01 9.070187062025070190e-02 3.303935241699218750e+01 4.520046093750000000e+04 3.651779296875000000e+03 7.739872671663761139e-04 7.837506709620356560e-04 1.244308543391525745e-03 3.742871573194861412e-03 5.494870711117982864e-03 1.363457296974956989e-03 1.225411985069513321e-02 8.868965320289134979e-03 1.086581826210021973e+00 3.689939621835947037e-04 2.642850740812718868e-04 9.079393930733203888e-04 3.022974706254899502e-04 2.106599422404542565e-04 7.709206547588109970e-04 4.720950424671173096e-01 3.190003037452697754e-01 9.070187062025070190e-02
2.050000000000000000e+04 9.009087830781936646e-02 8.019381016492843628e-02 6.333165615797042847e-02 6.924320477992296219e-04 7.503998349420726299e-04 2.534084953367710114e-03 3.568224143236875534e-03 5.127304233610630035e-03 1.622907700948417187e-03 1.187540031969547272e-02 8.154382929205894470e-03 9.955232739448547363e-01 4.062328371219336987e-04 2.415473572909832001e-04 1.184180844575166702e-03 2.944168518297374249e-04 2.038111415458843112e-04 1.321695046499371529e-03 4.566485881805419922e-01 3.061119914054870605e-01 8.549440652132034302e-02 3.286883163452148438e+01 4.658853515625000000e+04 3.601172363281250000e+03 6.924475892446935177e-04 7.504066452383995056e-04 2.534085884690284729e-03 3.568232292309403419e-03 5.127270240336656570e-03 1.622873940505087376e-03 1.187542080879211426e-02 8.154409937560558319e-03 9.955198168754577637e-01 4.062213993165642023e-04 2.415510534774512053e-04 1.184183522127568722e-03 2.944179286714643240e-04 2.038093516603112221e-04 1.321716932579874992e-03 4.566485285758972168e-01 3.061119914054870605e-01 8.549421280622482300e-02
2.100000000000000000e+04 8.777310699224472046e-02 7.291010767221450806e-02 5.714880302548408508e-02 6.369661423377692699e-04 7.185615831986069679e-04 1.092516235075891018e-03 3.345860401168465614e-03 4.917479120194911957e-03 1.351979444734752178e-03 1.111989654600620270e-02 6.545623298734426498e-03 8.580771684646606445e-01 3.704965929500758648e-04 2.298426261404529214e-04 9.262510575354099274e-04 2.755945315584540367e-04 1.965918054338544607e-04 7.239893311634659767e-04 4.415912032127380371e-01 2.939853072166442871e-01 7.661747932434082031e-02 3.286497879028320312e+01 4.838435156250000000e+04 3.807918212890625000e+03 6.369635229930281639e-04 7.185556460171937943e-04 1.092513324692845345e-03 3.345837816596031189e-03 4.917487967759370804e-03 1.352026709355413914e-03 1.111986953765153885e-02 6.545600015670061111e-03 8.580872416496276855e-01 3.704646369442343712e-04 2.298378385603427887e-04 9.262468083761632442e-04 2.756016619969159365e-04 1.965845294762402773e-04 7.239960832521319389e-04 4.415911138057708740e-01 2.939852774143218994e-01 7.661750912666320801e-02
2.150000000000000000e+04 8.588365465402603149e-02 7.596008479595184326e-02 6.437981128692626953e-02 5.999237764626741409e-04 8.052571211010217667e-04 1.220471691340208054e-03 3.260307712480425835e-03 5.105827935039997101e-03 1.309509389102458954e-03 1.252330653369426727e-02 6.165251135826110840e-03 7.585009932518005371e-01 3.825314342975616455e-04 2.387426357017830014e-04 1.891630818136036396e-03 2.747406833805143833e-04 2.211034297943115234e-04 1.884867786429822445e-03 4.247683286666870117e-01 2.817008495330810547e-01 7.170198857784271240e-02 3.343714904785156250e+01 5.020205468750000000e+04 4.136296875000000000e+03 5.998976412229239941e-04 8.052639313973486423e-04 1.220459351316094398e-03 3.260374534875154495e-03 5.105781368911266327e-03 1.309498213231563568e-03 1.252325624227523804e-02 6.165239494293928146e-03 7.585063576698303223e-01 3.825025050900876522e-04 2.387391432421281934e-04 1.891658757813274860e-03 2.747322432696819305e-04 2.211036771768704057e-04 1.884976867586374283e-03 4.247683882713317871e-01 2.817008793354034424e-01 7.170198857784271240e-02
2.200000000000000000e+04 8.400956541299819946e-02 6.549721211194992065e-02 5.196290090680122375e-02 5.316056776791810989e-04 6.855133688077330589e-04 1.144249108619987965e-03 3.050270956009626389e-03 4.748153500258922577e-03 1.342348521575331688e-03 1.191136986017227173e-02 5.340309813618659973e-03 6.702471971511840820e-01 4.036757163703441620e-04 2.299550105817615986e-04 1.615258050151169300e-03 2.591641969047486782e-04 1.856627786764875054e-04 1.673261751420795918e-03 4.106684327125549316e-01 2.698338329792022705e-01 6.681512296199798584e-02 3.308675384521484375e+01 5.195555468750000000e+04 4.373410644531250000e+03 5.315940361469984055e-04 6.855251267552375793e-04 1.144293113611638546e-03 3.050293074920773506e-03 4.748145118355751038e-03 1.342384493909776211e-03 1.191147044301033020e-02 5.340309813618659973e-03 6.702408194541931152e-01 4.036051686853170395e-04 2.299647603649646044e-04 1.615240005776286125e-03 2.591511001810431480e-04 1.856642193160951138e-04 1.673253485932946205e-03 4.106684327125549316e-01 2.698338627815246582e-01 6.681525707244873047e-02
2.250000000000000000e+04 8.242692798376083374e-02 6.348688900470733643e-02 5.249943584203720093e-02 5.189299117773771286e-04 6.741366232745349407e-04 1.738778082653880119e-03 3.032394684851169586e-03 4.265653900802135468e-03 1.570611493661999702e-03 1.162851601839065552e-02 4.854153376072645187e-03 5.891854166984558105e-01 3.580021730158478022e-04 2.144294849131256342e-04 1.201941515319049358e-03 2.381001540925353765e-04 1.814362185541540384e-04 8.684945059940218925e-04 3.972599208354949951e-01 2.592080831527709961e-01 6.261535733938217163e-02 3.244639587402343750e+01 5.345929296875000000e+04 4.575898437500000000e+03 5.189471412450075150e-04 6.741455290466547012e-04 1.738744205795228481e-03 3.032350214198231697e-03 4.265675786882638931e-03 1.570627093315124512e-03 1.162855420261621475e-02 4.854150582104921341e-03 5.891788601875305176e-01 3.580094780772924423e-04 2.144246827811002731e-04 1.201934297569096088e-03 2.380931255174800754e-04 1.814390998333692551e-04 8.684853673912584782e-04 3.972597718238830566e-01 2.592080831527709961e-01 6.261528283357620239e-02
2.300000000000000000e+04 8.035633713006973267e-02 6.257043033838272095e-02 5.142471939325332642e-02 5.107325268909335136e-04 6.706759450025856495e-04 2.211018698289990425e-03 2.815049607306718826e-03 4.337622318416833878e-03 1.374599523842334747e-03 1.095801498740911484e-02 4.694277420639991760e-03 5.487484931945800781e-01 2.940745034720748663e-04 2.068987232632935047e-04 1.597255468368530273e-03 2.616261190269142389e-04 1.833685528254136443e-04 2.268015174195170403e-03 3.851781785488128662e-01 2.485809922218322754e-01 5.962783843278884888e-02 3.214417266845703125e+01 5.642778515625000000e+04 4.919787109375000000e+03 5.107395118102431297e-04 6.706689018756151199e-04 2.210992155596613884e-03 2.815082203596830368e-03 4.337634891271591187e-03 1.374625600874423981e-03 1.095796935260295868e-02 4.694278351962566376e-03 5.487473011016845703e-01 2.940388803835958242e-04 2.069049805868417025e-04 1.597251044586300850e-03 2.616550773382186890e-04 1.833724963944405317e-04 2.268075942993164062e-03 3.851781785488128662e-01 2.485810369253158569e-01 5.962776392698287964e-02
2.350000000000000000e+04 7.853029668331146240e-02 5.461011826992034912e-02 4.336867481470108032e-02 4.633752105291932821e-04 6.298410007730126381e-04 6.133586284704506397e-04 2.749592997133731842e-03 4.153811372816562653e-03 1.111986231990158558e-03 9.600533172488212585e-03 4.190680570900440216e-03 4.476108849048614502e-01 3.130680415779352188e-04 2.007680013775825500e-04 7.397310109809041023e-04 2.257005253341048956e-04 1.612228516023606062e-04 6.047075148671865463e-04 3.735863864421844482e-01 2.381555885076522827e-01 5.341209471225738525e-02 3.196500968933105469e+01 5.747350781250000000e+04 5.053020996093750000e+03 4.633853386621922255e-04 6.298272055573761463e-04 6.133594433777034283e-04 2.749553415924310684e-03 4.153788555413484573e-03 1.111974939703941345e-03 9.600682184100151062e-03 4.190696403384208679e-03 4.476127624511718750e-01 3.130759578198194504e-04 2.007701405091211200e-04 7.397440494969487190e-04 2.257044397993013263e-04 1.612228807061910629e-04 6.047153146937489510e-04 3.735862374305725098e-01 2.381556034088134766e-01 5.341207981109619141e-02
2.400000000000000000e+04 8.744326978921890259e-02 5.987380072474479675e-02 5.370819568634033203e-02 6.019381107762455940e-04 5.852566100656986237e-04 6.800412083975970745e-04 2.963601378723978996e-03 4.497094545513391495e-03 1.155292033217847347e-03 2.002569288015365601e-02 1.123673748224973679e-02 4.241459369659423828e-01 3.073370899073779583e-04 2.157576818717643619e-04 5.945286247879266739e-04 2.382805396337062120e-04 2.113616210408508778e-04 6.658694474026560783e-04 3.821858763694763184e-01 2.984642684459686279e-01 6.433467566967010498e-02 3.216027832031250000e+01 5.360630078125000000e+04 4.050264160156250000e+03 6.019393331371247768e-04 5.852720933035016060e-04 6.800417322665452957e-04 2.963747829198837280e-03 4.497050307691097260e-03 1.155300764366984367e-03 2.002564817667007446e-02 1.123671419918537140e-02 4.241457283496856689e-01 3.072941326536238194e-04 2.157565759262070060e-04 5.945530720055103302e-04 2.382800157647579908e-04 2.113602531608194113e-04 6.659094942733645439e-04 3.821859359741210938e-01 2.984642684459686279e-01 6.433477997779846191e-02
2.450000000000000000e+04 7.724548131227493286e-02 4.978398978710174561e-02 4.088331013917922974e-02 4.690925125032663345e-04 5.662075709551572800e-04 5.039026145823299885e-04 2.797525143250823021e-03 4.187010228633880615e-03 1.013718778267502785e-03 1.063241437077522278e-02 5.126249976456165314e-03 3.773364722728729248e-01 3.239903016947209835e-04 2.077414101222530007e-04 5.456179496832191944e-04 2.201281022280454636e-04 1.673919177846983075e-04 5.374007159844040871e-04 3.705514669418334961e-01 2.638888955116271973e-01 5.160912126302719116e-02 3.250083923339843750e+01 5.123734765625000000e+04 4.063527832031250000e+03 4.690952482633292675e-04 5.662192124873399734e-04 5.038943490944802761e-04 2.797460183501243591e-03 4.187045618891716003e-03 1.013724249787628651e-03 1.063247956335544586e-02 5.126247182488441467e-03 3.773338794708251953e-01 3.239789220970124006e-04 2.077402459690347314e-04 5.456334329210221767e-04 2.201284369220957160e-04 1.673954247962683439e-04 5.373976891860365868e-04 3.705515265464782715e-01 2.638889253139495850e-01 5.160912871360778809e-02
2.500000000000000000e+04 7.649896293878555298e-02 5.458689481019973755e-02 6.964750587940216064e-02 5.175409605726599693e-04 5.656292196363210678e-04 4.267807118594646454e-03 2.810768783092498779e-03 3.752653952687978745e-03 1.770438626408576965e-03 1.005103904753923416e-02 4.687614738941192627e-03 4.008170366287231445e-01 4.275416431482881308e-04 1.970791199710220098e-04 3.193141659721732140e-03 2.131703658960759640e-04 1.532274764031171799e-04 1.792840193957090378e-03 3.646638691425323486e-01 2.523652315139770508e-01 5.197530984878540039e-02 3.301249694824218750e+01 5.008949218750000000e+04 4.128951660156250000e+03 5.175770493224263191e-04 5.656260182149708271e-04 4.267864394932985306e-03 2.810706384479999542e-03 3.752665594220161438e-03 1.770424190908670425e-03 1.005116011947393417e-02 4.687619861215353012e-03 4.008166790008544922e-01 4.275263927411288023e-04 1.970794837689027190e-04 3.193163312971591949e-03 2.131636574631556869e-04 1.532209571450948715e-04 1.792860566638410091e-03 3.646637797355651855e-01 2.523652017116546631e-01 5.197523534297943115e-02
2.550000000000000000e+04 7.376592606306076050e-02 4.530100151896476746e-02 3.661725297570228577e-02 4.240618727635592222e-04 5.652179825119674206e-04 4.697288386523723602e-04 2.634663833305239677e-03 3.861037548631429672e-03 9.593581780791282654e-04 8.352716453373432159e-03 4.219606518745422363e-03 3.135017156600952148e-01 3.112063859589397907e-04 1.971732708625495434e-04 5.191027885302901268e-04 2.021841937676072121e-04 1.412284473190084100e-04 4.850585828535258770e-04 3.567418456077575684e-01 2.367902100086212158e-01 4.566334560513496399e-02 3.301206207275390625e+01 5.093157812500000000e+04 4.319909667968750000e+03 4.240582638885825872e-04 5.652218824252486229e-04 4.697204567492008209e-04 2.634627511724829674e-03 3.861015429720282555e-03 9.593337890692055225e-04 8.352705277502536774e-03 4.219574388116598129e-03 3.135060667991638184e-01 3.111789992544800043e-04 1.971663441509008408e-04 5.191167001612484455e-04 2.021950494963675737e-04 1.412278797943145037e-04 4.850642872042953968e-04 3.567418158054351807e-01 2.367902547121047974e-01 4.566330090165138245e-02
2.600000000000000000e+04 7.218967378139495850e-02 4.431375861167907715e-02 3.614773601293563843e-02 4.065437242388725281e-04 5.739385378547012806e-04 7.983584655448794365e-04 2.560665830969810486e-03 3.727003000676631927e-03 1.028171158395707607e-03 7.931048981845378876e-03 3.984701354056596756e-03 2.929243147373199463e-01 3.277125069871544838e-04 1.989873126149177551e-04 8.384707616642117500e-04 2.025101130129769444e-04 1.353713887510821223e-04 1.060041715390980244e-03 3.488919436931610107e-01 2.216685563325881958e-01 4.391834512352943420e-02 3.271667098999023438e+01 5.173697265625000000e+04 4.456938476562500000e+03 4.065267858095467091e-04 5.739301559515297413e-04 7.983117830008268356e-04 2.560604363679885864e-03 3.726950148120522499e-03 1.028173486702144146e-03 7.931019179522991180e-03 3.984698094427585602e-03 2.929249703884124756e-01 3.277691430412232876e-04 1.989908196264877915e-04 8.384778047911822796e-04 2.025181311182677746e-04 1.353700790787115693e-04 1.060047419741749763e-03 3.488920629024505615e-01 2.216685563325881958e-01 4.391827434301376343e-02
2.650000000000000000e+04 7.058567553758621216e-02 4.259013384580612183e-02 3.468764573335647583e-02 4.053850425407290459e-04 5.678179441019892693e-04 1.107650110498070717e-03 2.429812913760542870e-03 3.508551511913537979e-03 1.060455921106040478e-03 7.683617062866687775e-03 3.775666933506727219e-03 2.656709253787994385e-01 3.466483321972191334e-04 2.042987325694411993e-04 2.001266693696379662e-03 2.084891020786017179e-04 1.361290778731927276e-04 2.185994759202003479e-03 3.412501215934753418e-01 2.106733769178390503e-01 4.245970025658607483e-02 3.239725494384765625e+01 5.319928515625000000e+04 4.584983886718750000e+03 4.053766315337270498e-04 5.678304587490856647e-04 1.107689924538135529e-03 2.429721644148230553e-03 3.508502617478370667e-03 1.060451497323811054e-03 7.683592848479747772e-03 3.775662276893854141e-03 2.656722068786621094e-01 3.466833441052585840e-04 2.043012063950300217e-04 2.001272048801183701e-03 2.084891020786017179e-04 1.361251343041658401e-04 2.186140976846218109e-03 3.412500619888305664e-01 2.106734365224838257e-01 4.245976358652114868e-02
2.700000000000000000e+04 6.922762095928192139e-02 4.516008868813514709e-02 3.554917499423027039e-02 4.041043284814804792e-04 5.702482885681092739e-04 3.002864541485905647e-03 2.451114822179079056e-03 3.432487603276968002e-03 1.546222367323935032e-03 7.670979946851730347e-03 3.988822922110557556e-03 2.892352342605590820e-01 3.088057856075465679e-04 1.811122056096792221e-04 1.664459821768105030e-03 1.948728167917579412e-04 1.265023602172732353e-04 9.737248765304684639e-04 3.342113196849822998e-01 2.015282958745956421e-01 4.226961731910705566e-02 3.215065765380859375e+01 5.495614843750000000e+04 4.695513183593750000e+03 4.041053762193769217e-04 5.702470662072300911e-04 3.002933459356427193e-03 2.451034728437662125e-03 3.432525321841239929e-03 1.546174287796020508e-03 7.670918479561805725e-03 3.988830838352441788e-03 2.892383635044097900e-01 3.088474622927606106e-04 1.811138645280152559e-04 1.664467155933380127e-03 1.948824647115543485e-04 1.265011233044788241e-04 9.736916981637477875e-04 3.342114090919494629e-01 2.015282362699508667e-01 4.226941242814064026e-02
2.750000000000000000e+04 6.772063672542572021e-02 4.571703448891639709e-02 3.593686968088150024e-02 4.103543469682335854e-04 5.629209335893392563e-04 4.121493548154830933e-03 2.400947036221623421e-03 3.330076811835169792e-03 1.861052471213042736e-03 7.607222534716129303e-03 3.985121846199035645e-03 2.874427139759063721e-01 3.121428308077156544e-04 1.722143351798877120e-04 2.665824489668011665e-03 1.927703706314787269e-04 1.206829037982970476e-04 1.219425583258271217e-03 3.275403678417205811e-01 1.932129561901092529e-01 4.168066382408142090e-02 3.188566970825195312e+01 5.760902343750000000e+04 4.884759765625000000e+03 4.103766696061939001e-04 5.629219231195747852e-04 4.121508449316024780e-03 2.400980563834309578e-03 3.330034669488668442e-03 1.861063530668616295e-03 7.607223466038703918e-03 3.985137678682804108e-03 2.874483168125152588e-01 3.121441695839166641e-04 1.722188899293541908e-04 2.665854757651686668e-03 1.927845296449959278e-04 1.206792585435323417e-04 1.219480414874851704e-03 3.275404572486877441e-01 1.932129412889480591e-01 4.168078303337097168e-02
2.800000000000000000e+04 6.560807675123214722e-02 3.907818347215652466e-02 3.522789105772972107e-02 3.987438976764678955e-04 5.440877284854650497e-04 5.671642138622701168e-04 2.257661661133170128e-03 3.331593703478574753e-03 8.804820245131850243e-04 7.353268563747406006e-03 3.411130048334598541e-03 1.955917328596115112e-01 2.956257667392492294e-04 1.713625533739104867e-04 5.951171624474227428e-04 1.927799603436142206e-04 1.221587881445884705e-04 4.242173745296895504e-04 3.209344744682312012e-01 1.852920353412628174e-01 3.620065003633499146e-02 3.136972427368164062e+01 6.118148437500000000e+04 5.207120605468750000e+03 3.987519885413348675e-04 5.440796958282589912e-04 5.671761464327573776e-04 2.257583197206258774e-03 3.331668674945831299e-03 8.804751560091972351e-04 7.353241555392742157e-03 3.411123994737863541e-03 1.955918222665786743e-01 2.956553362309932709e-04 1.713598467176780105e-04 5.951166967861354351e-04 1.927795383380725980e-04 1.221606507897377014e-04 4.242036084178835154e-04 3.209344148635864258e-01 1.852919906377792358e-01 3.620081022381782532e-02
2.850000000000000000e+04 6.388816237449645996e-02 3.525649383664131165e-02 2.904390729963779449e-02 3.922831092495471239e-04 5.197468562982976437e-04 4.123223479837179184e-04 2.134747104719281197e-03 3.138543106615543365e-03 8.328590774908661842e-04 7.247924804687500000e-03 3.426975104957818985e-03 1.586416661739349365e-01 2.801384544000029564e-04 1.670480705797672272e-04 4.423239151947200298e-04 1.952002930920571089e-04 1.189245158457197249e-04 4.199410323053598404e-04 3.137454688549041748e-01 1.776745319366455078e-01 3.433810546994209290e-02 3.051487350463867188e+01 6.378160937500000000e+04 5.439916992187500000e+03 3.922723408322781324e-04 5.197640857659280300e-04 4.123282851651310921e-04 2.134696580469608307e-03 3.138512372970581055e-03 8.328725234605371952e-04 7.247928529977798462e-03 3.427017945796251297e-03 1.586408615112304688e-01 2.801647933665663004e-04 1.670502533670514822e-04 4.423281643539667130e-04 1.952032616827636957e-04 1.189248796436004341e-04 4.199565155431628227e-04 3.137454390525817871e-01 1.776745319366455078e-01 3.433797881007194519e-02
2.900000000000000000e+04 6.295435875654220581e-02 4.770859330892562866e-02 4.417500272393226624e-02 4.357663856353610754e-04 6.286747520789504051e-04 1.596269314177334309e-03 2.049657050520181656e-03 2.299983054399490356e-03 1.597008551470935345e-03 8.360775187611579895e-03 4.389046691358089447e-03 1.949091404676437378e-01 2.422061807010322809e-04 1.942871313076466322e-04 2.929824171587824821e-03 2.456575166434049606e-04 1.393020065734162927e-04 3.242761362344026566e-03 3.075271248817443848e-01 1.713396310806274414e-01 3.701825067400932312e-02 3.000255393981933594e+01 6.820017968750000000e+04 5.865548339843750000e+03 4.357412108220160007e-04 6.286951829679310322e-04 1.596297486685216427e-03 2.049746457487344742e-03 2.299978397786617279e-03 1.596983638592064381e-03 8.360753767192363739e-03 4.389035981148481369e-03 1.949132978916168213e-01 2.421839453745633364e-04 1.942813250934705138e-04 2.929815556854009628e-03 2.456732036080211401e-04 1.393019483657553792e-04 3.242549719288945198e-03 3.075271248817443848e-01 1.713396310806274414e-01 3.701822459697723389e-02
2.950000000000000000e+04 1.336425095796585083e-01 1.329157054424285889e-01 1.502907872200012207e-01 1.053974381648004055e-03 1.150467200204730034e-03 3.368656150996685028e-03 2.447643317282199860e-03 3.059150418266654015e-03 1.752082956954836845e-03 4.757384210824966431e-02 3.919342905282974243e-02 3.100239336490631104e-01 4.729597130790352821e-04 4.799423913937062025e-04 1.594720175489783287e-03 3.704584669321775436e-04 3.944647614844143391e-04 1.519063720479607582e-03 4.160824716091156006e-01 4.140605032444000244e-01 1.944697648286819458e-01 3.602415847778320312e+01 6.293284375000000000e+04 6.274650878906250000e+03 1.054003951139748096e-03 1.150461146607995033e-03 3.368589561432600021e-03 2.447689417749643326e-03 3.059157636016607285e-03 1.752072828821837902e-03 4.757385328412055969e-02 3.919342160224914551e-02 3.100251555442810059e-01 4.730030195787549019e-04 4.799318849109113216e-04 1.594738103449344635e-03 3.704433038365095854e-04 3.944799827877432108e-04 1.519095501862466335e-03 4.160822927951812744e-01 4.140604734420776367e-01 1.944693922996520996e-01
3.000000000000000000e+04 8.338256925344467163e-02 5.914365127682685852e-02 5.813990160822868347e-02 6.465860642492771149e-04 8.026076829992234707e-04 1.079676323570311069e-03 2.219197573140263557e-03 2.899416955187916756e-03 9.802461136132478714e-04 2.139408141374588013e-02 1.441486552357673645e-02 2.033468186855316162e-01 2.925728331319987774e-04 2.015399659285321832e-04 6.634442834183573723e-04 2.454358618706464767e-04 2.002022811211645603e-04 6.942070322111248970e-04 3.716066181659698486e-01 3.466316461563110352e-01 8.754783868789672852e-02 3.840513992309570312e+01 5.499881250000000000e+04 5.845398437500000000e+03 6.466050981543958187e-04 8.026047726161777973e-04 1.079669338651001453e-03 2.219238318502902985e-03 2.899390878155827522e-03 9.802326094359159470e-04 2.139424532651901245e-02 1.441474817693233490e-02 2.033461630344390869e-01 2.925645676441490650e-04 2.015302743529900908e-04 6.634368910454213619e-04 2.454445639159530401e-04 2.002109977183863521e-04 6.941924220882356167e-04 3.716066777706146240e-01 3.466317057609558105e-01 8.754796534776687622e-02
3.050000000000000000e+04 7.309973239898681641e-02 4.510759934782981873e-02 4.048429429531097412e-02 5.683184135705232620e-04 6.401794380508363247e-04 6.824174197390675545e-04 2.140781609341502190e-03 2.862831810489296913e-03 8.544703596271574497e-04 1.566197536885738373e-02 1.090583764016628265e-02 1.670107841491699219e-01 2.866384165827184916e-04 1.632538333069533110e-04 5.314305308274924755e-04 2.000718959607183933e-04 1.569023006595671177e-04 5.067451857030391693e-04 3.538764119148254395e-01 3.136168122291564941e-01 6.318437308073043823e-02 4.042253875732421875e+01 5.490975390625000000e+04 6.017676757812500000e+03 5.682987975887954235e-04 6.401879363693296909e-04 6.824104348197579384e-04 2.140769036486744881e-03 2.862839261069893837e-03 8.544549345970153809e-04 1.566202007234096527e-02 1.090591307729482651e-02 1.670111715793609619e-01 2.866141148842871189e-04 1.632563944440335035e-04 5.314259324222803116e-04 2.000833046622574329e-04 1.568983425386250019e-04 5.067384336143732071e-04 3.538764119148254395e-01 3.136168122291564941e-01 6.318435072898864746e-02
3.100000000000000000e+04 6.776346266269683838e-02 3.907092660665512085e-02 3.339752554893493652e-02 5.100566195324063301e-04 5.710015539079904556e-04 5.120177520439028740e-04 2.098184777423739433e-03 2.814049366861581802e-03 7.991574821062386036e-04 1.308974064886569977e-02 9.564361535012722015e-03 1.422865688800811768e-01 2.846539136953651905e-04 1.538544020149856806e-04 4.757707938551902771e-04 1.847922248998656869e-04 1.358547306153923273e-04 4.307677736505866051e-04 3.418249487876892090e-01 2.826032638549804688e-01 5.137492343783378601e-02 4.156866836547851562e+01 5.709452734375000000e+04 6.479040039062500000e+03 5.100328125990927219e-04 5.710019613616168499e-04 5.120135610923171043e-04 2.098137978464365005e-03 2.814105013385415077e-03 7.991666789166629314e-04 1.308972574770450592e-02 9.564423002302646637e-03 1.422887742519378662e-01 2.846673305612057447e-04 1.538579672342166305e-04 4.757700662594288588e-04 1.847895036917179823e-04 1.358544104732573032e-04 4.307639319449663162e-04 3.418249487876892090e-01 2.826033234596252441e-01 5.137491598725318909e-02
3.150000000000000000e+04 6.446402519941329956e-02 5.438095703721046448e-02 6.708248704671859741e-02 4.735175753012299538e-04 5.402199458330869675e-04 5.601063603535294533e-04 2.058936748653650284e-03 2.662796061486005783e-03 7.790725212544202805e-04 1.297521591186523438e-02 8.529631420969963074e-03 1.311053931713104248e-01 2.608570503070950508e-04 1.498831697972491384e-04 7.235411321744322777e-04 1.871807180577889085e-04 1.250948698725551367e-04 8.585585746914148331e-04 3.321020305156707764e-01 2.559334337711334229e-01 4.548221826553344727e-02 4.189116668701171875e+01 5.890512890625000000e+04 6.907788574218750000e+03 4.735278198495507240e-04 5.402154638431966305e-04 5.601003649644553661e-04 2.058912301436066628e-03 2.662827726453542709e-03 7.790618110448122025e-04 1.297515630722045898e-02 8.529717102646827698e-03 1.311034858226776123e-01 2.608934300951659679e-04 1.498833007644861937e-04 7.235339144244790077e-04 1.871801796369254589e-04 1.250980858458206058e-04 8.585513569414615631e-04 3.321020007133483887e-01 2.559333443641662598e-01 4.548226296901702881e-02
3.200000000000000000e+04 6.229209899902343750e-02 6.602700054645538330e-02 8.175849914550781250e-02 4.226179444231092930e-04 5.209570517763495445e-04 5.769669660367071629e-04 1.998741645365953445e-03 2.723308512941002846e-03 7.903656805865466595e-04 1.196937263011932373e-02 8.026234805583953857e-03 1.185177937150001526e-01 2.687969827093183994e-04 1.505578693468123674e-04 5.349954008124768734e-04 1.876747701317071915e-04 1.212281931657344103e-04 4.458123294170945883e-04 3.255458176136016846e-01 2.345243692398071289e-01 4.138384014368057251e-02 4.236999511718750000e+01 6.354068750000000000e+04 7.603518066406250000e+03 4.226356395520269871e-04 5.209445953369140625e-04 5.770046846009790897e-04 1.998834311962127686e-03 2.723310608416795731e-03 7.903752848505973816e-04 1.196932140737771988e-02 8.026242256164550781e-03 1.185179576277732849e-01 2.687865635380148888e-04 1.505558902863413095e-04 5.349980201572179794e-04 1.876703754533082247e-04 1.212278948514722288e-04 4.457950708456337452e-04 3.255458474159240723e-01 2.345243692398071289e-01 4.138380661606788635e-02
3.250000000000000000e+04 6.045362353324890137e-02 3.198115155100822449e-02 2.599299326539039612e-02 4.147376166656613350e-04 5.043124547228217125e-04 3.691226884257048368e-04 1.935150707140564919e-03 2.544967457652091980e-03 7.077337941154837608e-04 1.059895846992731094e-02 6.942661479115486145e-03 9.003913402557373047e-02 2.592505770735442638e-04 1.498087513027712703e-04 4.117160278838127851e-04 1.922940136864781380e-04 1.184470602311193943e-04 3.630580031313002110e-04 3.180133998394012451e-01 2.163679152727127075e-01 3.716028481721878052e-02 4.240444564819335938e+01 6.413046875000000000e+04 7.803231445312500000e+03 4.147291765548288822e-04 5.043116398155689240e-04 3.691189631354063749e-04 1.935216365382075310e-03 2.544978866353631020e-03 7.077227928675711155e-04 1.059893053025007248e-02 6.942688021808862686e-03 9.003964066505432129e-02 2.592344244476407766e-04 1.498120836913585663e-04 4.117097705602645874e-04 1.922921510413289070e-04 1.184475695481523871e-04 3.630578867159783840e-04 3.180132806301116943e-01 2.163679152727127075e-01 3.716024756431579590e-02
3.300000000000000000e+04 5.899288877844810486e-02 3.721134364604949951e-02 3.809064999222755432e-02 4.152506589889526367e-04 5.021191318519413471e-04 4.258909262716770172e-03 1.980108907446265221e-03 2.556013409048318863e-03 1.827954547479748726e-03 1.026910543441772461e-02 7.130619604140520096e-03 1.402765512466430664e-01 2.961410500574856997e-04 1.486614055465906858e-04 1.836642622947692871e-03 2.075926749967038631e-04 1.192581985378637910e-04 1.873494475148618221e-03 3.121998310089111328e-01 2.008520662784576416e-01 3.846015036106109619e-02 4.240993499755859375e+01 6.595898437500000000e+04 8.022412597656250000e+03 4.152624751441180706e-04 5.021118558943271637e-04 4.258984234184026718e-03 1.980093307793140411e-03 2.556019695475697517e-03 1.827935338951647282e-03 1.026914641261100769e-02 7.130573969334363937e-03 1.402770280838012695e-01 2.961932332254946232e-04 1.486624532844871283e-04 1.836594776250422001e-03 2.075902739306911826e-04 1.192592171719297767e-04 1.873514382168650627e-03 3.121998310089111328e-01 2.008520811796188354e-01 3.846029937267303467e-02
3.350000000000000000e+04 5.746351182460784912e-02 3.181354328989982605e-02 2.592824399471282959e-02 4.060449427925050259e-04 4.713434900622814894e-04 4.861544002778828144e-04 1.819252502173185349e-03 2.331478754058480263e-03 7.067233673296868801e-04 9.222583845257759094e-03 6.412445567548274994e-03 7.214477658271789551e-02 2.433957415632903576e-04 1.419484033249318600e-04 4.373147676233202219e-04 1.980978122446686029e-04 1.143645131378434598e-04 3.923413169104605913e-04 3.073586225509643555e-01 1.891268789768218994e-01 3.153339773416519165e-02 4.221644592285156250e+01 6.966370312500000000e+04 8.374228515625000000e+03 4.060662176925688982e-04 4.713509697467088699e-04 4.861734050791710615e-04 1.819197321310639381e-03 2.331478055566549301e-03 7.067338447086513042e-04 9.222576394677162170e-03 6.412459071725606918e-03 7.214419543743133545e-02 2.433937916066497564e-04 1.419535110471770167e-04 4.373036208562552929e-04 1.981091627385467291e-04 1.143672561738640070e-04 3.923417243640869856e-04 3.073585629463195801e-01 1.891268789768218994e-01 3.153342008590698242e-02
3.400000000000000000e+04 5.624659359455108643e-02 3.189123421907424927e-02 3.572680801153182983e-02 4.042114305775612593e-04 4.590779426507651806e-04 6.333335768431425095e-04 1.767497509717941284e-03 2.215286018326878548e-03 7.096470799297094345e-04 9.664030745625495911e-03 6.700966507196426392e-03 6.694909185171127319e-02 2.496101951692253351e-04 1.452542346669360995e-04 9.610075503587722778e-04 2.075101801892742515e-04 1.169399547507055104e-04 8.846183773130178452e-04 3.020177781581878662e-01 1.776756048202514648e-01 3.016322478652000427e-02 4.204476165771484375e+01 7.065182031250000000e+04 8.395077148437500000e+03 4.042070941068232059e-04 4.590707540046423674e-04 6.333229248411953449e-04 1.767417415976524353e-03 2.215280430391430855e-03 7.096430636011064053e-04 9.663998149335384369e-03 6.700973026454448700e-03 6.694772094488143921e-02 2.495867083780467510e-04 1.452581782359629869e-04 9.610014385543763638e-04 2.075043594231829047e-04 1.169408496934920549e-04 8.846184355206787586e-04 3.020177781581878662e-01 1.776756346225738525e-01 3.016326390206813812e-02
3.450000000000000000e+04 5.492469295859336853e-02 2.710124477744102478e-02 2.162419073283672333e-02 3.982821654062718153e-04 4.465042438823729753e-04 3.434176032897084951e-04 1.750540104694664478e-03 2.162583405151963234e-03 6.200422649271786213e-04 8.720433339476585388e-03 5.805458873510360718e-03 5.660821497440338135e-02 2.325966488569974899e-04 1.366731303278356791e-04 4.502137308008968830e-04 1.923038362292572856e-04 1.119102380471304059e-04 4.046460962854325771e-04 2.976268827915191650e-01 1.693559437990188599e-01 2.769956178963184357e-02 4.208059692382812500e+01 7.324492187500000000e+04 8.544930664062500000e+03 3.982582420576363802e-04 4.464979283511638641e-04 3.434148966334760189e-04 1.750459079630672932e-03 2.162573859095573425e-03 6.200596690177917480e-04 8.720388635993003845e-03 5.805534776300191879e-03 5.660793185234069824e-02 2.326058165635913610e-04 1.366699580103158951e-04 4.502090450841933489e-04 1.923056115629151464e-04 1.119085864047519863e-04 4.046354442834854126e-04 2.976269423961639404e-01 1.693558990955352783e-01 2.769958227872848511e-02
3.500000000000000000e+04 5.374585464596748352e-02 2.741592936217784882e-02 2.335521206259727478e-02 4.143245751038193703e-04 4.384116909932345152e-04 7.664813310839235783e-04 1.704069902189075947e-03 2.006915630772709846e-03 6.736602517776191235e-04 8.409049361944198608e-03 5.598130635917186737e-03 6.258475035429000854e-02 2.177535789087414742e-04 1.318722934229299426e-04 1.285706879571080208e-03 2.021813997998833656e-04 1.109311269829049706e-04 1.588987070135772228e-03 2.933720648288726807e-01 1.614695191383361816e-01 2.707142382860183716e-02 4.204290771484375000e+01 7.593962500000000000e+04 8.689663085937500000e+03 4.143036494497209787e-04 4.384125641081482172e-04 7.664808654226362705e-04 1.704067224636673927e-03 2.006923081353306770e-03 6.736753857694566250e-04 8.409067988395690918e-03 5.598152056336402893e-03 6.258409470319747925e-02 2.177759452024474740e-04 1.318705035373568535e-04 1.285762991756200790e-03 2.021743421209976077e-04 1.109270015149377286e-04 1.588932704180479050e-03 2.933720350265502930e-01 1.614694893360137939e-01 2.707149088382720947e-02
3.550000000000000000e+04 5.276156961917877197e-02 3.058983944356441498e-02 3.309304267168045044e-02 4.119868099223822355e-04 4.384054336696863174e-04 5.723056383430957794e-03 1.801214413717389107e-03 2.020050538703799248e-03 2.214959356933832169e-03 9.085057303309440613e-03 6.009879522025585175e-03 1.194325089454650879e-01 2.637102734297513962e-04 1.317363203270360827e-04 4.975968971848487854e-03 1.788318186299875379e-04 1.117842330131679773e-04 2.188311889767646790e-03 2.890874743461608887e-01 1.534851342439651489e-01 3.062572702765464783e-02 4.206716537475585938e+01 7.737810937500000000e+04 8.635178710937500000e+03 4.119821242056787014e-04 4.384017956908792257e-04 5.723029375076293945e-03 1.801266917027533054e-03 2.020039362832903862e-03 2.214918611571192741e-03 9.084993973374366760e-03 6.009814795106649399e-03 1.194353401660919189e-01 2.636931603774428368e-04 1.317388960160315037e-04 4.975883755832910538e-03 1.788298104656860232e-04 1.117816646001301706e-04 2.188246231526136398e-03 2.890875339508056641e-01 1.534851342439651489e-01 3.062580712139606476e-02
3.600000000000000000e+04 5.149631947278976440e-02 3.130213543772697449e-02 3.281868621706962585e-02 4.282330628484487534e-04 4.270848585292696953e-04 2.246076008304953575e-03 1.669116551056504250e-03 1.769408117979764938e-03 7.955433102324604988e-04 8.258378133177757263e-03 5.371264182031154633e-03 5.188463255763053894e-02 2.244894130853936076e-04 1.315405243076384068e-04 7.030019536614418030e-03 2.352319279452785850e-04 1.138245715992525220e-04 5.749053321778774261e-03 2.850804328918457031e-01 1.460957825183868408e-01 2.734012715518474579e-02 4.200684356689453125e+01 8.125829687500000000e+04 8.990036132812500000e+03 4.282570444047451019e-04 4.270901263225823641e-04 2.246077638119459152e-03 1.669119228608906269e-03 1.769421389326453209e-03 7.955674664117395878e-04 8.258400484919548035e-03 5.371296312659978867e-03 5.188310146331787109e-02 2.244975185021758080e-04 1.315409317612648010e-04 7.029940374195575714e-03 2.352350711589679122e-04 1.138271036325022578e-04 5.748944357037544250e-03 2.850804924964904785e-01 1.460958272218704224e-01 2.734014019370079041e-02
3.650000000000000000e+04 5.051666125655174255e-02 2.680076844990253448e-02 2.860571816563606262e-02 4.225797601975500584e-04 4.298827261663973331e-04 5.743898451328277588e-03 1.742488006129860878e-03 1.790686976164579391e-03 2.174372551962733269e-03 7.647173013538122177e-03 5.410186015069484711e-03 6.882352381944656372e-02 2.703744685277342796e-04 1.405807561241090298e-04 1.169801782816648483e-02 2.105401945300400257e-04 1.104910916183143854e-04 7.370181847363710403e-03 2.820556163787841797e-01 1.402359306812286377e-01 2.956481464207172394e-02 4.185108566284179688e+01 8.540789843750000000e+04 9.183486328125000000e+03 4.225576703902333975e-04 4.298769636079668999e-04 5.743936635553836823e-03 1.742529566399753094e-03 1.790694659575819969e-03 2.174364868551492691e-03 7.647159975022077560e-03 5.410175770521163940e-03 6.882379949092864990e-02 2.703775826375931501e-04 1.405907969456166029e-04 1.169809605926275253e-02 2.105308813042938709e-04 1.104933107853867114e-04 7.370108738541603088e-03 2.820555567741394043e-01 1.402359306812286377e-01 2.956488728523254395e-02
3.700000000000000000e+04 4.924792423844337463e-02 2.293123491108417511e-02 1.776082441210746765e-02 3.796195960603654385e-04 3.991028061136603355e-04 3.002662269864231348e-04 1.515775686129927635e-03 1.765236258506774902e-03 5.561201833188533783e-04 7.664405740797519684e-03 4.734124988317489624e-03 3.752370178699493408e-02 2.085598243866115808e-04 1.304941688431426883e-04 3.304895944893360138e-04 1.800118188839405775e-04 1.102953683584928513e-04 2.846970455721020699e-04 2.781484127044677734e-01 1.339152455329895020e-01 2.170519530773162842e-02 4.166550827026367188e+01 8.642944531250000000e+04 9.171629882812500000e+03 3.796168020926415920e-04 3.990953264292329550e-04 3.002685261890292168e-04 1.515821903012692928e-03 1.765250228345394135e-03 5.561358411796391010e-04 7.664401084184646606e-03 4.734086804091930389e-03 3.752379119396209717e-02 2.085804444504901767e-04 1.304910838371142745e-04 3.304943966213613749e-04 1.800027530407533050e-04 1.102996611734852195e-04 2.846727147698402405e-04 2.781485915184020996e-01 1.339152604341506958e-01 2.170522511005401611e-02
3.750000000000000000e+04 4.823188111186027527e-02 2.243837341666221619e-02 1.801462285220623016e-02 3.853880334645509720e-04 3.916839486919343472e-04 7.065010722726583481e-04 1.515810843557119370e-03 1.648188568651676178e-03 5.799808423034846783e-04 7.512796670198440552e-03 4.539248067885637283e-03 3.647746890783309937e-02 1.978123327717185020e-04 1.235851814271882176e-04 1.723877852782607079e-03 1.798881858121603727e-04 1.078941568266600370e-04 1.361781498417258263e-03 2.747717201709747314e-01 1.280081868171691895e-01 2.161147259175777435e-02 4.143690109252929688e+01 8.879728906250000000e+04 9.276614257812500000e+03 3.853351518046110868e-04 3.916802525054663420e-04 7.064870442263782024e-04 1.515766372904181480e-03 1.648152829147875309e-03 5.799577920697629452e-04 7.512827403843402863e-03 4.539262969046831131e-03 3.647780045866966248e-02 1.978255168069154024e-04 1.235861273016780615e-04 1.723866327665746212e-03 1.798789598979055882e-04 1.078917921404354274e-04 1.361838774755597115e-03 2.747715711593627930e-01 1.280082166194915771e-01 2.161145396530628204e-02
3.800000000000000000e+04 4.725886881351470947e-02 2.270778082311153412e-02 1.856403984129428864e-02 3.638772759586572647e-04 3.828399640042334795e-04 6.580296903848648071e-04 1.459826133213937283e-03 1.640606322325766087e-03 6.463554454967379570e-04 7.681907154619693756e-03 4.441956989467144012e-03 3.922358900308609009e-02 2.064547006739303470e-04 1.268111373065039515e-04 4.162054101470857859e-04 1.733769604470580816e-04 1.084424075088463724e-04 3.895922855008393526e-04 2.717257738113403320e-01 1.232993230223655701e-01 2.039635740220546722e-02 4.153799057006835938e+01 9.031313281250000000e+04 9.276880859375000000e+03 3.638883354142308235e-04 3.828410699497908354e-04 6.580016342923045158e-04 1.459856983274221420e-03 1.640593865886330605e-03 6.463465979322791100e-04 7.681914139539003372e-03 4.441999364644289017e-03 3.922451660037040710e-02 2.064803993562236428e-04 1.268106570933014154e-04 4.161989199928939342e-04 1.733835233608260751e-04 1.084401883417740464e-04 3.895897243637591600e-04 2.717257440090179443e-01 1.232993304729461670e-01 2.039634808897972107e-02
3.850000000000000000e+04 4.624108597636222839e-02 2.125276811420917511e-02 1.713718846440315247e-02 3.595243906602263451e-04 3.758575767278671265e-04 4.334941622801125050e-04 1.386599149554967880e-03 1.614454784430563450e-03 5.538617260754108429e-04 7.233616895973682404e-03 4.079129546880722046e-03 3.313975781202316284e-02 2.095093223033472896e-04 1.337650464847683907e-04 8.757171453908085823e-04 1.810800167731940746e-04 1.093111350201070309e-04 8.011160534806549549e-04 2.689349353313446045e-01 1.178412139415740967e-01 1.953642070293426514e-02 4.120600509643554688e+01 9.438105468750000000e+04 9.560100585937500000e+03 3.595268353819847107e-04 3.758552484214305878e-04 4.334702680353075266e-04 1.386682735756039619e-03 1.614447101019322872e-03 5.538659170269966125e-04 7.233562879264354706e-03 4.079116042703390121e-03 3.313861042261123657e-02 2.094803785439580679e-04 1.337639550911262631e-04 8.757060277275741100e-04 1.810900139389559627e-04 1.093130704248324037e-04 8.010718156583607197e-04 2.689348757266998291e-01 1.178412213921546936e-01 1.953639090061187744e-02
3.900000000000000000e+04 4.538810253143310547e-02 3.156694397330284119e-02 2.807363122701644897e-02 3.811712376773357391e-04 3.720921813510358334e-04 5.377865163609385490e-04 1.335785025730729103e-03 1.653139595873653889e-03 6.690234877169132233e-04 8.199011906981468201e-03 4.092144314199686050e-03 4.292086139321327209e-02 1.947121199918910861e-04 1.320766459684818983e-04 8.178869611583650112e-04 1.809305686037987471e-04 1.136663922807201743e-04 5.945763550698757172e-04 2.657408118247985840e-01 1.141352951526641846e-01 1.875621452927589417e-02 4.116098022460937500e+01 9.471207031250000000e+04 9.441564453125000000e+03 3.811922506429255009e-04 3.720906970556825399e-04 5.377880879677832127e-04 1.335793174803256989e-03 1.653075683861970901e-03 6.690360023640096188e-04 8.199086412787437439e-03 4.092185758054256439e-03 4.292225465178489685e-02 1.946557458722963929e-04 1.320775918429717422e-04 8.178842836059629917e-04 1.809061941457912326e-04 1.136653445428237319e-04 5.945852026343345642e-04 2.657407224178314209e-01 1.141353696584701538e-01 1.875620149075984955e-02
3.950000000000000000e+04 4.451417550444602966e-02 5.249349772930145264e-02 1.259308159351348877e-01 4.110988229513168335e-04 4.222738789394497871e-04 4.175983776804059744e-04 1.516192569397389889e-03 1.758072758093476295e-03 6.358590908348560333e-04 1.219074428081512451e-02 5.310622043907642365e-03 4.458173364400863647e-02 2.318469487363472581e-04 1.370789250358939171e-04 6.314833881333470345e-04 1.673352671787142754e-04 1.167861410067416728e-04 2.820319496095180511e-04 2.640426456928253174e-01 1.099876463413238525e-01 1.854075305163860321e-02 4.144421005249023438e+01 9.915317968750000000e+04 9.778012695312500000e+03 4.111039452254772186e-04 4.222712013870477676e-04 4.176261136308312416e-04 1.516131567768752575e-03 1.758064026944339275e-03 6.358542013913393021e-04 1.219077035784721375e-02 5.310603417456150055e-03 4.458173364400863647e-02 2.318742917850613594e-04 1.370767568005248904e-04 6.314832717180252075e-04 1.673226943239569664e-04 1.167874070233665407e-04 2.820365480147302151e-04 2.640425860881805420e-01 1.099876239895820618e-01 1.854076609015464783e-02
4.000000000000000000e+04 4.356249421834945679e-02 2.022998780012130737e-02 1.729341596364974976e-02 3.620563074946403503e-04 3.487737267278134823e-04 3.172591677866876125e-04 1.291376305744051933e-03 1.400710083544254303e-03 4.965794505551457405e-04 7.108299992978572845e-03 3.581410739570856094e-03 3.099994361400604248e-02 1.767088833730667830e-04 1.204119398607872427e-04 4.002815985586494207e-04 1.686548348516225815e-04 1.039780036080628633e-04 3.212472656741738319e-04 2.607214748859405518e-01 1.045577675104141235e-01 1.735509932041168213e-02 4.118941116333007812e+01 1.018177500000000000e+05 9.901052734375000000e+03 3.620926581788808107e-04 3.487700014375150204e-04 3.172741271555423737e-04 1.291458029299974442e-03 1.400712761096656322e-03 4.965917323715984821e-04 7.108301855623722076e-03 3.581398166716098785e-03 3.099875338375568390e-02 1.766673667589202523e-04 1.204094878630712628e-04 4.002712375950068235e-04 1.686706382315605879e-04 1.039799826685339212e-04 3.212653100490570068e-04 2.607214748859405518e-01 1.045577526092529297e-01 1.735503599047660828e-02
4.050000000000000000e+04 4.289224743843078613e-02 2.033707685768604279e-02 1.920750178396701813e-02 3.778459504246711731e-04 3.516009019222110510e-04 1.514321891590952873e-03 1.251050969585776329e-03 1.103256130591034889e-03 9.980456670746207237e-04 7.286668755114078522e-03 3.450830699875950813e-03 5.594850331544876099e-02 1.714771351544186473e-04 1.248548360308632255e-04 9.290780290029942989e-04 1.719922584015876055e-04 1.022255601128563285e-04 6.072137039154767990e-04 2.585243284702301025e-01 1.021335422992706299e-01 1.803181506693363190e-02 4.120756912231445312e+01 1.043809687500000000e+05 1.002767675781250000e+04 3.777998790610581636e-04 3.515998832881450653e-04 1.514287199825048447e-03 1.250986824743449688e-03 1.103280927054584026e-03 9.980426402762532234e-04 7.286629639565944672e-03 3.450816730037331581e-03 5.594891309738159180e-02 1.714761310722678900e-04 1.248422631761059165e-04 9.291156893596053123e-04 1.719983411021530628e-04 1.022282376652583480e-04 6.071726093068718910e-04 2.585243880748748779e-01 1.021335273981094360e-01 1.803174614906311035e-02
4.100000000000000000e+04 4.194091260433197021e-02 1.827758178114891052e-02 1.369395386427640915e-02 3.432584344409406185e-04 3.336173540446907282e-04 2.680763136595487595e-04 1.244590966962277889e-03 1.193889416754245758e-03 4.715472750831395388e-04 7.017911411821842194e-03 3.189651994034647942e-03 2.919212915003299713e-02 1.718498824629932642e-04 1.181387051474303007e-04 2.833087928593158722e-04 1.617980888113379478e-04 9.963932825485244393e-05 2.381292142672464252e-04 2.560636699199676514e-01 9.784489125013351440e-02 1.607003435492515564e-02 4.136385345458984375e+01 1.056228359375000000e+05 9.954879882812500000e+03 3.432447847444564104e-04 3.336294321343302727e-04 2.680737816262990236e-04 1.244623097591102123e-03 1.193919102661311626e-03 4.715439281426370144e-04 7.017941679805517197e-03 3.189661307260394096e-03 2.919192984700202942e-02 1.718113489914685488e-04 1.181366387754678726e-04 2.833059115801006556e-04 1.618086826056241989e-04 9.963765478460118175e-05 2.381400408921763301e-04 2.560635805130004883e-01 9.784486889839172363e-02 1.607003994286060333e-02
4.150000000000000000e+04 4.116762429475784302e-02 2.262878604233264923e-02 2.141009084880352020e-02 3.308639861643314362e-04 3.276304923929274082e-04 5.509376060217618942e-04 1.276979688555002213e-03 1.417968305759131908e-03 8.460744866169989109e-04 7.203696295619010925e-03 3.284192411229014397e-03 2.977637387812137604e-02 1.767633511917665601e-04 1.201072591356933117e-04 4.210056504234671593e-04 1.569906016811728477e-04 1.060136055457405746e-04 3.711278259288519621e-04 2.541505694389343262e-01 9.468461573123931885e-02 1.592964306473731995e-02 4.170746231079101562e+01 1.098649140625000000e+05 1.025653027343750000e+04 3.308723971713334322e-04 3.276345087215304375e-04 5.509294569492340088e-04 1.276940805837512016e-03 1.417957711964845657e-03 8.460851386189460754e-04 7.203709799796342850e-03 3.284208709374070168e-03 2.977589145302772522e-02 1.767690409906208515e-04 1.201082268380559981e-04 4.210069891996681690e-04 1.569987944094464183e-04 1.060097129084169865e-04 3.711554454639554024e-04 2.541505694389343262e-01 9.468464553356170654e-02 1.592960581183433533e-02
4.200000000000000000e+04 4.038755595684051514e-02 1.923554204404354095e-02 1.562574692070484161e-02 3.231598821002990007e-04 3.268217842560261488e-04 7.526539266109466553e-04 1.218932913616299629e-03 1.103458576835691929e-03 6.266781711019575596e-04 6.984998937696218491e-03 2.953622024506330490e-03 3.937859460711479187e-02 1.643142022658139467e-04 1.155029240180738270e-04 4.624416469596326351e-04 1.579614036018028855e-04 1.011049316730350256e-04 3.763054846785962582e-04 2.516511380672454834e-01 9.095538407564163208e-02 1.585175096988677979e-02 4.166699600219726562e+01 1.104136171875000000e+05 1.016608984375000000e+04 3.231634618714451790e-04 3.268310974817723036e-04 7.527062552981078625e-04 1.218961551785469055e-03 1.103441347368061543e-03 6.266912678256630898e-04 6.984991021454334259e-03 2.953656716272234917e-03 3.937676176428794861e-02 1.642926654312759638e-04 1.154996789409779012e-04 4.624566936399787664e-04 1.579682284500449896e-04 1.011100684991106391e-04 3.762991400435566902e-04 2.516510188579559326e-01 9.095539152622222900e-02 1.585170999169349670e-02
4.250000000000000000e+04 3.966243937611579895e-02 1.851510815322399139e-02 1.405298616737127304e-02 3.283459518570452929e-04 3.092141123488545418e-04 6.258374778553843498e-04 1.213109237141907215e-03 1.212593400850892067e-03 5.068153259344398975e-04 7.169891614466905594e-03 2.827436896041035652e-03 2.990304306149482727e-02 1.572764449520036578e-04 1.079119392670691013e-04 7.128962897695600986e-04 1.543698454042896628e-04 9.695615153759717941e-05 4.345285124145448208e-04 2.495196163654327393e-01 8.832719922065734863e-02 1.504729129374027252e-02 4.168782806396484375e+01 1.122542890625000000e+05 1.020126171875000000e+04 3.283237456344068050e-04 3.092105034738779068e-04 6.258539506234228611e-04 1.212935196235775948e-03 1.212535891681909561e-03 5.068286554887890816e-04 7.169948890805244446e-03 2.827433869242668152e-03 2.990202605724334717e-02 1.573034242028370500e-04 1.079068970284424722e-04 7.129017612896859646e-04 1.543775433674454689e-04 9.695977496448904276e-05 4.345304041635245085e-04 2.495196312665939331e-01 8.832722902297973633e-02 1.504731178283691406e-02
4.300000000000000000e+04 3.893000259995460510e-02 1.914817094802856445e-02 1.824638806283473969e-02 3.577169554773718119e-04 3.152458812110126019e-04 1.499395351856946945e-03 1.171525917015969753e-03 1.039115944877266884e-03 7.367096841335296631e-04 7.051064167171716690e-03 2.815253566950559616e-03 6.194505095481872559e-02 1.442471402697265148e-04 1.037084148265421391e-04 2.296902472153306007e-03 1.802748301997780800e-04 9.304314153268933296e-05 3.073709551244974136e-03 2.477628141641616821e-01 8.521467447280883789e-02 1.703225634992122650e-02 4.164349365234375000e+01 1.157313281250000000e+05 1.044783886718750000e+04 3.577117458917200565e-04 3.152416320517659187e-04 1.499478472396731377e-03 1.171466195955872536e-03 1.039101392962038517e-03 7.367127109318971634e-04 7.051046937704086304e-03 2.815255895256996155e-03 6.194409355521202087e-02 1.442452921764925122e-04 1.037114925566129386e-04 2.296922262758016586e-03 1.802747428882867098e-04 9.304391278419643641e-05 3.073638770729303360e-03 2.477628588676452637e-01 8.521467447280883789e-02 1.703224331140518188e-02
4.350000000000000000e+04 3.817061707377433777e-02 1.795767433941364288e-02 1.404237654060125351e-02 3.144139482174068689e-04 2.963493752758949995e-04 3.096984873991459608e-04 1.151046482846140862e-03 1.090496079996228218e-03 4.299751017242670059e-04 7.191139273345470428e-03 2.584022935479879379e-03 2.793893404304981232e-02 1.527438871562480927e-04 1.058097986970096827e-04 2.439062809571623802e-04 1.497251796536147594e-04 9.056759881787002087e-05 2.091518399538472295e-04 2.455315738916397095e-01 8.251167833805084229e-02 1.395363733172416687e-02 4.191571426391601562e+01 1.150446015625000000e+05 1.026735839843750000e+04 3.144345246255397797e-04 2.963459992315620184e-04 3.097000881098210812e-04 1.150960568338632584e-03 1.090507488697767258e-03 4.299855499994009733e-04 7.191212847828865051e-03 2.584065776318311691e-03 2.793888375163078308e-02 1.527671411167830229e-04 1.058087946148589253e-04 2.439046220388263464e-04 1.497304183430969715e-04 9.056703129317611456e-05 2.091624774038791656e-04 2.455314844846725464e-01 8.251167833805084229e-02 1.395361684262752533e-02
4.400000000000000000e+04 3.745145350694656372e-02 2.679542079567909241e-02 2.102500572800636292e-02 3.150259435642510653e-04 2.970643399748951197e-04 6.260211812332272530e-04 1.085001276805996895e-03 1.134034595452249050e-03 5.074692890048027039e-04 7.578019984066486359e-03 2.519957255572080612e-03 3.409981355071067810e-02 1.724738249322399497e-04 1.164305213023908436e-04 1.731196884065866470e-03 1.695534010650590062e-04 9.247414709534496069e-05 1.353149767965078354e-03 2.436497211456298828e-01 7.993746548891067505e-02 1.419745571911334991e-02 4.200037002563476562e+01 1.162771093750000000e+05 1.028479394531250000e+04 3.150119737256318331e-04 2.970743225887417793e-04 6.259960937313735485e-04 1.085063908249139786e-03 1.134075340814888477e-03 5.074729560874402523e-04 7.578008342534303665e-03 2.519903937354683876e-03 3.410100191831588745e-02 1.724066678434610367e-04 1.164340501418337226e-04 1.731190597638487816e-03 1.695524260867387056e-04 9.247433627024292946e-05 1.353129744529724121e-03 2.436497956514358521e-01 7.993746548891067505e-02 1.419743895530700684e-02
4.450000000000000000e+04 3.685228526592254639e-02 1.835080236196517944e-02 1.600007899105548859e-02 3.417164552956819534e-04 2.963783335871994495e-04 1.269322587177157402e-03 1.095430459827184677e-03 8.912992198020219803e-04 8.323434158228337765e-04 6.847057957202196121e-03 2.444518730044364929e-03 6.190752610564231873e-02 1.355998247163370252e-04 9.957497968571260571e-05 9.937296854332089424e-04 1.616878435015678406e-04 8.798484486760571599e-05 1.472533680498600006e-03 2.422317117452621460e-01 7.779948413372039795e-02 1.496215723454952240e-02 4.183407974243164062e+01 1.211077421875000000e+05 1.061335937500000000e+04 3.417387779336422682e-04 2.963766164612025023e-04 1.269317697733640671e-03 1.095352112315595150e-03 8.912829216569662094e-04 8.323446381837129593e-04 6.847067736089229584e-03 2.444492653012275696e-03 6.190675497055053711e-02 1.355952117592096329e-04 9.957537986338138580e-05 9.937135037034749985e-04 1.616902882233262062e-04 8.798426279099658132e-05 1.472528791055083275e-03 2.422317266464233398e-01 7.779946923255920410e-02 1.496217213571071625e-02
4.500000000000000000e+04 3.618565574288368225e-02 1.649367623031139374e-02 1.281217578798532486e-02 3.098559973295778036e-04 2.976652758661657572e-04 3.226522821933031082e-04 1.095119747333228588e-03 7.658041431568562984e-04 3.944111813325434923e-04 6.808324716985225677e-03 2.326075453311204910e-03 2.733718231320381165e-02 1.372483384329825640e-04 1.110347438952885568e-04 5.483858403749763966e-04 1.467792171752080321e-04 9.496634447714313865e-05 5.432453472167253494e-04 2.405183613300323486e-01 7.582421600818634033e-02 1.301674731075763702e-02 4.214649200439453125e+01 1.221167890625000000e+05 1.061131835937500000e+04 3.098593151662498713e-04 2.976660034619271755e-04 3.226422995794564486e-04 1.095172017812728882e-03 7.658092072233557701e-04 3.944162745028734207e-04 6.808294914662837982e-03 2.326056594029068947e-03 2.733693458139896393e-02 1.372399128740653396e-04 1.110264929593540728e-04 5.483836284838616848e-04 1.467893162043765187e-04 9.496769780525937676e-05 5.432019825093448162e-04 2.405182868242263794e-01 7.582420110702514648e-02 1.301676128059625626e-02
4.550000000000000000e+04 3.547758609056472778e-02 1.606369204819202423e-02 1.326821278780698776e-02 3.006258339155465364e-04 2.716952585615217686e-04 4.072880547028034925e-04 1.055746222846210003e-03 9.675034089013934135e-04 4.304193134885281324e-04 6.859104149043560028e-03 2.272013109177350998e-03 3.084299154579639435e-02 1.397174200974404812e-04 9.882678568828850985e-05 2.554610546212643385e-04 1.427502284059301019e-04 8.417476055910810828e-05 2.465903235133737326e-04 2.389432638883590698e-01 7.324322313070297241e-02 1.271524280309677124e-02 4.199144744873046875e+01 1.249956640625000000e+05 1.077931054687500000e+04 3.006455372087657452e-04 2.716912713367491961e-04 4.072710289619863033e-04 1.055714907124638557e-03 9.675204637460410595e-04 4.304225149098783731e-04 6.859093438833951950e-03 2.272062934935092926e-03 3.084259480237960815e-02 1.397162704961374402e-04 9.882975427899509668e-05 2.554566599428653717e-04 1.427619718015193939e-04 8.417297794949263334e-05 2.465955913066864014e-04 2.389432787895202637e-01 7.324323803186416626e-02 1.271527446806430817e-02
4.600000000000000000e+04 3.481583297252655029e-02 1.568729802966117859e-02 1.404452789574861526e-02 2.967473119497299194e-04 2.705375372897833586e-04 2.562096051406115294e-04 1.065687160007655621e-03 8.842086535878479481e-04 3.786500892601907253e-04 6.875639781355857849e-03 2.186578698456287384e-03 2.672389335930347443e-02 1.344644697383046150e-04 9.743036935105919838e-05 2.740054624155163765e-04 1.397027081111446023e-04 8.347183756995946169e-05 2.571618242654949427e-04 2.371913939714431763e-01 7.123489677906036377e-02 1.228005997836589813e-02 4.219512176513671875e+01 1.240405390625000000e+05 1.059008203125000000e+04 2.967447508126497269e-04 2.705385559238493443e-04 2.562153676990419626e-04 1.065726275555789471e-03 8.841948583722114563e-04 3.786442684940993786e-04 6.875671446323394775e-03 2.186561934649944305e-03 2.672331035137176514e-02 1.344528282061219215e-04 9.742655674926936626e-05 2.740166091825813055e-04 1.396987790940329432e-04 8.347160473931580782e-05 2.571541990619152784e-04 2.371913939714431763e-01 7.123489677906036377e-02 1.228007301688194275e-02
4.650000000000000000e+04 3.419007733464241028e-02 1.464106980711221695e-02 1.077031809836626053e-02 2.878443337976932526e-04 2.613983815535902977e-04 2.125153259839862585e-04 1.029887469485402107e-03 8.655154379084706306e-04 3.553528222255408764e-04 6.791003514081239700e-03 2.063780790194869041e-03 2.660798840224742889e-02 1.367113582091405988e-04 9.851418144535273314e-05 1.927035918924957514e-04 1.394494029227644205e-04 8.141018042806535959e-05 1.832169655244797468e-04 2.357237935066223145e-01 6.941422075033187866e-02 1.185461506247520447e-02 4.211666488647460938e+01 1.260532031250000000e+05 1.070403222656250000e+04 2.878368250094354153e-04 2.613994874991476536e-04 2.125277242157608271e-04 1.029909355565905571e-03 8.655057172290980816e-04 3.553436254151165485e-04 6.791017949581146240e-03 2.063764492049813271e-03 2.660712599754333496e-02 1.367075892630964518e-04 9.851203503785654902e-05 1.927045814227312803e-04 1.394522842019796371e-04 8.141145372064784169e-05 1.832214911701157689e-04 2.357237339019775391e-01 6.941419094800949097e-02 1.185458339750766754e-02
4.700000000000000000e+04 3.356454893946647644e-02 1.409399695694446564e-02 1.009225100278854370e-02 2.781110233627259731e-04 2.536299289204180241e-04 3.082192852161824703e-04 1.024575205519795418e-03 9.343104320578277111e-04 3.861050354316830635e-04 6.728158332407474518e-03 2.027983777225017548e-03 2.814922109246253967e-02 1.397551241097971797e-04 9.582597704138606787e-05 2.564375754445791245e-04 1.395559083903208375e-04 7.987328717717900872e-05 2.790280559565871954e-04 2.343518137931823730e-01 6.757046282291412354e-02 1.174234319478273392e-02 4.212003326416015625e+01 1.280220156250000000e+05 1.077569628906250000e+04 2.781070652417838573e-04 2.536320243962109089e-04 3.082259208895266056e-04 1.024503260850906372e-03 9.342923876829445362e-04 3.861064324155449867e-04 6.728191860020160675e-03 2.027994021773338318e-03 2.814819291234016418e-02 1.397762680426239967e-04 9.583066275808960199e-05 2.564346941653639078e-04 1.395608269376680255e-04 7.987483695615082979e-05 2.790162980090826750e-04 2.343517839908599854e-01 6.757047772407531738e-02 1.174231804907321930e-02
4.750000000000000000e+04 3.297064825892448425e-02 1.445402763783931732e-02 1.082425378262996674e-02 2.806020784191787243e-04 2.517143439035862684e-04 9.027423802763223648e-04 9.573905845172703266e-04 8.783780504018068314e-04 4.716821422334760427e-04 6.750633474439382553e-03 1.993456389755010605e-03 2.751003764569759369e-02 1.630664628464728594e-04 1.077580091077834368e-04 2.914827549830079079e-03 1.643080322537571192e-04 8.060181426117196679e-05 2.121227327734231949e-03 2.329788506031036377e-01 6.578854471445083618e-02 1.246260665357112885e-02 4.214027404785156250e+01 1.294763203125000000e+05 1.083987011718750000e+04 2.805988187901675701e-04 2.517059037927538157e-04 9.027734049595892429e-04 9.573261486366391182e-04 8.783787488937377930e-04 4.716778057627379894e-04 6.750709377229213715e-03 1.993436831980943680e-03 2.750934101641178131e-02 1.631357590667903423e-04 1.077524211723357439e-04 2.914791461080312729e-03 1.643189461901783943e-04 8.060374966589733958e-05 2.121198223903775215e-03 2.329787760972976685e-01 6.578855961561203003e-02 1.246258802711963654e-02
4.800000000000000000e+04 3.248704597353935242e-02 2.117686159908771515e-02 1.880482584238052368e-02 2.914704673457890749e-04 2.527643227949738503e-04 1.036578207276761532e-03 1.018221606500446796e-03 7.982648676261305809e-04 4.698924312833696604e-04 6.799576338380575180e-03 2.350725932046771049e-03 6.065139546990394592e-02 1.259900454897433519e-04 8.849098958307877183e-05 2.296240301802754402e-03 1.488405105192214251e-04 7.838592136977240443e-05 2.749673090875148773e-03 2.318003177642822266e-01 6.445044279098510742e-02 1.333930063992738724e-02 4.192985534667968750e+01 1.317992031250000000e+05 1.096633984375000000e+04 2.914890646934509277e-04 2.527686301618814468e-04 1.036547822877764702e-03 1.018203794956207275e-03 7.982665556482970715e-04 4.699083801824599504e-04 6.799521856009960175e-03 2.350749913603067398e-03 6.065327301621437073e-02 1.259814598597586155e-04 8.848569268593564630e-05 2.296221442520618439e-03 1.488492416683584452e-04 7.838716555852442980e-05 2.749694511294364929e-03 2.318003475666046143e-01 6.445042043924331665e-02 1.333928667008876801e-02
4.850000000000000000e+04 3.185223415493965149e-02 1.613842323422431946e-02 1.374435983598232269e-02 2.784369571600109339e-04 2.437960065435618162e-04 4.100994847249239683e-04 9.696182096377015114e-04 7.968829013407230377e-04 3.703433612827211618e-04 6.879366934299468994e-03 2.015672856941819191e-03 3.052436746656894684e-02 1.208827670780010521e-04 8.793788583716377616e-05 3.283614641986787319e-04 1.351115497527644038e-04 7.519473729189485312e-05 4.400466859806329012e-04 2.304892241954803467e-01 6.258060038089752197e-02 1.126866694539785385e-02 4.205275344848632812e+01 1.351320625000000000e+05 1.119470410156250000e+04 2.784323296509683132e-04 2.437732619000598788e-04 4.100982914678752422e-04 9.696005727164447308e-04 7.968680583871901035e-04 3.703478141687810421e-04 6.879335734993219376e-03 2.015672624111175537e-03 3.052437864243984222e-02 1.208975008921697736e-04 8.794152381597086787e-05 3.283713886048644781e-04 1.351077808067202568e-04 7.519342761952430010e-05 4.400046891532838345e-04 2.304892241954803467e-01 6.258064508438110352e-02 1.126857101917266846e-02
4.900000000000000000e+04 3.130432590842247009e-02 2.211007848381996155e-02 2.604039758443832397e-02 2.849381708074361086e-04 2.688124077394604683e-04 3.787870053201913834e-03 9.294479968957602978e-04 1.060066046193242073e-03 9.672164451330900192e-04 8.071969263255596161e-03 2.277093240991234779e-03 6.628049910068511963e-02 2.254767750855535269e-04 1.393977145198732615e-04 1.024681050330400467e-02 3.059773007407784462e-04 9.022818994708359241e-05 1.151228416711091995e-02 2.289601564407348633e-01 6.107233464717864990e-02 1.898983865976333618e-02 4.226046752929687500e+01 1.308006640625000000e+05 1.073343847656250000e+04 2.849261800292879343e-04 2.688003005459904671e-04 3.787884954363107681e-03 9.294978808611631393e-04 1.060078619047999382e-03 9.672426385805010796e-04 8.071977645158767700e-03 2.277105813845992088e-03 6.628325581550598145e-02 2.254513819934800267e-04 1.393959391862154007e-04 1.024683471769094467e-02 3.059632144868373871e-04 9.023021266330033541e-05 1.151202246546745300e-02 2.289600670337677002e-01 6.107232719659805298e-02 1.898987591266632080e-02
4.950000000000000000e+04 3.071584179997444153e-02 1.290510036051273346e-02 9.424767456948757172e-03 2.689117973204702139e-04 2.319734194315969944e-04 1.899941416922956705e-04 9.418867994099855423e-04 7.761805900372564793e-04 2.985682513099163771e-04 6.728551350533962250e-03 1.801168546080589294e-03 2.602729946374893188e-02 1.191526971524581313e-04 8.593457459937781096e-05 1.599661627551540732e-04 1.316333218710497022e-04 7.269333582371473312e-05 1.815343275666236877e-04 2.277874946594238281e-01 5.963242799043655396e-02 1.038208976387977600e-02 4.199870681762695312e+01 1.350366718750000000e+05 1.106759082031250000e+04 2.689162502065300941e-04 2.319779741810634732e-04 1.899908238556236029e-04 9.419309790246188641e-04 7.761595770716667175e-04 2.985594619531184435e-04 6.728615146130323410e-03 1.801162608899176121e-03 2.602712064981460571e-02 1.191377305076457560e-04 8.592992526246234775e-05 1.599749521119520068e-04 1.316113193752244115e-04 7.269585330504924059e-05 1.815347786759957671e-04 2.277873754501342773e-01 5.963240563869476318e-02 1.038208510726690292e-02
5.000000000000000000e+04 3.019564971327781677e-02 1.237472053617238998e-02 8.683881722390651703e-03 2.579887805040925741e-04 2.261915506096556783e-04 1.795434218365699053e-04 9.298640070483088493e-04 7.854751893319189548e-04 2.839202352333813906e-04 6.695056799799203873e-03 1.746585126966238022e-03 2.572637423872947693e-02 1.213138457387685776e-04 8.523365977453067899e-05 1.503728417446836829e-04 1.274568494409322739e-04 7.113262836355715990e-05 1.529382861917838454e-04 2.267300188541412354e-01 5.843156948685646057e-02 1.013921387493610382e-02 4.206823730468750000e+01 1.357862656250000000e+05 1.108724511718750000e+04 2.579865395091474056e-04 2.261855115648359060e-04 1.795249991118907928e-04 9.298779768869280815e-04 7.854601135477423668e-04 2.839376684278249741e-04 6.695015355944633484e-03 1.746579073369503021e-03 2.572531625628471375e-02 1.213257783092558384e-04 8.523915312252938747e-05 1.503768289694562554e-04 1.274621026823297143e-04 7.113056926755234599e-05 1.529500877950340509e-04 2.267300337553024292e-01 5.843161791563034058e-02 1.013922039419412613e-02
5.000000000000000000e+04 3.019564971327781677e-02 1.237472053617238998e-02 8.683881722390651703e-03 2.579887805040925741e-04 2.261915506096556783e-04 1.795434218365699053e-04 9.298640070483088493e-04 7.854751893319189548e-04 2.839202352333813906e-04 6.695056799799203873e-03 1.746585126966238022e-03 2.572637423872947693e-02 1.213138457387685776e-04 8.523365977453067899e-05 1.503728417446836829e-04 1.274568494409322739e-04 7.113262836355715990e-05 1.529382861917838454e-04 2.267300188541412354e-01 5.843156948685646057e-02 1.013921387493610382e-02 4.206823730468750000e+01 1.357862656250000000e+05 1.108724511718750000e+04 2.579865395091474056e-04 2.261855115648359060e-04 1.795249991118907928e-04 9.298779768869280815e-04 7.854601135477423668e-04 2.839376684278249741e-04 6.695015355944633484e-03 1.746579073369503021e-03 2.572531625628471375e-02 1.213257783092558384e-04 8.523915312252938747e-05 1.503768289694562554e-04 1.274621026823297143e-04 7.113056926755234599e-05 1.529500877950340509e-04 2.267300337553024292e-01 5.843161791563034058e-02 1.013922039419412613e-02
5.000300000000000000e+04 3.019570000469684601e-02 1.237451098859310150e-02 8.683706633746623993e-03 2.579715219326317310e-04 2.261924091726541519e-04 1.795281132217496634e-04 9.299221565015614033e-04 7.852748967707157135e-04 2.839369699358940125e-04 6.693698931485414505e-03 1.746732625178992748e-03 2.572513371706008911e-02 1.213079594890587032e-04 8.523179712938144803e-05 1.503553939983248711e-04 1.274418609682470560e-04 7.112973980838432908e-05 1.529321889393031597e-04 2.267312705516815186e-01 5.843159556388854980e-02 1.013924367725849152e-02 4.206824874877929688e+01 1.358063125000000000e+05 1.108888769531250000e+04 2.579815627541393042e-04 2.261884510517120361e-04 1.795135758584365249e-04 9.299014345742762089e-04 7.852661074139177799e-04 2.839496301021426916e-04 6.693640723824501038e-03 1.746729947626590729e-03 2.572481706738471985e-02 1.213183277286589146e-04 8.523159340256825089e-05 1.503559906268492341e-04 1.274461828870698810e-04 7.113027095329016447e-05 1.529465662315487862e-04 2.267313301563262939e-01 5.843162909150123596e-02 1.013927534222602844e-02
