# x
-5.000000000000000000e+00 -5.000000000000000000e+00
-5.000000000000000000e+00 -5.000000000000000000e+00
-5.000000000000000000e+00 -4.900000095367431641e+00
-5.000000000000000000e+00 -4.900000095367431641e+00
-5.000000000000000000e+00 -4.800000190734863281e+00
-5.000000000000000000e+00 -4.800000190734863281e+00
-5.000000000000000000e+00 -4.699999809265136719e+00
-5.000000000000000000e+00 -4.699999809265136719e+00
-5.000000000000000000e+00 -4.599999904632568359e+00
-5.000000000000000000e+00 -4.599999904632568359e+00
-5.000000000000000000e+00 -4.500000000000000000e+00
-5.000000000000000000e+00 -4.500000000000000000e+00
-5.000000000000000000e+00 -4.400000095367431641e+00
-5.000000000000000000e+00 -4.400000095367431641e+00
-5.000000000000000000e+00 -4.300000190734863281e+00
-5.000000000000000000e+00 -4.300000190734863281e+00
-5.000000000000000000e+00 -4.199999809265136719e+00
-5.000000000000000000e+00 -4.199999809265136719e+00
-5.000000000000000000e+00 -4.099999904632568359e+00
-5.000000000000000000e+00 -4.099999904632568359e+00
-5.000000000000000000e+00 -4.000000000000000000e+00
-5.000000000000000000e+00 -4.000000000000000000e+00
-5.000000000000000000e+00 -3.900000095367431641e+00
-5.000000000000000000e+00 -3.900000095367431641e+00
-5.000000000000000000e+00 -3.799999952316284180e+00
-5.000000000000000000e+00 -3.799999952316284180e+00
-5.000000000000000000e+00 -3.700000047683715820e+00
-5.000000000000000000e+00 -3.700000047683715820e+00
-5.000000000000000000e+00 -3.599999904632568359e+00
-5.000000000000000000e+00 -3.599999904632568359e+00
-5.000000000000000000e+00 -3.500000000000000000e+00
-5.000000000000000000e+00 -3.500000000000000000e+00
-5.000000000000000000e+00 -3.400000095367431641e+00
-5.000000000000000000e+00 -3.400000095367431641e+00
-5.000000000000000000e+00 -3.299999952316284180e+00
-5.000000000000000000e+00 -3.299999952316284180e+00
-5.000000000000000000e+00 -3.200000047683715820e+00
-5.000000000000000000e+00 -3.200000047683715820e+00
-5.000000000000000000e+00 -3.099999904632568359e+00
-5.000000000000000000e+00 -3.099999904632568359e+00
-5.000000000000000000e+00 -3.000000000000000000e+00
-5.000000000000000000e+00 -3.000000000000000000e+00
-5.000000000000000000e+00 -2.900000095367431641e+00
-5.000000000000000000e+00 -2.900000095367431641e+00
-5.000000000000000000e+00 -2.799999952316284180e+00
-5.000000000000000000e+00 -2.799999952316284180e+00
-5.000000000000000000e+00 -2.700000047683715820e+00
-5.000000000000000000e+00 -2.700000047683715820e+00
-5.000000000000000000e+00 -2.599999904632568359e+00
-5.000000000000000000e+00 -2.599999904632568359e+00
-5.000000000000000000e+00 -2.500000000000000000e+00
-5.000000000000000000e+00 -2.500000000000000000e+00
-5.000000000000000000e+00 -2.400000095367431641e+00
-5.000000000000000000e+00 -2.400000095367431641e+00
-5.000000000000000000e+00 -2.299999952316284180e+00
-5.000000000000000000e+00 -2.299999952316284180e+00
-5.000000000000000000e+00 -2.200000047683715820e+00
-5.000000000000000000e+00 -2.200000047683715820e+00
-5.000000000000000000e+00 -2.099999904632568359e+00
-5.000000000000000000e+00 -2.099999904632568359e+00
-5.000000000000000000e+00 -2.000000000000000000e+00
-5.000000000000000000e+00 -2.000000000000000000e+00
-5.000000000000000000e+00 -1.899999976158142090e+00
-5.000000000000000000e+00 -1.899999976158142090e+00
-5.000000000000000000e+00 -1.799999952316284180e+00
-5.000000000000000000e+00 -1.799999952316284180e+00
-5.000000000000000000e+00 -1.700000047683715820e+00
-5.000000000000000000e+00 -1.700000047683715820e+00
-5.000000000000000000e+00 -1.600000023841857910e+00
-5.000000000000000000e+00 -1.600000023841857910e+00
-5.000000000000000000e+00 -1.500000000000000000e+00
-5.000000000000000000e+00 -1.500000000000000000e+00
-5.000000000000000000e+00 -1.399999976158142090e+00
-5.000000000000000000e+00 -1.399999976158142090e+00
-5.000000000000000000e+00 -1.299999952316284180e+00
-5.000000000000000000e+00 -1.299999952316284180e+00
-5.000000000000000000e+00 -1.200000047683715820e+00
-5.000000000000000000e+00 -1.200000047683715820e+00
-5.000000000000000000e+00 -1.100000023841857910e+00
-5.000000000000000000e+00 -1.100000023841857910e+00
-5.000000000000000000e+00 -1.000000000000000000e+00
-5.000000000000000000e+00 -1.000000000000000000e+00
-5.000000000000000000e+00 -8.999999761581420898e-01
-5.000000000000000000e+00 -8.999999761581420898e-01
-5.000000000000000000e+00 -8.000000119209289551e-01
-5.000000000000000000e+00 -8.000000119209289551e-01
-5.000000000000000000e+00 -6.999999880790710449e-01
-5.000000000000000000e+00 -6.999999880790710449e-01
-5.000000000000000000e+00 -6.000000238418579102e-01
-5.000000000000000000e+00 -6.000000238418579102e-01
-5.000000000000000000e+00 -5.000000000000000000e-01
-5.000000000000000000e+00 -5.000000000000000000e-01
-5.000000000000000000e+00 -4.000000059604644775e-01
-5.000000000000000000e+00 -4.000000059604644775e-01
-5.000000000000000000e+00 -3.000000119209289551e-01
-5.000000000000000000e+00 -3.000000119209289551e-01
-5.000000000000000000e+00 -2.000000029802322388e-01
-5.000000000000000000e+00 -2.000000029802322388e-01
-5.000000000000000000e+00 -1.000000014901161194e-01
-5.000000000000000000e+00 -1.000000014901161194e-01
-5.000000000000000000e+00 -9.528829557408756082e-44
-5.000000000000000000e+00 -7.146622168056567062e-44
-5.000000000000000000e+00 1.000000014901161194e-01
-5.000000000000000000e+00 1.000000014901161194e-01
-5.000000000000000000e+00 2.000000029802322388e-01
-5.000000000000000000e+00 2.000000029802322388e-01
-5.000000000000000000e+00 3.000000119209289551e-01
-5.000000000000000000e+00 3.000000119209289551e-01
-5.000000000000000000e+00 4.000000059604644775e-01
-5.000000000000000000e+00 4.000000059604644775e-01
-5.000000000000000000e+00 5.000000000000000000e-01
-5.000000000000000000e+00 5.000000000000000000e-01
-5.000000000000000000e+00 6.000000238418579102e-01
-5.000000000000000000e+00 6.000000238418579102e-01
-5.000000000000000000e+00 6.999999880790710449e-01
-5.000000000000000000e+00 6.999999880790710449e-01
-5.000000000000000000e+00 8.000000119209289551e-01
-5.000000000000000000e+00 8.000000119209289551e-01
-5.000000000000000000e+00 8.999999761581420898e-01
-5.000000000000000000e+00 8.999999761581420898e-01
-5.000000000000000000e+00 1.000000000000000000e+00
-5.000000000000000000e+00 1.000000000000000000e+00
-5.000000000000000000e+00 1.100000023841857910e+00
-5.000000000000000000e+00 1.100000023841857910e+00
-5.000000000000000000e+00 1.200000047683715820e+00
-5.000000000000000000e+00 1.200000047683715820e+00
-5.000000000000000000e+00 1.299999952316284180e+00
-5.000000000000000000e+00 1.299999952316284180e+00
-5.000000000000000000e+00 1.399999976158142090e+00
-5.000000000000000000e+00 1.399999976158142090e+00
-5.000000000000000000e+00 1.500000000000000000e+00
-5.000000000000000000e+00 1.500000000000000000e+00
-5.000000000000000000e+00 1.600000023841857910e+00
-5.000000000000000000e+00 1.600000023841857910e+00
-5.000000000000000000e+00 1.700000047683715820e+00
-5.000000000000000000e+00 1.700000047683715820e+00
-5.000000000000000000e+00 1.799999952316284180e+00
-5.000000000000000000e+00 1.799999952316284180e+00
-5.000000000000000000e+00 1.899999976158142090e+00
-5.000000000000000000e+00 1.899999976158142090e+00
-5.000000000000000000e+00 2.000000000000000000e+00
-5.000000000000000000e+00 2.000000000000000000e+00
-5.000000000000000000e+00 2.099999904632568359e+00
-5.000000000000000000e+00 2.099999904632568359e+00
-5.000000000000000000e+00 2.200000047683715820e+00
-5.000000000000000000e+00 2.200000047683715820e+00
-5.000000000000000000e+00 2.299999952316284180e+00
-5.000000000000000000e+00 2.299999952316284180e+00
-5.000000000000000000e+00 2.400000095367431641e+00
-5.000000000000000000e+00 2.400000095367431641e+00
-5.000000000000000000e+00 2.500000000000000000e+00
-5.000000000000000000e+00 2.500000000000000000e+00
-5.000000000000000000e+00 2.599999904632568359e+00
-5.000000000000000000e+00 2.599999904632568359e+00
-5.000000000000000000e+00 2.700000047683715820e+00
-5.000000000000000000e+00 2.700000047683715820e+00
-5.000000000000000000e+00 2.799999952316284180e+00
-5.000000000000000000e+00 2.799999952316284180e+00
-5.000000000000000000e+00 2.900000095367431641e+00
-5.000000000000000000e+00 2.900000095367431641e+00
-5.000000000000000000e+00 3.000000000000000000e+00
-5.000000000000000000e+00 3.000000000000000000e+00
-5.000000000000000000e+00 3.099999904632568359e+00
-5.000000000000000000e+00 3.099999904632568359e+00
-5.000000000000000000e+00 3.200000047683715820e+00
-5.000000000000000000e+00 3.200000047683715820e+00
-5.000000000000000000e+00 3.299999952316284180e+00
-5.000000000000000000e+00 3.299999952316284180e+00
-5.000000000000000000e+00 3.400000095367431641e+00
-5.000000000000000000e+00 3.400000095367431641e+00
-5.000000000000000000e+00 3.500000000000000000e+00
-5.000000000000000000e+00 3.500000000000000000e+00
-5.000000000000000000e+00 3.599999904632568359e+00
-5.000000000000000000e+00 3.599999904632568359e+00
-5.000000000000000000e+00 3.700000047683715820e+00
-5.000000000000000000e+00 3.700000047683715820e+00
-5.000000000000000000e+00 3.799999952316284180e+00
-5.000000000000000000e+00 3.799999952316284180e+00
-5.000000000000000000e+00 3.900000095367431641e+00
-5.000000000000000000e+00 3.900000095367431641e+00
-5.000000000000000000e+00 4.000000000000000000e+00
-5.000000000000000000e+00 4.000000000000000000e+00
-5.000000000000000000e+00 4.099999904632568359e+00
-5.000000000000000000e+00 4.099999904632568359e+00
-5.000000000000000000e+00 4.199999809265136719e+00
-5.000000000000000000e+00 4.199999809265136719e+00
-5.000000000000000000e+00 4.300000190734863281e+00
-5.000000000000000000e+00 4.300000190734863281e+00
-5.000000000000000000e+00 4.400000095367431641e+00
-5.000000000000000000e+00 4.400000095367431641e+00
-5.000000000000000000e+00 4.500000000000000000e+00
-5.000000000000000000e+00 4.500000000000000000e+00
-5.000000000000000000e+00 4.599999904632568359e+00
-5.000000000000000000e+00 4.599999904632568359e+00
-5.000000000000000000e+00 4.699999809265136719e+00
-5.000000000000000000e+00 4.699999809265136719e+00
-5.000000000000000000e+00 4.800000190734863281e+00
-5.000000000000000000e+00 4.800000190734863281e+00
-5.000000000000000000e+00 4.900000095367431641e+00
-5.000000000000000000e+00 4.900000095367431641e+00
-5.000000000000000000e+00 5.000000000000000000e+00
-5.000000000000000000e+00 5.000000000000000000e+00
-5.000000000000000000e+00 -5.000000000000000000e+00
-5.000000000000000000e+00 -5.000000000000000000e+00
-5.000000000000000000e+00 -4.900000095367431641e+00
-5.000000000000000000e+00 -4.900000095367431641e+00
-5.000000000000000000e+00 -4.800000190734863281e+00
-5.000000000000000000e+00 -4.800000190734863281e+00
-5.000000000000000000e+00 -4.699999809265136719e+00
-5.000000000000000000e+00 -4.699999809265136719e+00
-5.000000000000000000e+00 -4.599999904632568359e+00
-5.000000000000000000e+00 -4.599999904632568359e+00
-5.000000000000000000e+00 -4.500000000000000000e+00
-5.000000000000000000e+00 -4.500000000000000000e+00
-5.000000000000000000e+00 -4.400000095367431641e+00
-5.000000000000000000e+00 -4.400000095367431641e+00
-5.000000000000000000e+00 -4.300000190734863281e+00
-5.000000000000000000e+00 -4.300000190734863281e+00
-5.000000000000000000e+00 -4.199999809265136719e+00
-5.000000000000000000e+00 -4.199999809265136719e+00
-5.000000000000000000e+00 -4.099999904632568359e+00
-5.000000000000000000e+00 -4.099999904632568359e+00
-5.000000000000000000e+00 -4.000000000000000000e+00
-5.000000000000000000e+00 -4.000000000000000000e+00
-5.000000000000000000e+00 -3.900000095367431641e+00
-5.000000000000000000e+00 -3.900000095367431641e+00
-5.000000000000000000e+00 -3.799999952316284180e+00
-5.000000000000000000e+00 -3.799999952316284180e+00
-5.000000000000000000e+00 -3.700000047683715820e+00
-5.000000000000000000e+00 -3.700000047683715820e+00
-5.000000000000000000e+00 -3.599999904632568359e+00
-5.000000000000000000e+00 -3.599999904632568359e+00
-5.000000000000000000e+00 -3.500000000000000000e+00
-5.000000000000000000e+00 -3.500000000000000000e+00
-5.000000000000000000e+00 -3.400000095367431641e+00
-5.000000000000000000e+00 -3.400000095367431641e+00
-5.000000000000000000e+00 -3.299999952316284180e+00
-5.000000000000000000e+00 -3.299999952316284180e+00
-5.000000000000000000e+00 -3.200000047683715820e+00
-5.000000000000000000e+00 -3.200000047683715820e+00
-5.000000000000000000e+00 -3.099999904632568359e+00
-5.000000000000000000e+00 -3.099999904632568359e+00
-5.000000000000000000e+00 -3.000000000000000000e+00
-5.000000000000000000e+00 -3.000000000000000000e+00
-5.000000000000000000e+00 -2.900000095367431641e+00
-5.000000000000000000e+00 -2.900000095367431641e+00
-5.000000000000000000e+00 -2.799999952316284180e+00
-5.000000000000000000e+00 -2.799999952316284180e+00
-5.000000000000000000e+00 -2.700000047683715820e+00
-5.000000000000000000e+00 -2.700000047683715820e+00
-5.000000000000000000e+00 -2.599999904632568359e+00
-5.000000000000000000e+00 -2.599999904632568359e+00
-5.000000000000000000e+00 -2.500000000000000000e+00
-5.000000000000000000e+00 -2.500000000000000000e+00
-5.000000000000000000e+00 -2.400000095367431641e+00
-5.000000000000000000e+00 -2.400000095367431641e+00
-5.000000000000000000e+00 -2.299999952316284180e+00
-5.000000000000000000e+00 -2.299999952316284180e+00
-5.000000000000000000e+00 -2.200000047683715820e+00
-5.000000000000000000e+00 -2.200000047683715820e+00
-5.000000000000000000e+00 -2.099999904632568359e+00
-5.000000000000000000e+00 -2.099999904632568359e+00
-5.000000000000000000e+00 -2.000000000000000000e+00
-5.000000000000000000e+00 -2.000000000000000000e+00
-5.000000000000000000e+00 -1.899999976158142090e+00
-5.000000000000000000e+00 -1.899999976158142090e+00
-5.000000000000000000e+00 -1.799999952316284180e+00
-5.000000000000000000e+00 -1.799999952316284180e+00
-5.000000000000000000e+00 -1.700000047683715820e+00
-5.000000000000000000e+00 -1.700000047683715820e+00
-5.000000000000000000e+00 -1.600000023841857910e+00
-5.000000000000000000e+00 -1.600000023841857910e+00
-5.000000000000000000e+00 -1.500000000000000000e+00
-5.000000000000000000e+00 -1.500000000000000000e+00
-5.000000000000000000e+00 -1.399999976158142090e+00
-5.000000000000000000e+00 -1.399999976158142090e+00
-5.000000000000000000e+00 -1.299999952316284180e+00
-5.000000000000000000e+00 -1.299999952316284180e+00
-5.000000000000000000e+00 -1.200000047683715820e+00
-5.000000000000000000e+00 -1.200000047683715820e+00
-5.000000000000000000e+00 -1.100000023841857910e+00
-5.000000000000000000e+00 -1.100000023841857910e+00
-5.000000000000000000e+00 -1.000000000000000000e+00
-5.000000000000000000e+00 -1.000000000000000000e+00
-5.000000000000000000e+00 -8.999999761581420898e-01
-5.000000000000000000e+00 -8.999999761581420898e-01
-5.000000000000000000e+00 -8.000000119209289551e-01
-5.000000000000000000e+00 -8.000000119209289551e-01
-5.000000000000000000e+00 -6.999999880790710449e-01
-5.000000000000000000e+00 -6.999999880790710449e-01
-5.000000000000000000e+00 -6.000000238418579102e-01
-5.000000000000000000e+00 -6.000000238418579102e-01
-5.000000000000000000e+00 -5.000000000000000000e-01
-5.000000000000000000e+00 -5.000000000000000000e-01
-5.000000000000000000e+00 -4.000000059604644775e-01
-5.000000000000000000e+00 -4.000000059604644775e-01
-5.000000000000000000e+00 -3.000000119209289551e-01
-5.000000000000000000e+00 -3.000000119209289551e-01
-5.000000000000000000e+00 -2.000000029802322388e-01
-5.000000000000000000e+00 -2.000000029802322388e-01
-5.000000000000000000e+00 -1.000000014901161194e-01
-5.000000000000000000e+00 -1.000000014901161194e-01
-5.000000000000000000e+00 -9.528829557408756082e-44
-5.000000000000000000e+00 -7.146622168056567062e-44
-5.000000000000000000e+00 1.000000014901161194e-01
-5.000000000000000000e+00 1.000000014901161194e-01
-5.000000000000000000e+00 2.000000029802322388e-01
-5.000000000000000000e+00 2.000000029802322388e-01
-5.000000000000000000e+00 3.000000119209289551e-01
-5.000000000000000000e+00 3.000000119209289551e-01
-5.000000000000000000e+00 4.000000059604644775e-01
-5.000000000000000000e+00 4.000000059604644775e-01
-5.000000000000000000e+00 5.000000000000000000e-01
-5.000000000000000000e+00 5.000000000000000000e-01
-5.000000000000000000e+00 6.000000238418579102e-01
-5.000000000000000000e+00 6.000000238418579102e-01
-5.000000000000000000e+00 6.999999880790710449e-01
-5.000000000000000000e+00 6.999999880790710449e-01
-5.000000000000000000e+00 8.000000119209289551e-01
-5.000000000000000000e+00 8.000000119209289551e-01
-5.000000000000000000e+00 8.999999761581420898e-01
-5.000000000000000000e+00 8.999999761581420898e-01
-5.000000000000000000e+00 1.000000000000000000e+00
-5.000000000000000000e+00 1.000000000000000000e+00
-5.000000000000000000e+00 1.100000023841857910e+00
-5.000000000000000000e+00 1.100000023841857910e+00
-5.000000000000000000e+00 1.200000047683715820e+00
-5.000000000000000000e+00 1.200000047683715820e+00
-5.000000000000000000e+00 1.299999952316284180e+00
-5.000000000000000000e+00 1.299999952316284180e+00
-5.000000000000000000e+00 1.399999976158142090e+00
-5.000000000000000000e+00 1.399999976158142090e+00
-5.000000000000000000e+00 1.500000000000000000e+00
-5.000000000000000000e+00 1.500000000000000000e+00
-5.000000000000000000e+00 1.600000023841857910e+00
-5.000000000000000000e+00 1.600000023841857910e+00
-5.000000000000000000e+00 1.700000047683715820e+00
-5.000000000000000000e+00 1.700000047683715820e+00
-5.000000000000000000e+00 1.799999952316284180e+00
-5.000000000000000000e+00 1.799999952316284180e+00
-5.000000000000000000e+00 1.899999976158142090e+00
-5.000000000000000000e+00 1.899999976158142090e+00
-5.000000000000000000e+00 2.000000000000000000e+00
-5.000000000000000000e+00 2.000000000000000000e+00
-5.000000000000000000e+00 2.099999904632568359e+00
-5.000000000000000000e+00 2.099999904632568359e+00
-5.000000000000000000e+00 2.200000047683715820e+00
-5.000000000000000000e+00 2.200000047683715820e+00
-5.000000000000000000e+00 2.299999952316284180e+00
-5.000000000000000000e+00 2.299999952316284180e+00
-5.000000000000000000e+00 2.400000095367431641e+00
-5.000000000000000000e+00 2.400000095367431641e+00
-5.000000000000000000e+00 2.500000000000000000e+00
-5.000000000000000000e+00 2.500000000000000000e+00
-5.000000000000000000e+00 2.599999904632568359e+00
-5.000000000000000000e+00 2.599999904632568359e+00
-5.000000000000000000e+00 2.700000047683715820e+00
-5.000000000000000000e+00 2.700000047683715820e+00
-5.000000000000000000e+00 2.799999952316284180e+00
-5.000000000000000000e+00 2.799999952316284180e+00
-5.000000000000000000e+00 2.900000095367431641e+00
-5.000000000000000000e+00 2.900000095367431641e+00
-5.000000000000000000e+00 3.000000000000000000e+00
-5.000000000000000000e+00 3.000000000000000000e+00
-5.000000000000000000e+00 3.099999904632568359e+00
-5.000000000000000000e+00 3.099999904632568359e+00
-5.000000000000000000e+00 3.200000047683715820e+00
-5.000000000000000000e+00 3.200000047683715820e+00
-5.000000000000000000e+00 3.299999952316284180e+00
-5.000000000000000000e+00 3.299999952316284180e+00
-5.000000000000000000e+00 3.400000095367431641e+00
-5.000000000000000000e+00 3.400000095367431641e+00
-5.000000000000000000e+00 3.500000000000000000e+00
-5.000000000000000000e+00 3.500000000000000000e+00
-5.000000000000000000e+00 3.599999904632568359e+00
-5.000000000000000000e+00 3.599999904632568359e+00
-5.000000000000000000e+00 3.700000047683715820e+00
-5.000000000000000000e+00 3.700000047683715820e+00
-5.000000000000000000e+00 3.799999952316284180e+00
-5.000000000000000000e+00 3.799999952316284180e+00
-5.000000000000000000e+00 3.900000095367431641e+00
-5.000000000000000000e+00 3.900000095367431641e+00
-5.000000000000000000e+00 4.000000000000000000e+00
-5.000000000000000000e+00 4.000000000000000000e+00
-5.000000000000000000e+00 4.099999904632568359e+00
-5.000000000000000000e+00 4.099999904632568359e+00
-5.000000000000000000e+00 4.199999809265136719e+00
-5.000000000000000000e+00 4.199999809265136719e+00
-5.000000000000000000e+00 4.300000190734863281e+00
-5.000000000000000000e+00 4.300000190734863281e+00
-5.000000000000000000e+00 4.400000095367431641e+00
-5.000000000000000000e+00 4.400000095367431641e+00
-5.000000000000000000e+00 4.500000000000000000e+00
-5.000000000000000000e+00 4.500000000000000000e+00
-5.000000000000000000e+00 4.599999904632568359e+00
-5.000000000000000000e+00 4.599999904632568359e+00
-5.000000000000000000e+00 4.699999809265136719e+00
-5.000000000000000000e+00 4.699999809265136719e+00
-5.000000000000000000e+00 4.800000190734863281e+00
-5.000000000000000000e+00 4.800000190734863281e+00
-5.000000000000000000e+00 4.900000095367431641e+00
-5.000000000000000000e+00 4.900000095367431641e+00
-5.000000000000000000e+00 5.000000000000000000e+00
-5.000000000000000000e+00 5.000000000000000000e+00
-5.000000000000000000e+00 -5.000000000000000000e+00
-5.000000000000000000e+00 -5.000000000000000000e+00
-5.000000000000000000e+00 -4.900000095367431641e+00
-5.000000000000000000e+00 -4.900000095367431641e+00
-5.000000000000000000e+00 -4.800000190734863281e+00
-5.000000000000000000e+00 -4.800000190734863281e+00
-5.000000000000000000e+00 -4.699999809265136719e+00
-5.000000000000000000e+00 -4.699999809265136719e+00
-5.000000000000000000e+00 -4.599999904632568359e+00
-5.000000000000000000e+00 -4.599999904632568359e+00
-5.000000000000000000e+00 -4.500000000000000000e+00
-5.000000000000000000e+00 -4.500000000000000000e+00
-5.000000000000000000e+00 -4.400000095367431641e+00
-5.000000000000000000e+00 -4.400000095367431641e+00
-5.000000000000000000e+00 -4.300000190734863281e+00
-5.000000000000000000e+00 -4.300000190734863281e+00
-5.000000000000000000e+00 -4.199999809265136719e+00
-5.000000000000000000e+00 -4.199999809265136719e+00
-5.000000000000000000e+00 -4.099999904632568359e+00
-5.000000000000000000e+00 -4.099999904632568359e+00
-5.000000000000000000e+00 -4.000000000000000000e+00
-5.000000000000000000e+00 -4.000000000000000000e+00
-5.000000000000000000e+00 -3.900000095367431641e+00
-5.000000000000000000e+00 -3.900000095367431641e+00
-5.000000000000000000e+00 -3.799999952316284180e+00
-5.000000000000000000e+00 -3.799999952316284180e+00
-5.000000000000000000e+00 -3.700000047683715820e+00
-5.000000000000000000e+00 -3.700000047683715820e+00
-5.000000000000000000e+00 -3.599999904632568359e+00
-5.000000000000000000e+00 -3.599999904632568359e+00
-5.000000000000000000e+00 -3.500000000000000000e+00
-5.000000000000000000e+00 -3.500000000000000000e+00
-5.000000000000000000e+00 -3.400000095367431641e+00
-5.000000000000000000e+00 -3.400000095367431641e+00
-5.000000000000000000e+00 -3.299999952316284180e+00
-5.000000000000000000e+00 -3.299999952316284180e+00
-5.000000000000000000e+00 -3.200000047683715820e+00
-5.000000000000000000e+00 -3.200000047683715820e+00
-5.000000000000000000e+00 -3.099999904632568359e+00
-5.000000000000000000e+00 -3.099999904632568359e+00
-5.000000000000000000e+00 -3.000000000000000000e+00
-5.000000000000000000e+00 -3.000000000000000000e+00
-5.000000000000000000e+00 -2.900000095367431641e+00
-5.000000000000000000e+00 -2.900000095367431641e+00
-5.000000000000000000e+00 -2.799999952316284180e+00
-5.000000000000000000e+00 -2.799999952316284180e+00
-5.000000000000000000e+00 -2.700000047683715820e+00
-5.000000000000000000e+00 -2.700000047683715820e+00
-5.000000000000000000e+00 -2.599999904632568359e+00
-5.000000000000000000e+00 -2.599999904632568359e+00
-5.000000000000000000e+00 -2.500000000000000000e+00
-5.000000000000000000e+00 -2.500000000000000000e+00
-5.000000000000000000e+00 -2.400000095367431641e+00
-5.000000000000000000e+00 -2.400000095367431641e+00
-5.000000000000000000e+00 -2.299999952316284180e+00
-5.000000000000000000e+00 -2.299999952316284180e+00
-5.000000000000000000e+00 -2.200000047683715820e+00
-5.000000000000000000e+00 -2.200000047683715820e+00
-5.000000000000000000e+00 -2.099999904632568359e+00
-5.000000000000000000e+00 -2.099999904632568359e+00
-5.000000000000000000e+00 -2.000000000000000000e+00
-5.000000000000000000e+00 -2.000000000000000000e+00
-5.000000000000000000e+00 -1.899999976158142090e+00
-5.000000000000000000e+00 -1.899999976158142090e+00
-5.000000000000000000e+00 -1.799999952316284180e+00
-5.000000000000000000e+00 -1.799999952316284180e+00
-5.000000000000000000e+00 -1.700000047683715820e+00
-5.000000000000000000e+00 -1.700000047683715820e+00
-5.000000000000000000e+00 -1.600000023841857910e+00
-5.000000000000000000e+00 -1.600000023841857910e+00
-5.000000000000000000e+00 -1.500000000000000000e+00
-5.000000000000000000e+00 -1.500000000000000000e+00
-5.000000000000000000e+00 -1.399999976158142090e+00
-5.000000000000000000e+00 -1.399999976158142090e+00
-5.000000000000000000e+00 -1.299999952316284180e+00
-5.000000000000000000e+00 -1.299999952316284180e+00
-5.000000000000000000e+00 -1.200000047683715820e+00
-5.000000000000000000e+00 -1.200000047683715820e+00
-5.000000000000000000e+00 -1.100000023841857910e+00
-5.000000000000000000e+00 -1.100000023841857910e+00
-5.000000000000000000e+00 -1.000000000000000000e+00
-5.000000000000000000e+00 -1.000000000000000000e+00
-5.000000000000000000e+00 -8.999999761581420898e-01
-5.000000000000000000e+00 -8.999999761581420898e-01
-5.000000000000000000e+00 -8.000000119209289551e-01
-5.000000000000000000e+00 -8.000000119209289551e-01
-5.000000000000000000e+00 -6.999999880790710449e-01
-5.000000000000000000e+00 -6.999999880790710449e-01
-5.000000000000000000e+00 -6.000000238418579102e-01
-5.000000000000000000e+00 -6.000000238418579102e-01
-5.000000000000000000e+00 -5.000000000000000000e-01
-5.000000000000000000e+00 -5.000000000000000000e-01
-5.000000000000000000e+00 -4.000000059604644775e-01
-5.000000000000000000e+00 -4.000000059604644775e-01
-5.000000000000000000e+00 -3.000000119209289551e-01
-5.000000000000000000e+00 -3.000000119209289551e-01
-5.000000000000000000e+00 -2.000000029802322388e-01
-5.000000000000000000e+00 -2.000000029802322388e-01
-5.000000000000000000e+00 -1.000000014901161194e-01
-5.000000000000000000e+00 -1.000000014901161194e-01
-5.000000000000000000e+00 -9.528829557408756082e-44
-5.000000000000000000e+00 -7.146622168056567062e-44
-5.000000000000000000e+00 1.000000014901161194e-01
-5.000000000000000000e+00 1.000000014901161194e-01
-5.000000000000000000e+00 2.000000029802322388e-01
-5.000000000000000000e+00 2.000000029802322388e-01
-5.000000000000000000e+00 3.000000119209289551e-01
-5.000000000000000000e+00 3.000000119209289551e-01
-5.000000000000000000e+00 4.000000059604644775e-01
-5.000000000000000000e+00 4.000000059604644775e-01
-5.000000000000000000e+00 5.000000000000000000e-01
-5.000000000000000000e+00 5.000000000000000000e-01
-5.000000000000000000e+00 6.000000238418579102e-01
-5.000000000000000000e+00 6.000000238418579102e-01
-5.000000000000000000e+00 6.999999880790710449e-01
-5.000000000000000000e+00 6.999999880790710449e-01
-5.000000000000000000e+00 8.000000119209289551e-01
-5.000000000000000000e+00 8.000000119209289551e-01
-5.000000000000000000e+00 8.999999761581420898e-01
-5.000000000000000000e+00 8.999999761581420898e-01
-5.000000000000000000e+00 1.000000000000000000e+00
-5.000000000000000000e+00 1.000000000000000000e+00
-5.000000000000000000e+00 1.100000023841857910e+00
-5.000000000000000000e+00 1.100000023841857910e+00
-5.000000000000000000e+00 1.200000047683715820e+00
-5.000000000000000000e+00 1.200000047683715820e+00
-5.000000000000000000e+00 1.299999952316284180e+00
-5.000000000000000000e+00 1.299999952316284180e+00
-5.000000000000000000e+00 1.399999976158142090e+00
-5.000000000000000000e+00 1.399999976158142090e+00
-5.000000000000000000e+00 1.500000000000000000e+00
-5.000000000000000000e+00 1.500000000000000000e+00
-5.000000000000000000e+00 1.600000023841857910e+00
-5.000000000000000000e+00 1.600000023841857910e+00
-5.000000000000000000e+00 1.700000047683715820e+00
-5.000000000000000000e+00 1.700000047683715820e+00
-5.000000000000000000e+00 1.799999952316284180e+00
-5.000000000000000000e+00 1.799999952316284180e+00
-5.000000000000000000e+00 1.899999976158142090e+00
-5.000000000000000000e+00 1.899999976158142090e+00
-5.000000000000000000e+00 2.000000000000000000e+00
-5.000000000000000000e+00 2.000000000000000000e+00
-5.000000000000000000e+00 2.099999904632568359e+00
-5.000000000000000000e+00 2.099999904632568359e+00
-5.000000000000000000e+00 2.200000047683715820e+00
-5.000000000000000000e+00 2.200000047683715820e+00
-5.000000000000000000e+00 2.299999952316284180e+00
-5.000000000000000000e+00 2.299999952316284180e+00
-5.000000000000000000e+00 2.400000095367431641e+00
-5.000000000000000000e+00 2.400000095367431641e+00
-5.000000000000000000e+00 2.500000000000000000e+00
-5.000000000000000000e+00 2.500000000000000000e+00
-5.000000000000000000e+00 2.599999904632568359e+00
-5.000000000000000000e+00 2.599999904632568359e+00
-5.000000000000000000e+00 2.700000047683715820e+00
-5.000000000000000000e+00 2.700000047683715820e+00
-5.000000000000000000e+00 2.799999952316284180e+00
-5.000000000000000000e+00 2.799999952316284180e+00
-5.000000000000000000e+00 2.900000095367431641e+00
-5.000000000000000000e+00 2.900000095367431641e+00
-5.000000000000000000e+00 3.000000000000000000e+00
-5.000000000000000000e+00 3.000000000000000000e+00
-5.000000000000000000e+00 3.099999904632568359e+00
-5.000000000000000000e+00 3.099999904632568359e+00
-5.000000000000000000e+00 3.200000047683715820e+00
-5.000000000000000000e+00 3.200000047683715820e+00
-5.000000000000000000e+00 3.299999952316284180e+00
-5.000000000000000000e+00 3.299999952316284180e+00
-5.000000000000000000e+00 3.400000095367431641e+00
-5.000000000000000000e+00 3.400000095367431641e+00
-5.000000000000000000e+00 3.500000000000000000e+00
-5.000000000000000000e+00 3.500000000000000000e+00
-5.000000000000000000e+00 3.599999904632568359e+00
-5.000000000000000000e+00 3.599999904632568359e+00
-5.000000000000000000e+00 3.700000047683715820e+00
-5.000000000000000000e+00 3.700000047683715820e+00
-5.000000000000000000e+00 3.799999952316284180e+00
-5.000000000000000000e+00 3.799999952316284180e+00
-5.000000000000000000e+00 3.900000095367431641e+00
-5.000000000000000000e+00 3.900000095367431641e+00
-5.000000000000000000e+00 4.000000000000000000e+00
-5.000000000000000000e+00 4.000000000000000000e+00
-5.000000000000000000e+00 4.099999904632568359e+00
-5.000000000000000000e+00 4.099999904632568359e+00
-5.000000000000000000e+00 4.199999809265136719e+00
-5.000000000000000000e+00 4.199999809265136719e+00
-5.000000000000000000e+00 4.300000190734863281e+00
-5.000000000000000000e+00 4.300000190734863281e+00
-5.000000000000000000e+00 4.400000095367431641e+00
-5.000000000000000000e+00 4.400000095367431641e+00
-5.000000000000000000e+00 4.500000000000000000e+00
-5.000000000000000000e+00 4.500000000000000000e+00
-5.000000000000000000e+00 4.599999904632568359e+00
-5.000000000000000000e+00 4.599999904632568359e+00
-5.000000000000000000e+00 4.699999809265136719e+00
-5.000000000000000000e+00 4.699999809265136719e+00
-5.000000000000000000e+00 4.800000190734863281e+00
-5.000000000000000000e+00 4.800000190734863281e+00
-5.000000000000000000e+00 4.900000095367431641e+00
-5.000000000000000000e+00 4.900000095367431641e+00
-5.000000000000000000e+00 5.000000000000000000e+00
-5.000000000000000000e+00 5.000000000000000000e+00
1.000000000000000000e+01 -5.000000000000000000e+00
1.000000000000000000e+01 -4.900000095367431641e+00
1.000000000000000000e+01 -4.900000095367431641e+00
1.000000000000000000e+01 -5.000000000000000000e+00
1.000000000000000000e+01 -4.800000190734863281e+00
1.000000000000000000e+01 -4.800000190734863281e+00
1.000000000000000000e+01 -4.699999809265136719e+00
1.000000000000000000e+01 -4.699999809265136719e+00
1.000000000000000000e+01 -4.599999904632568359e+00
1.000000000000000000e+01 -4.599999904632568359e+00
1.000000000000000000e+01 -4.500000000000000000e+00
1.000000000000000000e+01 -4.500000000000000000e+00
1.000000000000000000e+01 -4.400000095367431641e+00
1.000000000000000000e+01 -4.400000095367431641e+00
1.000000000000000000e+01 -4.300000190734863281e+00
1.000000000000000000e+01 -4.300000190734863281e+00
1.000000000000000000e+01 -4.199999809265136719e+00
1.000000000000000000e+01 -4.199999809265136719e+00
1.000000000000000000e+01 -4.099999904632568359e+00
1.000000000000000000e+01 -4.099999904632568359e+00
1.000000000000000000e+01 -4.000000000000000000e+00
1.000000000000000000e+01 -4.000000000000000000e+00
1.000000000000000000e+01 -3.900000095367431641e+00
1.000000000000000000e+01 -3.900000095367431641e+00
1.000000000000000000e+01 -3.799999952316284180e+00
1.000000000000000000e+01 -3.799999952316284180e+00
1.000000000000000000e+01 -3.700000047683715820e+00
1.000000000000000000e+01 -3.700000047683715820e+00
1.000000000000000000e+01 -3.599999904632568359e+00
1.000000000000000000e+01 -3.599999904632568359e+00
1.000000000000000000e+01 -3.500000000000000000e+00
1.000000000000000000e+01 -3.500000000000000000e+00
1.000000000000000000e+01 -3.400000095367431641e+00
1.000000000000000000e+01 -3.400000095367431641e+00
1.000000000000000000e+01 -3.299999952316284180e+00
1.000000000000000000e+01 -3.299999952316284180e+00
1.000000000000000000e+01 -3.200000047683715820e+00
1.000000000000000000e+01 -3.200000047683715820e+00
1.000000000000000000e+01 -3.099999904632568359e+00
1.000000000000000000e+01 -3.099999904632568359e+00
1.000000000000000000e+01 -3.000000000000000000e+00
1.000000000000000000e+01 -3.000000000000000000e+00
1.000000000000000000e+01 -2.900000095367431641e+00
1.000000000000000000e+01 -2.900000095367431641e+00
1.000000000000000000e+01 -2.799999952316284180e+00
1.000000000000000000e+01 -2.799999952316284180e+00
1.000000000000000000e+01 -2.700000047683715820e+00
1.000000000000000000e+01 -2.700000047683715820e+00
1.000000000000000000e+01 -2.599999904632568359e+00
1.000000000000000000e+01 -2.599999904632568359e+00
1.000000000000000000e+01 -2.500000000000000000e+00
1.000000000000000000e+01 -2.500000000000000000e+00
1.000000000000000000e+01 -2.400000095367431641e+00
1.000000000000000000e+01 -2.400000095367431641e+00
1.000000000000000000e+01 -2.299999952316284180e+00
1.000000000000000000e+01 -2.299999952316284180e+00
1.000000000000000000e+01 -2.200000047683715820e+00
1.000000000000000000e+01 -2.200000047683715820e+00
1.000000000000000000e+01 -2.099999904632568359e+00
1.000000000000000000e+01 -2.099999904632568359e+00
1.000000000000000000e+01 -2.000000000000000000e+00
1.000000000000000000e+01 -2.000000000000000000e+00
1.000000000000000000e+01 -1.899999976158142090e+00
1.000000000000000000e+01 -1.899999976158142090e+00
1.000000000000000000e+01 -1.799999952316284180e+00
1.000000000000000000e+01 -1.799999952316284180e+00
1.000000000000000000e+01 -1.700000047683715820e+00
1.000000000000000000e+01 -1.700000047683715820e+00
1.000000000000000000e+01 -1.600000023841857910e+00
1.000000000000000000e+01 -1.600000023841857910e+00
1.000000000000000000e+01 -1.500000000000000000e+00
1.000000000000000000e+01 -1.500000000000000000e+00
1.000000000000000000e+01 -1.399999976158142090e+00
1.000000000000000000e+01 -1.399999976158142090e+00
1.000000000000000000e+01 -1.299999952316284180e+00
1.000000000000000000e+01 -1.299999952316284180e+00
1.000000000000000000e+01 -1.200000047683715820e+00
1.000000000000000000e+01 -1.200000047683715820e+00
1.000000000000000000e+01 -1.100000023841857910e+00
1.000000000000000000e+01 -1.100000023841857910e+00
1.000000000000000000e+01 -1.000000000000000000e+00
1.000000000000000000e+01 -1.000000000000000000e+00
1.000000000000000000e+01 -8.999999761581420898e-01
1.000000000000000000e+01 -8.999999761581420898e-01
1.000000000000000000e+01 -8.000000119209289551e-01
1.000000000000000000e+01 -8.000000119209289551e-01
1.000000000000000000e+01 -6.999999880790710449e-01
1.000000000000000000e+01 -6.999999880790710449e-01
1.000000000000000000e+01 -6.000000238418579102e-01
1.000000000000000000e+01 -6.000000238418579102e-01
1.000000000000000000e+01 -5.000000000000000000e-01
1.000000000000000000e+01 -5.000000000000000000e-01
1.000000000000000000e+01 -4.000000059604644775e-01
1.000000000000000000e+01 -4.000000059604644775e-01
1.000000000000000000e+01 -3.000000119209289551e-01
1.000000000000000000e+01 -3.000000119209289551e-01
1.000000000000000000e+01 -2.000000029802322388e-01
1.000000000000000000e+01 -2.000000029802322388e-01
1.000000000000000000e+01 -1.000000014901161194e-01
1.000000000000000000e+01 -1.000000014901161194e-01
1.000000000000000000e+01 -0.000000000000000000e+00
1.000000000000000000e+01 -0.000000000000000000e+00
1.000000000000000000e+01 1.000000014901161194e-01
1.000000000000000000e+01 1.000000014901161194e-01
1.000000000000000000e+01 2.000000029802322388e-01
1.000000000000000000e+01 2.000000029802322388e-01
1.000000000000000000e+01 3.000000119209289551e-01
1.000000000000000000e+01 3.000000119209289551e-01
1.000000000000000000e+01 4.000000059604644775e-01
1.000000000000000000e+01 4.000000059604644775e-01
1.000000000000000000e+01 5.000000000000000000e-01
1.000000000000000000e+01 5.000000000000000000e-01
1.000000000000000000e+01 6.000000238418579102e-01
1.000000000000000000e+01 6.000000238418579102e-01
1.000000000000000000e+01 6.999999880790710449e-01
1.000000000000000000e+01 6.999999880790710449e-01
1.000000000000000000e+01 8.000000119209289551e-01
1.000000000000000000e+01 8.000000119209289551e-01
1.000000000000000000e+01 8.999999761581420898e-01
1.000000000000000000e+01 8.999999761581420898e-01
1.000000000000000000e+01 1.000000000000000000e+00
1.000000000000000000e+01 1.000000000000000000e+00
1.000000000000000000e+01 1.100000023841857910e+00
1.000000000000000000e+01 1.100000023841857910e+00
1.000000000000000000e+01 1.200000047683715820e+00
1.000000000000000000e+01 1.200000047683715820e+00
1.000000000000000000e+01 1.299999952316284180e+00
1.000000000000000000e+01 1.299999952316284180e+00
1.000000000000000000e+01 1.399999976158142090e+00
1.000000000000000000e+01 1.399999976158142090e+00
1.000000000000000000e+01 1.500000000000000000e+00
1.000000000000000000e+01 1.500000000000000000e+00
1.000000000000000000e+01 1.600000023841857910e+00
1.000000000000000000e+01 1.600000023841857910e+00
1.000000000000000000e+01 1.700000047683715820e+00
1.000000000000000000e+01 1.700000047683715820e+00
1.000000000000000000e+01 1.799999952316284180e+00
1.000000000000000000e+01 1.799999952316284180e+00
1.000000000000000000e+01 1.899999976158142090e+00
1.000000000000000000e+01 1.899999976158142090e+00
1.000000000000000000e+01 2.000000000000000000e+00
1.000000000000000000e+01 2.000000000000000000e+00
1.000000000000000000e+01 2.099999904632568359e+00
1.000000000000000000e+01 2.099999904632568359e+00
1.000000000000000000e+01 2.200000047683715820e+00
1.000000000000000000e+01 2.200000047683715820e+00
1.000000000000000000e+01 2.299999952316284180e+00
1.000000000000000000e+01 2.299999952316284180e+00
1.000000000000000000e+01 2.400000095367431641e+00
1.000000000000000000e+01 2.400000095367431641e+00
1.000000000000000000e+01 2.500000000000000000e+00
1.000000000000000000e+01 2.500000000000000000e+00
1.000000000000000000e+01 2.599999904632568359e+00
1.000000000000000000e+01 2.599999904632568359e+00
1.000000000000000000e+01 2.700000047683715820e+00
1.000000000000000000e+01 2.700000047683715820e+00
1.000000000000000000e+01 2.799999952316284180e+00
1.000000000000000000e+01 2.799999952316284180e+00
1.000000000000000000e+01 2.900000095367431641e+00
1.000000000000000000e+01 2.900000095367431641e+00
1.000000000000000000e+01 3.000000000000000000e+00
1.000000000000000000e+01 3.000000000000000000e+00
1.000000000000000000e+01 3.099999904632568359e+00
1.000000000000000000e+01 3.099999904632568359e+00
1.000000000000000000e+01 3.200000047683715820e+00
1.000000000000000000e+01 3.200000047683715820e+00
1.000000000000000000e+01 3.299999952316284180e+00
1.000000000000000000e+01 3.299999952316284180e+00
1.000000000000000000e+01 3.400000095367431641e+00
1.000000000000000000e+01 3.400000095367431641e+00
1.000000000000000000e+01 3.500000000000000000e+00
1.000000000000000000e+01 3.500000000000000000e+00
1.000000000000000000e+01 3.599999904632568359e+00
1.000000000000000000e+01 3.599999904632568359e+00
1.000000000000000000e+01 3.700000047683715820e+00
1.000000000000000000e+01 3.700000047683715820e+00
1.000000000000000000e+01 3.799999952316284180e+00
1.000000000000000000e+01 3.799999952316284180e+00
1.000000000000000000e+01 3.900000095367431641e+00
1.000000000000000000e+01 3.900000095367431641e+00
1.000000000000000000e+01 4.000000000000000000e+00
1.000000000000000000e+01 4.000000000000000000e+00
1.000000000000000000e+01 4.099999904632568359e+00
1.000000000000000000e+01 4.099999904632568359e+00
1.000000000000000000e+01 4.199999809265136719e+00
1.000000000000000000e+01 4.199999809265136719e+00
1.000000000000000000e+01 4.300000190734863281e+00
1.000000000000000000e+01 4.300000190734863281e+00
1.000000000000000000e+01 4.400000095367431641e+00
1.000000000000000000e+01 4.400000095367431641e+00
1.000000000000000000e+01 4.500000000000000000e+00
1.000000000000000000e+01 4.500000000000000000e+00
1.000000000000000000e+01 4.599999904632568359e+00
1.000000000000000000e+01 4.599999904632568359e+00
1.000000000000000000e+01 4.699999809265136719e+00
1.000000000000000000e+01 4.699999809265136719e+00
1.000000000000000000e+01 4.800000190734863281e+00
1.000000000000000000e+01 4.800000190734863281e+00
1.000000000000000000e+01 4.900000095367431641e+00
1.000000000000000000e+01 4.900000095367431641e+00
1.000000000000000000e+01 5.000000000000000000e+00
1.000000000000000000e+01 5.000000000000000000e+00
1.000000000000000000e+01 -5.000000000000000000e+00
1.000000000000000000e+01 -4.900000095367431641e+00
1.000000000000000000e+01 -4.900000095367431641e+00
1.000000000000000000e+01 -5.000000000000000000e+00
1.000000000000000000e+01 -4.800000190734863281e+00
1.000000000000000000e+01 -4.800000190734863281e+00
1.000000000000000000e+01 -4.699999809265136719e+00
1.000000000000000000e+01 -4.699999809265136719e+00
1.000000000000000000e+01 -4.599999904632568359e+00
1.000000000000000000e+01 -4.599999904632568359e+00
1.000000000000000000e+01 -4.500000000000000000e+00
1.000000000000000000e+01 -4.500000000000000000e+00
1.000000000000000000e+01 -4.400000095367431641e+00
1.000000000000000000e+01 -4.400000095367431641e+00
1.000000000000000000e+01 -4.300000190734863281e+00
1.000000000000000000e+01 -4.300000190734863281e+00
1.000000000000000000e+01 -4.199999809265136719e+00
1.000000000000000000e+01 -4.199999809265136719e+00
1.000000000000000000e+01 -4.099999904632568359e+00
1.000000000000000000e+01 -4.099999904632568359e+00
1.000000000000000000e+01 -4.000000000000000000e+00
1.000000000000000000e+01 -4.000000000000000000e+00
1.000000000000000000e+01 -3.900000095367431641e+00
1.000000000000000000e+01 -3.900000095367431641e+00
1.000000000000000000e+01 -3.799999952316284180e+00
1.000000000000000000e+01 -3.799999952316284180e+00
1.000000000000000000e+01 -3.700000047683715820e+00
1.000000000000000000e+01 -3.700000047683715820e+00
1.000000000000000000e+01 -3.599999904632568359e+00
1.000000000000000000e+01 -3.599999904632568359e+00
1.000000000000000000e+01 -3.500000000000000000e+00
1.000000000000000000e+01 -3.500000000000000000e+00
1.000000000000000000e+01 -3.400000095367431641e+00
1.000000000000000000e+01 -3.400000095367431641e+00
1.000000000000000000e+01 -3.299999952316284180e+00
1.000000000000000000e+01 -3.299999952316284180e+00
1.000000000000000000e+01 -3.200000047683715820e+00
1.000000000000000000e+01 -3.200000047683715820e+00
1.000000000000000000e+01 -3.099999904632568359e+00
1.000000000000000000e+01 -3.099999904632568359e+00
1.000000000000000000e+01 -3.000000000000000000e+00
1.000000000000000000e+01 -3.000000000000000000e+00
1.000000000000000000e+01 -2.900000095367431641e+00
1.000000000000000000e+01 -2.900000095367431641e+00
1.000000000000000000e+01 -2.799999952316284180e+00
1.000000000000000000e+01 -2.799999952316284180e+00
1.000000000000000000e+01 -2.700000047683715820e+00
1.000000000000000000e+01 -2.700000047683715820e+00
1.000000000000000000e+01 -2.599999904632568359e+00
1.000000000000000000e+01 -2.599999904632568359e+00
1.000000000000000000e+01 -2.500000000000000000e+00
1.000000000000000000e+01 -2.500000000000000000e+00
1.000000000000000000e+01 -2.400000095367431641e+00
1.000000000000000000e+01 -2.400000095367431641e+00
1.000000000000000000e+01 -2.299999952316284180e+00
1.000000000000000000e+01 -2.299999952316284180e+00
1.000000000000000000e+01 -2.200000047683715820e+00
1.000000000000000000e+01 -2.200000047683715820e+00
1.000000000000000000e+01 -2.099999904632568359e+00
1.000000000000000000e+01 -2.099999904632568359e+00
1.000000000000000000e+01 -2.000000000000000000e+00
1.000000000000000000e+01 -2.000000000000000000e+00
1.000000000000000000e+01 -1.899999976158142090e+00
1.000000000000000000e+01 -1.899999976158142090e+00
1.000000000000000000e+01 -1.799999952316284180e+00
1.000000000000000000e+01 -1.799999952316284180e+00
1.000000000000000000e+01 -1.700000047683715820e+00
1.000000000000000000e+01 -1.700000047683715820e+00
1.000000000000000000e+01 -1.600000023841857910e+00
1.000000000000000000e+01 -1.600000023841857910e+00
1.000000000000000000e+01 -1.500000000000000000e+00
1.000000000000000000e+01 -1.500000000000000000e+00
1.000000000000000000e+01 -1.399999976158142090e+00
1.000000000000000000e+01 -1.399999976158142090e+00
1.000000000000000000e+01 -1.299999952316284180e+00
1.000000000000000000e+01 -1.299999952316284180e+00
1.000000000000000000e+01 -1.200000047683715820e+00
1.000000000000000000e+01 -1.200000047683715820e+00
1.000000000000000000e+01 -1.100000023841857910e+00
1.000000000000000000e+01 -1.100000023841857910e+00
1.000000000000000000e+01 -1.000000000000000000e+00
1.000000000000000000e+01 -1.000000000000000000e+00
1.000000000000000000e+01 -8.999999761581420898e-01
1.000000000000000000e+01 -8.999999761581420898e-01
1.000000000000000000e+01 -8.000000119209289551e-01
1.000000000000000000e+01 -8.000000119209289551e-01
1.000000000000000000e+01 -6.999999880790710449e-01
1.000000000000000000e+01 -6.999999880790710449e-01
1.000000000000000000e+01 -6.000000238418579102e-01
1.000000000000000000e+01 -6.000000238418579102e-01
1.000000000000000000e+01 -5.000000000000000000e-01
1.000000000000000000e+01 -5.000000000000000000e-01
1.000000000000000000e+01 -4.000000059604644775e-01
1.000000000000000000e+01 -4.000000059604644775e-01
1.000000000000000000e+01 -3.000000119209289551e-01
1.000000000000000000e+01 -3.000000119209289551e-01
1.000000000000000000e+01 -2.000000029802322388e-01
1.000000000000000000e+01 -2.000000029802322388e-01
1.000000000000000000e+01 -1.000000014901161194e-01
1.000000000000000000e+01 -1.000000014901161194e-01
1.000000000000000000e+01 -0.000000000000000000e+00
1.000000000000000000e+01 -0.000000000000000000e+00
1.000000000000000000e+01 1.000000014901161194e-01
1.000000000000000000e+01 1.000000014901161194e-01
1.000000000000000000e+01 2.000000029802322388e-01
1.000000000000000000e+01 2.000000029802322388e-01
1.000000000000000000e+01 3.000000119209289551e-01
1.000000000000000000e+01 3.000000119209289551e-01
1.000000000000000000e+01 4.000000059604644775e-01
1.000000000000000000e+01 4.000000059604644775e-01
1.000000000000000000e+01 5.000000000000000000e-01
1.000000000000000000e+01 5.000000000000000000e-01
1.000000000000000000e+01 6.000000238418579102e-01
1.000000000000000000e+01 6.000000238418579102e-01
1.000000000000000000e+01 6.999999880790710449e-01
1.000000000000000000e+01 6.999999880790710449e-01
1.000000000000000000e+01 8.000000119209289551e-01
1.000000000000000000e+01 8.000000119209289551e-01
1.000000000000000000e+01 8.999999761581420898e-01
1.000000000000000000e+01 8.999999761581420898e-01
1.000000000000000000e+01 1.000000000000000000e+00
1.000000000000000000e+01 1.000000000000000000e+00
1.000000000000000000e+01 1.100000023841857910e+00
1.000000000000000000e+01 1.100000023841857910e+00
1.000000000000000000e+01 1.200000047683715820e+00
1.000000000000000000e+01 1.200000047683715820e+00
1.000000000000000000e+01 1.299999952316284180e+00
1.000000000000000000e+01 1.299999952316284180e+00
1.000000000000000000e+01 1.399999976158142090e+00
1.000000000000000000e+01 1.399999976158142090e+00
1.000000000000000000e+01 1.500000000000000000e+00
1.000000000000000000e+01 1.500000000000000000e+00
1.000000000000000000e+01 1.600000023841857910e+00
1.000000000000000000e+01 1.600000023841857910e+00
1.000000000000000000e+01 1.700000047683715820e+00
1.000000000000000000e+01 1.700000047683715820e+00
1.000000000000000000e+01 1.799999952316284180e+00
1.000000000000000000e+01 1.799999952316284180e+00
1.000000000000000000e+01 1.899999976158142090e+00
1.000000000000000000e+01 1.899999976158142090e+00
1.000000000000000000e+01 2.000000000000000000e+00
1.000000000000000000e+01 2.000000000000000000e+00
1.000000000000000000e+01 2.099999904632568359e+00
1.000000000000000000e+01 2.099999904632568359e+00
1.000000000000000000e+01 2.200000047683715820e+00
1.000000000000000000e+01 2.200000047683715820e+00
1.000000000000000000e+01 2.299999952316284180e+00
1.000000000000000000e+01 2.299999952316284180e+00
1.000000000000000000e+01 2.400000095367431641e+00
1.000000000000000000e+01 2.400000095367431641e+00
1.000000000000000000e+01 2.500000000000000000e+00
1.000000000000000000e+01 2.500000000000000000e+00
1.000000000000000000e+01 2.599999904632568359e+00
1.000000000000000000e+01 2.599999904632568359e+00
1.000000000000000000e+01 2.700000047683715820e+00
1.000000000000000000e+01 2.700000047683715820e+00
1.000000000000000000e+01 2.799999952316284180e+00
1.000000000000000000e+01 2.799999952316284180e+00
1.000000000000000000e+01 2.900000095367431641e+00
1.000000000000000000e+01 2.900000095367431641e+00
1.000000000000000000e+01 3.000000000000000000e+00
1.000000000000000000e+01 3.000000000000000000e+00
1.000000000000000000e+01 3.099999904632568359e+00
1.000000000000000000e+01 3.099999904632568359e+00
1.000000000000000000e+01 3.200000047683715820e+00
1.000000000000000000e+01 3.200000047683715820e+00
1.000000000000000000e+01 3.299999952316284180e+00
1.000000000000000000e+01 3.299999952316284180e+00
1.000000000000000000e+01 3.400000095367431641e+00
1.000000000000000000e+01 3.400000095367431641e+00
1.000000000000000000e+01 3.500000000000000000e+00
1.000000000000000000e+01 3.500000000000000000e+00
1.000000000000000000e+01 3.599999904632568359e+00
1.000000000000000000e+01 3.599999904632568359e+00
1.000000000000000000e+01 3.700000047683715820e+00
1.000000000000000000e+01 3.700000047683715820e+00
1.000000000000000000e+01 3.799999952316284180e+00
1.000000000000000000e+01 3.799999952316284180e+00
1.000000000000000000e+01 3.900000095367431641e+00
1.000000000000000000e+01 3.900000095367431641e+00
1.000000000000000000e+01 4.000000000000000000e+00
1.000000000000000000e+01 4.000000000000000000e+00
1.000000000000000000e+01 4.099999904632568359e+00
1.000000000000000000e+01 4.099999904632568359e+00
1.000000000000000000e+01 4.199999809265136719e+00
1.000000000000000000e+01 4.199999809265136719e+00
1.000000000000000000e+01 4.300000190734863281e+00
1.000000000000000000e+01 4.300000190734863281e+00
1.000000000000000000e+01 4.400000095367431641e+00
1.000000000000000000e+01 4.400000095367431641e+00
1.000000000000000000e+01 4.500000000000000000e+00
1.000000000000000000e+01 4.500000000000000000e+00
1.000000000000000000e+01 4.599999904632568359e+00
1.000000000000000000e+01 4.599999904632568359e+00
1.000000000000000000e+01 4.699999809265136719e+00
1.000000000000000000e+01 4.699999809265136719e+00
1.000000000000000000e+01 4.800000190734863281e+00
1.000000000000000000e+01 4.800000190734863281e+00
1.000000000000000000e+01 4.900000095367431641e+00
1.000000000000000000e+01 4.900000095367431641e+00
1.000000000000000000e+01 5.000000000000000000e+00
1.000000000000000000e+01 5.000000000000000000e+00
1.000000000000000000e+01 -5.000000000000000000e+00
1.000000000000000000e+01 -4.900000095367431641e+00
1.000000000000000000e+01 -4.900000095367431641e+00
1.000000000000000000e+01 -5.000000000000000000e+00
1.000000000000000000e+01 -4.800000190734863281e+00
1.000000000000000000e+01 -4.800000190734863281e+00
1.000000000000000000e+01 -4.699999809265136719e+00
1.000000000000000000e+01 -4.699999809265136719e+00
1.000000000000000000e+01 -4.599999904632568359e+00
1.000000000000000000e+01 -4.599999904632568359e+00
1.000000000000000000e+01 -4.500000000000000000e+00
1.000000000000000000e+01 -4.500000000000000000e+00
1.000000000000000000e+01 -4.400000095367431641e+00
1.000000000000000000e+01 -4.400000095367431641e+00
1.000000000000000000e+01 -4.300000190734863281e+00
1.000000000000000000e+01 -4.300000190734863281e+00
1.000000000000000000e+01 -4.199999809265136719e+00
1.000000000000000000e+01 -4.199999809265136719e+00
1.000000000000000000e+01 -4.099999904632568359e+00
1.000000000000000000e+01 -4.099999904632568359e+00
1.000000000000000000e+01 -4.000000000000000000e+00
1.000000000000000000e+01 -4.000000000000000000e+00
1.000000000000000000e+01 -3.900000095367431641e+00
1.000000000000000000e+01 -3.900000095367431641e+00
1.000000000000000000e+01 -3.799999952316284180e+00
1.000000000000000000e+01 -3.799999952316284180e+00
1.000000000000000000e+01 -3.700000047683715820e+00
1.000000000000000000e+01 -3.700000047683715820e+00
1.000000000000000000e+01 -3.599999904632568359e+00
1.000000000000000000e+01 -3.599999904632568359e+00
1.000000000000000000e+01 -3.500000000000000000e+00
1.000000000000000000e+01 -3.500000000000000000e+00
1.000000000000000000e+01 -3.400000095367431641e+00
1.000000000000000000e+01 -3.400000095367431641e+00
1.000000000000000000e+01 -3.299999952316284180e+00
1.000000000000000000e+01 -3.299999952316284180e+00
1.000000000000000000e+01 -3.200000047683715820e+00
1.000000000000000000e+01 -3.200000047683715820e+00
1.000000000000000000e+01 -3.099999904632568359e+00
1.000000000000000000e+01 -3.099999904632568359e+00
1.000000000000000000e+01 -3.000000000000000000e+00
1.000000000000000000e+01 -3.000000000000000000e+00
1.000000000000000000e+01 -2.900000095367431641e+00
1.000000000000000000e+01 -2.900000095367431641e+00
1.000000000000000000e+01 -2.799999952316284180e+00
1.000000000000000000e+01 -2.799999952316284180e+00
1.000000000000000000e+01 -2.700000047683715820e+00
1.000000000000000000e+01 -2.700000047683715820e+00
1.000000000000000000e+01 -2.599999904632568359e+00
1.000000000000000000e+01 -2.599999904632568359e+00
1.000000000000000000e+01 -2.500000000000000000e+00
1.000000000000000000e+01 -2.500000000000000000e+00
1.000000000000000000e+01 -2.400000095367431641e+00
1.000000000000000000e+01 -2.400000095367431641e+00
1.000000000000000000e+01 -2.299999952316284180e+00
1.000000000000000000e+01 -2.299999952316284180e+00
1.000000000000000000e+01 -2.200000047683715820e+00
1.000000000000000000e+01 -2.200000047683715820e+00
1.000000000000000000e+01 -2.099999904632568359e+00
1.000000000000000000e+01 -2.099999904632568359e+00
1.000000000000000000e+01 -2.000000000000000000e+00
1.000000000000000000e+01 -2.000000000000000000e+00
1.000000000000000000e+01 -1.899999976158142090e+00
1.000000000000000000e+01 -1.899999976158142090e+00
1.000000000000000000e+01 -1.799999952316284180e+00
1.000000000000000000e+01 -1.799999952316284180e+00
1.000000000000000000e+01 -1.700000047683715820e+00
1.000000000000000000e+01 -1.700000047683715820e+00
1.000000000000000000e+01 -1.600000023841857910e+00
1.000000000000000000e+01 -1.600000023841857910e+00
1.000000000000000000e+01 -1.500000000000000000e+00
1.000000000000000000e+01 -1.500000000000000000e+00
1.000000000000000000e+01 -1.399999976158142090e+00
1.000000000000000000e+01 -1.399999976158142090e+00
1.000000000000000000e+01 -1.299999952316284180e+00
1.000000000000000000e+01 -1.299999952316284180e+00
1.000000000000000000e+01 -1.200000047683715820e+00
1.000000000000000000e+01 -1.200000047683715820e+00
1.000000000000000000e+01 -1.100000023841857910e+00
1.000000000000000000e+01 -1.100000023841857910e+00
1.000000000000000000e+01 -1.000000000000000000e+00
1.000000000000000000e+01 -1.000000000000000000e+00
1.000000000000000000e+01 -8.999999761581420898e-01
1.000000000000000000e+01 -8.999999761581420898e-01
1.000000000000000000e+01 -8.000000119209289551e-01
1.000000000000000000e+01 -8.000000119209289551e-01
1.000000000000000000e+01 -6.999999880790710449e-01
1.000000000000000000e+01 -6.999999880790710449e-01
1.000000000000000000e+01 -6.000000238418579102e-01
1.000000000000000000e+01 -6.000000238418579102e-01
1.000000000000000000e+01 -5.000000000000000000e-01
1.000000000000000000e+01 -5.000000000000000000e-01
1.000000000000000000e+01 -4.000000059604644775e-01
1.000000000000000000e+01 -4.000000059604644775e-01
1.000000000000000000e+01 -3.000000119209289551e-01
1.000000000000000000e+01 -3.000000119209289551e-01
1.000000000000000000e+01 -2.000000029802322388e-01
1.000000000000000000e+01 -2.000000029802322388e-01
1.000000000000000000e+01 -1.000000014901161194e-01
1.000000000000000000e+01 -1.000000014901161194e-01
1.000000000000000000e+01 -0.000000000000000000e+00
1.000000000000000000e+01 -0.000000000000000000e+00
1.000000000000000000e+01 1.000000014901161194e-01
1.000000000000000000e+01 1.000000014901161194e-01
1.000000000000000000e+01 2.000000029802322388e-01
1.000000000000000000e+01 2.000000029802322388e-01
1.000000000000000000e+01 3.000000119209289551e-01
1.000000000000000000e+01 3.000000119209289551e-01
1.000000000000000000e+01 4.000000059604644775e-01
1.000000000000000000e+01 4.000000059604644775e-01
1.000000000000000000e+01 5.000000000000000000e-01
1.000000000000000000e+01 5.000000000000000000e-01
1.000000000000000000e+01 6.000000238418579102e-01
1.000000000000000000e+01 6.000000238418579102e-01
1.000000000000000000e+01 6.999999880790710449e-01
1.000000000000000000e+01 6.999999880790710449e-01
1.000000000000000000e+01 8.000000119209289551e-01
1.000000000000000000e+01 8.000000119209289551e-01
1.000000000000000000e+01 8.999999761581420898e-01
1.000000000000000000e+01 8.999999761581420898e-01
1.000000000000000000e+01 1.000000000000000000e+00
1.000000000000000000e+01 1.000000000000000000e+00
1.000000000000000000e+01 1.100000023841857910e+00
1.000000000000000000e+01 1.100000023841857910e+00
1.000000000000000000e+01 1.200000047683715820e+00
1.000000000000000000e+01 1.200000047683715820e+00
1.000000000000000000e+01 1.299999952316284180e+00
1.000000000000000000e+01 1.299999952316284180e+00
1.000000000000000000e+01 1.399999976158142090e+00
1.000000000000000000e+01 1.399999976158142090e+00
1.000000000000000000e+01 1.500000000000000000e+00
1.000000000000000000e+01 1.500000000000000000e+00
1.000000000000000000e+01 1.600000023841857910e+00
1.000000000000000000e+01 1.600000023841857910e+00
1.000000000000000000e+01 1.700000047683715820e+00
1.000000000000000000e+01 1.700000047683715820e+00
1.000000000000000000e+01 1.799999952316284180e+00
1.000000000000000000e+01 1.799999952316284180e+00
1.000000000000000000e+01 1.899999976158142090e+00
1.000000000000000000e+01 1.899999976158142090e+00
1.000000000000000000e+01 2.000000000000000000e+00
1.000000000000000000e+01 2.000000000000000000e+00
1.000000000000000000e+01 2.099999904632568359e+00
1.000000000000000000e+01 2.099999904632568359e+00
1.000000000000000000e+01 2.200000047683715820e+00
1.000000000000000000e+01 2.200000047683715820e+00
1.000000000000000000e+01 2.299999952316284180e+00
1.000000000000000000e+01 2.299999952316284180e+00
1.000000000000000000e+01 2.400000095367431641e+00
1.000000000000000000e+01 2.400000095367431641e+00
1.000000000000000000e+01 2.500000000000000000e+00
1.000000000000000000e+01 2.500000000000000000e+00
1.000000000000000000e+01 2.599999904632568359e+00
1.000000000000000000e+01 2.599999904632568359e+00
1.000000000000000000e+01 2.700000047683715820e+00
1.000000000000000000e+01 2.700000047683715820e+00
1.000000000000000000e+01 2.799999952316284180e+00
1.000000000000000000e+01 2.799999952316284180e+00
1.000000000000000000e+01 2.900000095367431641e+00
1.000000000000000000e+01 2.900000095367431641e+00
1.000000000000000000e+01 3.000000000000000000e+00
1.000000000000000000e+01 3.000000000000000000e+00
1.000000000000000000e+01 3.099999904632568359e+00
1.000000000000000000e+01 3.099999904632568359e+00
1.000000000000000000e+01 3.200000047683715820e+00
1.000000000000000000e+01 3.200000047683715820e+00
1.000000000000000000e+01 3.299999952316284180e+00
1.000000000000000000e+01 3.299999952316284180e+00
1.000000000000000000e+01 3.400000095367431641e+00
1.000000000000000000e+01 3.400000095367431641e+00
1.000000000000000000e+01 3.500000000000000000e+00
1.000000000000000000e+01 3.500000000000000000e+00
1.000000000000000000e+01 3.599999904632568359e+00
1.000000000000000000e+01 3.599999904632568359e+00
1.000000000000000000e+01 3.700000047683715820e+00
1.000000000000000000e+01 3.700000047683715820e+00
1.000000000000000000e+01 3.799999952316284180e+00
1.000000000000000000e+01 3.799999952316284180e+00
1.000000000000000000e+01 3.900000095367431641e+00
1.000000000000000000e+01 3.900000095367431641e+00
1.000000000000000000e+01 4.000000000000000000e+00
1.000000000000000000e+01 4.000000000000000000e+00
1.000000000000000000e+01 4.099999904632568359e+00
1.000000000000000000e+01 4.099999904632568359e+00
1.000000000000000000e+01 4.199999809265136719e+00
1.000000000000000000e+01 4.199999809265136719e+00
1.000000000000000000e+01 4.300000190734863281e+00
1.000000000000000000e+01 4.300000190734863281e+00
1.000000000000000000e+01 4.400000095367431641e+00
1.000000000000000000e+01 4.400000095367431641e+00
1.000000000000000000e+01 4.500000000000000000e+00
1.000000000000000000e+01 4.500000000000000000e+00
1.000000000000000000e+01 4.599999904632568359e+00
1.000000000000000000e+01 4.599999904632568359e+00
1.000000000000000000e+01 4.699999809265136719e+00
1.000000000000000000e+01 4.699999809265136719e+00
1.000000000000000000e+01 4.800000190734863281e+00
1.000000000000000000e+01 4.800000190734863281e+00
1.000000000000000000e+01 4.900000095367431641e+00
1.000000000000000000e+01 4.900000095367431641e+00
1.000000000000000000e+01 5.000000000000000000e+00
1.000000000000000000e+01 5.000000000000000000e+00
-1.005628779530525208e-01 -4.896367192268371582e-01
-1.003233194351196289e-01 -4.896967411041259766e-01
-1.276652216911315918e-01 -4.828479588031768799e-01
-1.274666041135787964e-01 -4.828976988792419434e-01
9.454932063817977905e-02 -4.908370077610015869e-01
9.481236338615417480e-02 -4.907979965209960938e-01
1.215828731656074524e-01 -4.843715131282806396e-01
1.217880249023437500e-01 -4.843201041221618652e-01
1.863952875137329102e-01 -4.637096226215362549e-01
1.717263907194137573e-01 -4.689582288265228271e-01
1.715813875198364258e-01 -4.690101146697998047e-01
1.865303814411163330e-01 -4.636612832546234131e-01
-3.300124406814575195e-01 -3.748896718025207520e-01
-3.412715494632720947e-01 -3.646849989891052246e-01
-3.412037789821624756e-01 -3.647464215755462646e-01
-3.297173976898193359e-01 -3.751570880413055420e-01
3.378915190696716309e-01 -3.677484691143035889e-01
3.153826892375946045e-01 -3.878505527973175049e-01
3.153404295444488525e-01 -3.878819048404693604e-01
3.377806246280670166e-01 -3.678489923477172852e-01
-4.024497270584106445e-01 -2.956979870796203613e-01
-4.025995135307312012e-01 -2.954960167407989502e-01
-4.204308092594146729e-01 -2.699503004550933838e-01
-4.202855229377746582e-01 -2.701926827430725098e-01
4.003735482692718506e-01 -2.984973788261413574e-01
4.002243280410766602e-01 -2.986986041069030762e-01
4.184558987617492676e-01 -2.732452452182769775e-01
4.186024367809295654e-01 -2.730007767677307129e-01
-4.910868108272552490e-01 9.286534041166305542e-02
-4.830505847930908203e-01 1.268563121557235718e-01
-4.830881059169769287e-01 1.267064809799194336e-01
-4.909968376159667969e-01 9.347189217805862427e-02
-4.953536018729209900e-02 4.975142180919647217e-01
-3.093388862907886505e-02 4.984803199768066406e-01
-3.090702742338180542e-02 4.984816312789916992e-01
-4.948985576629638672e-02 4.975209534168243408e-01
2.484819106757640839e-02 4.987792968750000000e-01
4.348213225603103638e-02 4.978638589382171631e-01
4.344390332698822021e-02 4.978657364845275879e-01
2.482235431671142578e-02 4.987805485725402832e-01
-4.953536018729209900e-02 -4.975142180919647217e-01
-6.783076375722885132e-02 -4.948003590106964111e-01
-6.776604801416397095e-02 -4.948099553585052490e-01
-4.948985576629638672e-02 -4.975209534168243408e-01
-4.953536018729209900e-02 -4.975142180919647217e-01
-4.948985576629638672e-02 -4.975209534168243408e-01
-6.776604801416397095e-02 -4.948099553585052490e-01
-6.783076375722885132e-02 -4.948003590106964111e-01
2.484819106757640839e-02 -4.987792968750000000e-01
6.245222408324480057e-03 -4.996931850910186768e-01
6.235264241695404053e-03 -4.996936917304992676e-01
2.482235431671142578e-02 -4.987805485725402832e-01
-3.093388862907886505e-02 -4.984803199768066406e-01
-3.090702742338180542e-02 -4.984816312789916992e-01
2.484819106757640839e-02 -4.987792968750000000e-01
2.482235431671142578e-02 -4.987805485725402832e-01
6.235264241695404053e-03 -4.996936917304992676e-01
6.245222408324480057e-03 -4.996931850910186768e-01
7.904776185750961304e-02 -4.931364655494689941e-01
7.898636162281036377e-02 -4.931455552577972412e-01
4.348213225603103638e-02 -4.978638589382171631e-01
4.344390332698822021e-02 -4.978657364845275879e-01
9.454932063817977905e-02 -4.908370077610015869e-01
9.481236338615417480e-02 -4.907979965209960938e-01
7.898636162281036377e-02 -4.931455552577972412e-01
7.904776185750961304e-02 -4.931364655494689941e-01
-2.709060311317443848e-01 -4.198579788208007812e-01
-2.708804309368133545e-01 -4.198733270168304443e-01
-2.948978841304779053e-01 -4.030431210994720459e-01
-2.946009635925292969e-01 -4.032633304595947266e-01
-2.708804309368133545e-01 -4.198733270168304443e-01
-2.709060311317443848e-01 -4.198579788208007812e-01
-2.946009635925292969e-01 -4.032633304595947266e-01
-2.948978841304779053e-01 -4.030431210994720459e-01
-1.440743803977966309e-01 -4.787376821041107178e-01
-1.439383029937744141e-01 -4.787717759609222412e-01
-1.440743803977966309e-01 -4.787376821041107178e-01
-1.276652216911315918e-01 -4.828479588031768799e-01
-1.274666041135787964e-01 -4.828976988792419434e-01
-1.439383029937744141e-01 -4.787717759609222412e-01
-1.003233194351196289e-01 -4.896967411041259766e-01
-1.005628779530525208e-01 -4.896367192268371582e-01
1.554298698902130127e-01 -4.747892320156097412e-01
1.552987694740295410e-01 -4.748361408710479736e-01
1.217880249023437500e-01 -4.843201041221618652e-01
1.215828731656074524e-01 -4.843715131282806396e-01
1.554298698902130127e-01 -4.747892320156097412e-01
1.717263907194137573e-01 -4.689582288265228271e-01
1.715813875198364258e-01 -4.690101146697998047e-01
1.552987694740295410e-01 -4.748361408710479736e-01
1.863952875137329102e-01 -4.637096226215362549e-01
1.865303814411163330e-01 -4.636612832546234131e-01
3.032445609569549561e-01 -3.968528211116790771e-01
3.029581010341644287e-01 -3.970652520656585693e-01
3.153826892375946045e-01 -3.878505527973175049e-01
3.153404295444488525e-01 -3.878819048404693604e-01
3.029581010341644287e-01 -3.970652520656585693e-01
3.032445609569549561e-01 -3.968528211116790771e-01
-3.412037789821624756e-01 -3.647464215755462646e-01
-3.412715494632720947e-01 -3.646849989891052246e-01
-3.300124406814575195e-01 -3.748896718025207520e-01
-3.297173976898193359e-01 -3.751570880413055420e-01
3.810763359069824219e-01 -3.231865167617797852e-01
3.809331953525543213e-01 -3.233444392681121826e-01
4.003735482692718506e-01 -2.984973788261413574e-01
4.002243280410766602e-01 -2.986986041069030762e-01
3.809331953525543213e-01 -3.233444392681121826e-01
3.810763359069824219e-01 -3.231865167617797852e-01
-4.025995135307312012e-01 -2.954960167407989502e-01
-4.024497270584106445e-01 -2.956979870796203613e-01
-4.202855229377746582e-01 -2.701926827430725098e-01
-4.204308092594146729e-01 -2.699503004550933838e-01
4.576103985309600830e-01 -2.004953473806381226e-01
4.575449824333190918e-01 -2.006336748600006104e-01
4.494310617446899414e-01 -2.177891284227371216e-01
4.492397010326385498e-01 -2.181936949491500854e-01
4.186024367809295654e-01 -2.730007767677307129e-01
4.184558987617492676e-01 -2.732452452182769775e-01
4.494310617446899414e-01 -2.177891284227371216e-01
4.575449824333190918e-01 -2.006336748600006104e-01
4.576103985309600830e-01 -2.004953473806381226e-01
4.492397010326385498e-01 -2.181936949491500854e-01
-4.910863041877746582e-01 -9.286882728338241577e-02
-4.830504059791564941e-01 -1.268569529056549072e-01
-4.830879867076873779e-01 -1.267070174217224121e-01
-4.909963607788085938e-01 -9.347517043352127075e-02
4.698126614093780518e-01 -1.693384051322937012e-01
4.699874520301818848e-01 -1.688499450683593750e-01
4.699874520301818848e-01 -1.688499450683593750e-01
4.698126614093780518e-01 -1.693384051322937012e-01
-4.999995827674865723e-01 -8.401267223234754056e-06
-4.999995827674865723e-01 -8.203788638638798147e-06
-4.987791478633880615e-01 -2.485085278749465942e-02
-4.987783133983612061e-01 -2.486810833215713501e-02
-4.940917193889617920e-01 -7.260785251855850220e-02
-4.940946400165557861e-01 -7.258824259042739868e-02
-4.999995827674865723e-01 -8.401267223234754056e-06
-4.987783133983612061e-01 -2.486810833215713501e-02
-4.987791478633880615e-01 -2.485085278749465942e-02
-4.999995827674865723e-01 -8.203788638638798147e-06
-4.940926730632781982e-01 7.260160148143768311e-02
-4.940955936908721924e-01 7.258184254169464111e-02
-4.987798035144805908e-01 2.483752928674221039e-02
-4.987789392471313477e-01 2.485501952469348907e-02
-4.910868108272552490e-01 9.286534041166305542e-02
-4.940955936908721924e-01 7.258184254169464111e-02
-4.940926730632781982e-01 7.260160148143768311e-02
-4.909968376159667969e-01 9.347189217805862427e-02
4.699875414371490479e-01 1.688497066497802734e-01
4.698127210140228271e-01 1.693382859230041504e-01
4.576103985309600830e-01 2.004953622817993164e-01
4.575449824333190918e-01 2.006336897611618042e-01
4.698127210140228271e-01 1.693382859230041504e-01
4.699875414371490479e-01 1.688497215509414673e-01
4.575449824333190918e-01 2.006336897611618042e-01
4.576103985309600830e-01 2.004953622817993164e-01
-4.202855229377746582e-01 2.701926827430725098e-01
-4.204308092594146729e-01 2.699503004550933838e-01
-4.025995135307312012e-01 2.954960167407989502e-01
-4.024497270584106445e-01 2.956979870796203613e-01
-4.204308092594146729e-01 2.699503004550933838e-01
-4.202855229377746582e-01 2.701926827430725098e-01
-4.024497270584106445e-01 2.956979870796203613e-01
-4.025995135307312012e-01 2.954960167407989502e-01
4.494310617446899414e-01 2.177891284227371216e-01
4.492397010326385498e-01 2.181936949491500854e-01
4.186024367809295654e-01 2.730007767677307129e-01
4.184558987617492676e-01 2.732452452182769775e-01
4.002243280410766602e-01 2.986986041069030762e-01
4.003735482692718506e-01 2.984973788261413574e-01
4.494310617446899414e-01 2.177891284227371216e-01
4.492397010326385498e-01 2.181936949491500854e-01
4.186024367809295654e-01 2.730007767677307129e-01
4.003735482692718506e-01 2.984973788261413574e-01
4.002243280410766602e-01 2.986986041069030762e-01
4.184558987617492676e-01 2.732452452182769775e-01
-3.412037789821624756e-01 3.647464215755462646e-01
-3.412715494632720947e-01 3.646849989891052246e-01
-3.300124406814575195e-01 3.748896718025207520e-01
-3.297173976898193359e-01 3.751570880413055420e-01
-3.300124406814575195e-01 3.748896718025207520e-01
-3.412715494632720947e-01 3.646849989891052246e-01
-3.412037789821624756e-01 3.647464215755462646e-01
-3.297173976898193359e-01 3.751570880413055420e-01
3.810763359069824219e-01 3.231865167617797852e-01
3.809331953525543213e-01 3.233444392681121826e-01
3.378915190696716309e-01 3.677484691143035889e-01
3.153826892375946045e-01 3.878505527973175049e-01
3.153404295444488525e-01 3.878819048404693604e-01
3.377806246280670166e-01 3.678489923477172852e-01
-1.440743803977966309e-01 4.787376821041107178e-01
-1.276652216911315918e-01 4.828479588031768799e-01
-1.274666041135787964e-01 4.828976988792419434e-01
-1.439383029937744141e-01 4.787717759609222412e-01
-1.274666041135787964e-01 4.828976988792419434e-01
-1.276652216911315918e-01 4.828479588031768799e-01
-1.440743803977966309e-01 4.787376821041107178e-01
-1.439383029937744141e-01 4.787717759609222412e-01
-1.003233194351196289e-01 4.896967411041259766e-01
-1.005628779530525208e-01 4.896367192268371582e-01
-1.005628779530525208e-01 4.896367192268371582e-01
-1.003233194351196289e-01 4.896967411041259766e-01
1.217880249023437500e-01 4.843201041221618652e-01
1.215828731656074524e-01 4.843715131282806396e-01
9.481236338615417480e-02 4.907979965209960938e-01
9.454932063817977905e-02 4.908370077610015869e-01
1.554298698902130127e-01 4.747892320156097412e-01
1.717263907194137573e-01 4.689582288265228271e-01
1.715813875198364258e-01 4.690101146697998047e-01
1.552987694740295410e-01 4.748361408710479736e-01
1.217880249023437500e-01 4.843201041221618652e-01
9.454932063817977905e-02 4.908370077610015869e-01
9.481236338615417480e-02 4.907979965209960938e-01
1.215828731656074524e-01 4.843715131282806396e-01
1.715813875198364258e-01 4.690101146697998047e-01
1.717263907194137573e-01 4.689582288265228271e-01
1.554298698902130127e-01 4.747892320156097412e-01
1.552987694740295410e-01 4.748361408710479736e-01
1.863952875137329102e-01 4.637096226215362549e-01
1.865303814411163330e-01 4.636612832546234131e-01
1.863952875137329102e-01 4.637096226215362549e-01
1.865303814411163330e-01 4.636612832546234131e-01
-1.757345497608184814e-01 -4.675241112709045410e-01
-1.758882999420166016e-01 -4.674690961837768555e-01
-1.604907512664794922e-01 -4.729784131050109863e-01
-1.606333255767822266e-01 -4.729273915290832520e-01
-2.026305347681045532e-01 -4.566005468368530273e-01
-2.023779302835464478e-01 -4.567200243473052979e-01
-1.005743443965911865e-01 -4.896338582038879395e-01
-1.274266988039016724e-01 -4.829077124595642090e-01
1.215394064784049988e-01 -4.843823909759521484e-01
9.482859075069427490e-02 -4.907955825328826904e-01
1.378970146179199219e-01 -4.802850186824798584e-01
1.380240023136138916e-01 -4.802532196044921875e-01
1.865262091159820557e-01 -4.636627733707427979e-01
2.127448469400405884e-01 -4.518168270587921143e-01
2.127878516912460327e-01 -4.517965018749237061e-01
1.715664267539978027e-01 -4.690154790878295898e-01
2.130334526300430298e-01 -4.516803324222564697e-01
-3.296746015548706055e-01 -3.751958608627319336e-01
-3.411762714385986328e-01 -3.647713661193847656e-01
-3.073803186416625977e-01 -3.937855362892150879e-01
-3.074013888835906982e-01 -3.937698900699615479e-01
3.377608656883239746e-01 -3.678669035434722900e-01
3.600109815597534180e-01 -3.464285433292388916e-01
3.600338995456695557e-01 -3.464032411575317383e-01
3.153138756752014160e-01 -3.879015743732452393e-01
-4.024236202239990234e-01 -2.957331836223602295e-01
-4.202605783939361572e-01 -2.702343165874481201e-01
4.344907999038696289e-01 -2.464925944805145264e-01
4.345174431800842285e-01 -2.464481592178344727e-01
4.184307157993316650e-01 -2.732872366905212402e-01
4.001983404159545898e-01 -2.987336218357086182e-01
4.346731007099151611e-01 -2.461884617805480957e-01
-4.708251357078552246e-01 -1.665087491273880005e-01
-4.706530570983886719e-01 -1.669897139072418213e-01
-4.594286084175109863e-01 -1.966510862112045288e-01
-4.595866203308105469e-01 -1.963170170783996582e-01
-4.775715768337249756e-01 -1.476537734270095825e-01
-4.775868356227874756e-01 -1.476110965013504028e-01
4.764623641967773438e-01 -1.507538259029388428e-01
4.765020012855529785e-01 -1.506429612636566162e-01
4.764963984489440918e-01 -1.506586968898773193e-01
4.697910249233245850e-01 -1.693989336490631104e-01
4.974563419818878174e-01 -4.992549866437911987e-02
4.938197433948516846e-01 -7.444142550230026245e-02
4.938212633132934570e-01 -7.443124800920486450e-02
4.974575936794281006e-01 -4.991708695888519287e-02
4.974672496318817139e-01 4.985199496150016785e-02
4.987758696079254150e-01 2.491798065602779388e-02
4.987760484218597412e-01 2.491389773786067963e-02
4.974684417247772217e-01 4.984401166439056396e-02
-4.830918610095977783e-01 1.266915500164031982e-01
-4.909859001636505127e-01 9.354569017887115479e-02
-4.775716364383697510e-01 1.476535648107528687e-01
-4.775868952274322510e-01 1.476109325885772705e-01
4.764966368675231934e-01 1.506579965353012085e-01
4.765022993087768555e-01 1.506421566009521484e-01
4.852187931537628174e-01 1.182002574205398560e-01
4.852015674114227295e-01 1.182690933346748352e-01
-3.837547898292541504e-01 3.202312886714935303e-01
-3.836088180541992188e-01 3.203923404216766357e-01
-4.024236202239990234e-01 2.957331836223602295e-01
-3.835836350917816162e-01 3.204201161861419678e-01
-2.570789456367492676e-01 4.281456172466278076e-01
-2.571198344230651855e-01 4.281210899353027344e-01
-2.321060150861740112e-01 4.426596760749816895e-01
-2.320992201566696167e-01 4.426628947257995605e-01
2.661494612693786621e-01 4.227089583873748779e-01
2.661836743354797363e-01 4.226884245872497559e-01
2.795223891735076904e-01 4.144463539123535156e-01
2.795028984546661377e-01 4.144608080387115479e-01
2.413705587387084961e-01 4.375608265399932861e-01
2.664669454097747803e-01 4.225186705589294434e-01
2.414316684007644653e-01 4.375241994857788086e-01
2.414166927337646484e-01 4.375331997871398926e-01
-8.496903628110885620e-02 4.922581315040588379e-01
-8.489931374788284302e-02 4.922684729099273682e-01
-8.490140736103057861e-02 4.922681450843811035e-01
-1.005743443965911865e-01 4.896338582038879395e-01
-4.947820678353309631e-02 4.975226819515228271e-01
-3.089985810220241547e-02 4.984819889068603516e-01
-1.235571969300508499e-02 4.993930160999298096e-01
-1.234096474945545197e-02 4.993937313556671143e-01
-1.233732979744672775e-02 4.993939101696014404e-01
2.481530047953128815e-02 4.987809062004089355e-01
4.343381151556968689e-02 4.978662431240081787e-01
6.186437979340553284e-02 4.956853687763214111e-01
6.180715560913085938e-02 4.956938624382019043e-01
6.179430335760116577e-02 4.956957697868347168e-01
-4.947820678353309631e-02 -4.975226819515228271e-01
-6.775131076574325562e-02 -4.948121309280395508e-01
-8.496903628110885620e-02 -4.922581315040588379e-01
-8.489931374788284302e-02 -4.922684729099273682e-01
-8.490140736103057861e-02 -4.922681450843811035e-01
-8.496903628110885620e-02 -4.922581315040588379e-01
-8.489931374788284302e-02 -4.922684729099273682e-01
2.481530047953128815e-02 -4.987809062004089355e-01
6.232520565390586853e-03 -4.996938109397888184e-01
-1.235571969300508499e-02 -4.993930160999298096e-01
-1.234096474945545197e-02 -4.993937313556671143e-01
-1.233732979744672775e-02 -4.993939101696014404e-01
-3.089985810220241547e-02 -4.984819889068603516e-01
-1.235571969300508499e-02 -4.993930160999298096e-01
-1.234096474945545197e-02 -4.993937313556671143e-01
7.899112254381179810e-02 -4.931448698043823242e-01
6.186437979340553284e-02 -4.956853687763214111e-01
6.180715560913085938e-02 -4.956938624382019043e-01
6.179430335760116577e-02 -4.956957697868347168e-01
4.343381151556968689e-02 -4.978662431240081787e-01
6.186437979340553284e-02 -4.956853687763214111e-01
6.180715560913085938e-02 -4.956938624382019043e-01
-2.708935141563415527e-01 -4.198654592037200928e-01
-2.945548295974731445e-01 -4.032975435256958008e-01
-3.073604404926300049e-01 -3.938002586364746094e-01
-3.074013888835906982e-01 -3.937698900699615479e-01
-3.073803186416625977e-01 -3.937855362892150879e-01
-2.320992201566696167e-01 -4.426628947257995605e-01
-2.172421514987945557e-01 -4.496897757053375244e-01
-2.172729372978210449e-01 -4.496752023696899414e-01
-2.321060150861740112e-01 -4.426596760749816895e-01
-2.174675166606903076e-01 -4.495831727981567383e-01
-2.023277580738067627e-01 -4.567437469959259033e-01
-2.320137768983840942e-01 -4.427033066749572754e-01
-2.571198344230651855e-01 -4.281210899353027344e-01
-2.570789456367492676e-01 -4.281456172466278076e-01
-2.321060150861740112e-01 -4.426596760749816895e-01
-2.172729372978210449e-01 -4.496752023696899414e-01
-2.026305347681045532e-01 -4.566005468368530273e-01
-2.023779302835464478e-01 -4.567200243473052979e-01
-2.174675166606903076e-01 -4.495831727981567383e-01
-2.320137768983840942e-01 -4.427033066749572754e-01
-2.571198344230651855e-01 -4.281210899353027344e-01
-2.574048936367034912e-01 -4.279502332210540771e-01
-1.439036726951599121e-01 -4.787804484367370605e-01
-1.757345497608184814e-01 -4.675241112709045410e-01
-1.606333255767822266e-01 -4.729273915290832520e-01
-1.604907512664794922e-01 -4.729784131050109863e-01
-1.758882999420166016e-01 -4.674690961837768555e-01
-1.758882254362106323e-01 -4.674690961837768555e-01
1.552682667970657349e-01 -4.748470485210418701e-01
1.380240023136138916e-01 -4.802532196044921875e-01
1.378970146179199219e-01 -4.802850186824798584e-01
2.274534702301025391e-01 -4.448601603507995605e-01
2.274810969829559326e-01 -4.448471069335937500e-01
2.413705587387084961e-01 -4.375608265399932861e-01
2.276776283979415894e-01 -4.447541534900665283e-01
2.414316684007644653e-01 -4.375241994857788086e-01
2.414166927337646484e-01 -4.375331997871398926e-01
2.127878516912460327e-01 -4.517965018749237061e-01
2.130334526300430298e-01 -4.516803324222564697e-01
2.274810969829559326e-01 -4.448471069335937500e-01
2.413705587387084961e-01 -4.375608265399932861e-01
2.414316684007644653e-01 -4.375241994857788086e-01
2.276776283979415894e-01 -4.447541534900665283e-01
2.795223891735076904e-01 -4.144463539123535156e-01
2.661836743354797363e-01 -4.226884245872497559e-01
2.661494612693786621e-01 -4.227089583873748779e-01
2.795028984546661377e-01 -4.144608080387115479e-01
3.029225468635559082e-01 -3.970916271209716797e-01
2.795208692550659180e-01 -4.144474864006042480e-01
2.661836743354797363e-01 -4.226884245872497559e-01
2.795223891735076904e-01 -4.144463539123535156e-01
-3.627416491508483887e-01 -3.434157073497772217e-01
-3.627198040485382080e-01 -3.434398174285888672e-01
-3.835836350917816162e-01 -3.204201161861419678e-01
-3.836088180541992188e-01 -3.203923404216766357e-01
-3.627416491508483887e-01 -3.434157073497772217e-01
-3.628723919391632080e-01 -3.432714641094207764e-01
-3.837547898292541504e-01 -3.202312886714935303e-01
-3.836088180541992188e-01 -3.203923404216766357e-01
3.809075653553009033e-01 -3.233727216720581055e-01
3.377806246280670166e-01 -3.678489923477172852e-01
3.600338995456695557e-01 -3.464032411575317383e-01
3.601602911949157715e-01 -3.462637960910797119e-01
3.378915190696716309e-01 -3.677484691143035889e-01
-4.457102417945861816e-01 -2.256561368703842163e-01
-4.366227686405181885e-01 -2.429356426000595093e-01
-4.366464316844940186e-01 -2.428961694240570068e-01
-4.457122981548309326e-01 -2.256518155336380005e-01
-4.456435739994049072e-01 -2.257970720529556274e-01
-4.594022035598754883e-01 -1.967069059610366821e-01
-4.366464316844940186e-01 -2.428961694240570068e-01
-4.368595480918884277e-01 -2.425405979156494141e-01
-4.457122981548309326e-01 -2.256518155336380005e-01
-4.594286084175109863e-01 -1.966510862112045288e-01
4.492178857326507568e-01 -2.182398736476898193e-01
4.576067328453063965e-01 -2.005031257867813110e-01
4.345174431800842285e-01 -2.464481592178344727e-01
4.346731007099151611e-01 -2.461884617805480957e-01
-4.830504059791564941e-01 -1.268569529056549072e-01
-4.830879867076873779e-01 -1.267070174217224121e-01
-4.708251357078552246e-01 -1.665087491273880005e-01
-4.595866203308105469e-01 -1.963170170783996582e-01
-4.706530570983886719e-01 -1.669897139072418213e-01
-4.775868356227874756e-01 -1.476110965013504028e-01
-4.775715768337249756e-01 -1.476537734270095825e-01
-4.706339836120605469e-01 -1.670430004596710205e-01
-4.830917119979858398e-01 -1.266920715570449829e-01
-4.909854233264923096e-01 -9.354889392852783203e-02
-4.999996125698089600e-01 -8.161093319358769804e-06
-4.987793862819671631e-01 -2.484635822474956512e-02
-4.975200593471527100e-01 -4.949592426419258118e-02
-4.975243210792541504e-01 -4.946734756231307983e-02
-4.975252151489257812e-01 -4.946128651499748230e-02
-4.940873384475708008e-01 -7.263746112585067749e-02
-4.975200593471527100e-01 -4.949592426419258118e-02
-4.975243210792541504e-01 -4.946734756231307983e-02
4.987712204456329346e-01 -2.501251921057701111e-02
4.987710118293762207e-01 -2.501663379371166229e-02
4.938198029994964600e-01 -7.444110512733459473e-02
4.974564313888549805e-01 -4.992501437664031982e-02
4.987710416316986084e-01 -2.501600235700607300e-02
-4.940882623195648193e-01 7.263126969337463379e-02
-4.975215494632720947e-01 4.948597773909568787e-02
-4.975257813930511475e-01 4.945737868547439575e-02
-4.975266754627227783e-01 4.945133253931999207e-02
-4.987800419330596924e-01 2.483298256993293762e-02
-4.975215494632720947e-01 4.948597773909568787e-02
-4.975257813930511475e-01 4.945737868547439575e-02
4.938278794288635254e-01 7.438649982213973999e-02
4.938264787197113037e-01 7.439598441123962402e-02
4.987758398056030273e-01 2.491861023008823395e-02
4.974671900272369385e-01 4.985247924923896790e-02
4.938264489173889160e-01 7.439629733562469482e-02
-4.708251655101776123e-01 1.665086895227432251e-01
-4.706530570983886719e-01 1.669896692037582397e-01
-4.595866203308105469e-01 1.963170170783996582e-01
-4.594286084175109863e-01 1.966510862112045288e-01
-4.594022035598754883e-01 1.967069059610366821e-01
-4.706339836120605469e-01 1.670429557561874390e-01
-4.830881059169769287e-01 1.267064809799194336e-01
-4.830505847930908203e-01 1.268563121557235718e-01
-4.775868952274322510e-01 1.476109325885772705e-01
-4.775716364383697510e-01 1.476535648107528687e-01
-4.706530570983886719e-01 1.669896692037582397e-01
-4.708251655101776123e-01 1.665086895227432251e-01
-4.595866203308105469e-01 1.963170170783996582e-01
-4.594286084175109863e-01 1.966510862112045288e-01
4.697910547256469727e-01 1.693988442420959473e-01
4.576067328453063965e-01 2.005031406879425049e-01
-4.457102417945861816e-01 2.256561368703842163e-01
-4.457122981548309326e-01 2.256518155336380005e-01
-4.366464316844940186e-01 2.428961694240570068e-01
-4.366227686405181885e-01 2.429356426000595093e-01
-4.202605783939361572e-01 2.702343165874481201e-01
-4.366464316844940186e-01 2.428961694240570068e-01
-4.457122981548309326e-01 2.256518155336380005e-01
-4.368595480918884277e-01 2.425405979156494141e-01
4.492178559303283691e-01 2.182398885488510132e-01
4.344907999038696289e-01 2.464925944805145264e-01
4.345174431800842285e-01 2.464481592178344727e-01
4.184307157993316650e-01 2.732872366905212402e-01
4.345174431800842285e-01 2.464481592178344727e-01
-3.627416491508483887e-01 3.434157073497772217e-01
-3.627198040485382080e-01 3.434398174285888672e-01
-3.628723919391632080e-01 3.432714641094207764e-01
-3.836088180541992188e-01 3.203923404216766357e-01
-3.837547898292541504e-01 3.202312886714935303e-01
-3.627416491508483887e-01 3.434157073497772217e-01
-3.628723919391632080e-01 3.432714641094207764e-01
-3.411762714385986328e-01 3.647713661193847656e-01
-3.296746015548706055e-01 3.751958608627319336e-01
-3.074013888835906982e-01 3.937698900699615479e-01
-3.073803186416625977e-01 3.937855362892150879e-01
-3.074013888835906982e-01 3.937698900699615479e-01
-3.073803186416625977e-01 3.937855362892150879e-01
3.809075653553009033e-01 3.233727216720581055e-01
3.600338995456695557e-01 3.464032411575317383e-01
3.600109815597534180e-01 3.464285433292388916e-01
-2.571198344230651855e-01 4.281210899353027344e-01
-2.321060150861740112e-01 4.426596760749816895e-01
-1.757345497608184814e-01 4.675241112709045410e-01
-1.606333255767822266e-01 4.729273915290832520e-01
-1.604907512664794922e-01 4.729784131050109863e-01
-1.758882999420166016e-01 4.674690961837768555e-01
-1.274266988039016724e-01 4.829077124595642090e-01
-1.439036726951599121e-01 4.787804484367370605e-01
-1.757345497608184814e-01 4.675241112709045410e-01
-1.758882999420166016e-01 4.674690961837768555e-01
-1.604907512664794922e-01 4.729784131050109863e-01
-1.606333255767822266e-01 4.729273915290832520e-01
1.380240023136138916e-01 4.802532196044921875e-01
1.378970146179199219e-01 4.802850186824798584e-01
1.715664267539978027e-01 4.690154790878295898e-01
1.552682667970657349e-01 4.748470485210418701e-01
1.215394064784049988e-01 4.843823909759521484e-01
9.482859075069427490e-02 4.907955825328826904e-01
1.378970146179199219e-01 4.802850186824798584e-01
1.380240023136138916e-01 4.802532196044921875e-01
1.865262091159820557e-01 4.636627733707427979e-01
2.127878516912460327e-01 4.517965018749237061e-01
2.127448469400405884e-01 4.518168270587921143e-01
2.795223891735076904e-01 4.144463539123535156e-01
2.661836743354797363e-01 4.226884245872497559e-01
-3.090702742338180542e-02 -4.984816312789916992e-01
-3.093388862907886505e-02 -4.984803199768066406e-01
4.344390332698822021e-02 -4.978657364845275879e-01
4.348213225603103638e-02 -4.978638589382171631e-01
-4.910863041877746582e-01 -9.286882728338241577e-02
-4.909963607788085938e-01 -9.347517043352127075e-02
-4.940946400165557861e-01 -7.258824259042739868e-02
-4.940917193889617920e-01 -7.260785251855850220e-02
4.903632402420043945e-01 -9.766250848770141602e-02
4.938131570816040039e-01 -7.448575645685195923e-02
4.903635382652282715e-01 -9.766133874654769897e-02
-4.987789392471313477e-01 2.485501952469348907e-02
-4.987798035144805908e-01 2.483752928674221039e-02
4.999972879886627197e-01 -5.529430563910864294e-05
4.987749755382537842e-01 2.493573352694511414e-02
4.999973177909851074e-01 -5.457982115331105888e-05
4.903689026832580566e-01 9.763984382152557373e-02
4.853606820106506348e-01 1.176338940858840942e-01
4.903695881366729736e-01 9.763716906309127808e-02
4.764627516269683838e-01 1.507527083158493042e-01
-2.708804309368133545e-01 4.198733270168304443e-01
-2.709060311317443848e-01 4.198579788208007812e-01
-2.946009635925292969e-01 4.032633304595947266e-01
-2.948978841304779053e-01 4.030431210994720459e-01
-2.574048936367034912e-01 4.279502332210540771e-01
-2.574048936367034912e-01 -4.279502332210540771e-01
-4.456435739994049072e-01 -2.257970720529556274e-01
4.852164685726165771e-01 -1.182095259428024292e-01
4.853580594062805176e-01 -1.176443547010421753e-01
4.903632700443267822e-01 -9.766234457492828369e-02
4.852164983749389648e-01 -1.182094588875770569e-01
4.853580892086029053e-01 -1.176442354917526245e-01
4.903635978698730469e-01 -9.766107052564620972e-02
4.987702369689941406e-01 -2.503266371786594391e-02
4.938132464885711670e-01 -7.448526471853256226e-02
4.999973177909851074e-01 -5.460661486722528934e-05
4.987702667713165283e-01 -2.503171376883983612e-02
4.999973773956298828e-01 -5.354800669010728598e-05
4.938200712203979492e-01 7.443918287754058838e-02
4.987749457359313965e-01 2.493668533861637115e-02
4.903688728809356689e-01 9.764000773429870605e-02
4.938200116157531738e-01 7.443967461585998535e-02
4.903694987297058105e-01 9.763742983341217041e-02
4.853606522083282471e-01 1.176340132951736450e-01
4.852187931537628174e-01 1.182003319263458252e-01
4.764627516269683838e-01 1.507527232170104980e-01
4.765022993087768555e-01 1.506421715021133423e-01
-4.456435739994049072e-01 2.257970720529556274e-01
3.809331953525543213e-01 3.233444392681121826e-01
3.810763359069824219e-01 3.231865167617797852e-01
-2.948978841304779053e-01 4.030431210994720459e-01
-2.946009635925292969e-01 4.032633304595947266e-01
-2.709060311317443848e-01 4.198579788208007812e-01
-2.708804309368133545e-01 4.198733270168304443e-01
3.153826892375946045e-01 3.878505527973175049e-01
3.378915190696716309e-01 3.677484691143035889e-01
3.377806246280670166e-01 3.678489923477172852e-01
3.153404295444488525e-01 3.878819048404693604e-01
3.029581010341644287e-01 3.970652520656585693e-01
3.032445609569549561e-01 3.968528211116790771e-01
3.032445609569549561e-01 3.968528211116790771e-01
3.029581010341644287e-01 3.970652520656585693e-01
-2.574048936367034912e-01 4.279502332210540771e-01
-6.776604801416397095e-02 4.948099553585052490e-01
-6.783076375722885132e-02 4.948003590106964111e-01
-4.953536018729209900e-02 4.975142180919647217e-01
-6.783076375722885132e-02 4.948003590106964111e-01
-6.776604801416397095e-02 4.948099553585052490e-01
-4.948985576629638672e-02 4.975209534168243408e-01
6.235264241695404053e-03 4.996936917304992676e-01
6.245222408324480057e-03 4.996931850910186768e-01
-3.090702742338180542e-02 4.984816312789916992e-01
-3.093388862907886505e-02 4.984803199768066406e-01
2.484819106757640839e-02 4.987792968750000000e-01
6.245222408324480057e-03 4.996931850910186768e-01
6.235264241695404053e-03 4.996936917304992676e-01
2.482235431671142578e-02 4.987805485725402832e-01
7.898636162281036377e-02 4.931455552577972412e-01
7.904776185750961304e-02 4.931364655494689941e-01
4.344390332698822021e-02 4.978657364845275879e-01
4.348213225603103638e-02 4.978638589382171631e-01
7.904776185750961304e-02 4.931364655494689941e-01
7.898636162281036377e-02 4.931455552577972412e-01
-1.604736000299453735e-01 -4.729845523834228516e-01
1.378637850284576416e-01 -4.802933633327484131e-01
-3.628723919391632080e-01 -3.432714641094207764e-01
3.601602911949157715e-01 -3.462637960910797119e-01
-3.837547898292541504e-01 -3.202312886714935303e-01
-4.368595480918884277e-01 -2.425405979156494141e-01
-4.775822460651397705e-01 -1.476239264011383057e-01
4.903571605682373047e-01 -9.768673032522201538e-02
4.974514245986938477e-01 -4.995873570442199707e-02
4.999972879886627197e-01 -5.522741048480384052e-05
4.974623024463653564e-01 4.988537728786468506e-02
-4.775823056697845459e-01 1.476237773895263672e-01
4.903626739978790283e-01 9.766471385955810547e-02
4.346731007099151611e-01 2.461884617805480957e-01
3.600338995456695557e-01 3.464032411575317383e-01
3.377608656883239746e-01 3.678669035434722900e-01
3.601602911949157715e-01 3.462637960910797119e-01
-2.708935141563415527e-01 4.198654592037200928e-01
-2.320137768983840942e-01 4.427033066749572754e-01
-2.026305347681045532e-01 4.566005468368530273e-01
-2.023779302835464478e-01 4.567200243473052979e-01
-2.023277580738067627e-01 4.567437469959259033e-01
-1.758882254362106323e-01 4.674690961837768555e-01
2.795208692550659180e-01 4.144474864006042480e-01
2.664669454097747803e-01 -4.225186705589294434e-01
2.664669454097747803e-01 -4.225186705589294434e-01
2.795208692550659180e-01 -4.144474864006042480e-01
4.851993620395660400e-01 -1.182778999209403992e-01
4.764623641967773438e-01 -1.507538110017776489e-01
4.765020310878753662e-01 -1.506429612636566162e-01
4.974515140056610107e-01 -4.995799809694290161e-02
4.974621832370758057e-01 4.988611489534378052e-02
-4.456435739994049072e-01 2.257970720529556274e-01
-4.368595480918884277e-01 2.425405979156494141e-01
4.001983404159545898e-01 2.987336218357086182e-01
4.346731007099151611e-01 2.461884617805480957e-01
-3.073604404926300049e-01 3.938002586364746094e-01
-2.945548295974731445e-01 4.032975435256958008e-01
3.153138756752014160e-01 3.879015743732452393e-01
3.029225468635559082e-01 3.970916271209716797e-01
2.795208692550659180e-01 4.144474864006042480e-01
3.601602911949157715e-01 3.462637960910797119e-01
-2.172729372978210449e-01 4.496752023696899414e-01
-2.172421514987945557e-01 4.496897757053375244e-01
-2.174675166606903076e-01 4.495831727981567383e-01
-2.320137768983840942e-01 4.427033066749572754e-01
-2.172729372978210449e-01 4.496752023696899414e-01
-2.026305347681045532e-01 4.566005468368530273e-01
-2.174675166606903076e-01 4.495831727981567383e-01
-2.023779302835464478e-01 4.567200243473052979e-01
-1.604736000299453735e-01 4.729845523834228516e-01
-6.775131076574325562e-02 4.948121309280395508e-01
-8.496903628110885620e-02 4.922581315040588379e-01
-8.489931374788284302e-02 4.922684729099273682e-01
6.232520565390586853e-03 4.996938109397888184e-01
-1.235571969300508499e-02 4.993930160999298096e-01
-1.234096474945545197e-02 4.993937313556671143e-01
7.899112254381179810e-02 4.931448698043823242e-01
6.186437979340553284e-02 4.956853687763214111e-01
6.180715560913085938e-02 4.956938624382019043e-01
1.378637850284576416e-01 4.802933633327484131e-01
2.274810969829559326e-01 4.448471069335937500e-01
2.274534702301025391e-01 4.448601603507995605e-01
2.276776283979415894e-01 4.447541534900665283e-01
2.130334526300430298e-01 4.516803324222564697e-01
2.127878516912460327e-01 4.517965018749237061e-01
2.274810969829559326e-01 4.448471069335937500e-01
2.413705587387084961e-01 4.375608265399932861e-01
2.276776283979415894e-01 4.447541534900665283e-01
2.414316684007644653e-01 4.375241994857788086e-01
2.664669454097747803e-01 4.225186705589294434e-01
2.130334526300430298e-01 4.516803324222564697e-01
-1.005628779530525208e-01 -4.896367192268371582e-01
-1.003233194351196289e-01 -4.896967411041259766e-01
-1.276652216911315918e-01 -4.828479588031768799e-01
-1.274666041135787964e-01 -4.828976988792419434e-01
9.454932063817977905e-02 -4.908370077610015869e-01
9.481236338615417480e-02 -4.907979965209960938e-01
1.215828731656074524e-01 -4.843715131282806396e-01
1.217880249023437500e-01 -4.843201041221618652e-01
1.863952875137329102e-01 -4.637096226215362549e-01
1.717263907194137573e-01 -4.689582288265228271e-01
1.715813875198364258e-01 -4.690101146697998047e-01
1.865303814411163330e-01 -4.636612832546234131e-01
-3.300124406814575195e-01 -3.748896718025207520e-01
-3.412715494632720947e-01 -3.646849989891052246e-01
-3.412037789821624756e-01 -3.647464215755462646e-01
-3.297173976898193359e-01 -3.751570880413055420e-01
3.378915190696716309e-01 -3.677484691143035889e-01
3.153826892375946045e-01 -3.878505527973175049e-01
3.153404295444488525e-01 -3.878819048404693604e-01
3.377806246280670166e-01 -3.678489923477172852e-01
-4.024497270584106445e-01 -2.956979870796203613e-01
-4.025995135307312012e-01 -2.954960167407989502e-01
-4.204308092594146729e-01 -2.699503004550933838e-01
-4.202855229377746582e-01 -2.701926827430725098e-01
4.003735482692718506e-01 -2.984973788261413574e-01
4.002243280410766602e-01 -2.986986041069030762e-01
4.184558987617492676e-01 -2.732452452182769775e-01
4.186024367809295654e-01 -2.730007767677307129e-01
-4.910868108272552490e-01 9.286534041166305542e-02
-4.830505847930908203e-01 1.268563121557235718e-01
-4.830881059169769287e-01 1.267064809799194336e-01
-4.909968376159667969e-01 9.347189217805862427e-02
-4.953536018729209900e-02 4.975142180919647217e-01
-3.093388862907886505e-02 4.984803199768066406e-01
-3.090702742338180542e-02 4.984816312789916992e-01
-4.948985576629638672e-02 4.975209534168243408e-01
2.484819106757640839e-02 4.987792968750000000e-01
4.348213225603103638e-02 4.978638589382171631e-01
4.344390332698822021e-02 4.978657364845275879e-01
2.482235431671142578e-02 4.987805485725402832e-01
-4.953536018729209900e-02 -4.975142180919647217e-01
-6.783076375722885132e-02 -4.948003590106964111e-01
-6.776604801416397095e-02 -4.948099553585052490e-01
-4.948985576629638672e-02 -4.975209534168243408e-01
-4.953536018729209900e-02 -4.975142180919647217e-01
-4.948985576629638672e-02 -4.975209534168243408e-01
-6.776604801416397095e-02 -4.948099553585052490e-01
-6.783076375722885132e-02 -4.948003590106964111e-01
2.484819106757640839e-02 -4.987792968750000000e-01
6.245222408324480057e-03 -4.996931850910186768e-01
6.235264241695404053e-03 -4.996936917304992676e-01
2.482235431671142578e-02 -4.987805485725402832e-01
-3.093388862907886505e-02 -4.984803199768066406e-01
-3.090702742338180542e-02 -4.984816312789916992e-01
2.484819106757640839e-02 -4.987792968750000000e-01
2.482235431671142578e-02 -4.987805485725402832e-01
6.235264241695404053e-03 -4.996936917304992676e-01
6.245222408324480057e-03 -4.996931850910186768e-01
7.904776185750961304e-02 -4.931364655494689941e-01
7.898636162281036377e-02 -4.931455552577972412e-01
4.348213225603103638e-02 -4.978638589382171631e-01
4.344390332698822021e-02 -4.978657364845275879e-01
9.454932063817977905e-02 -4.908370077610015869e-01
9.481236338615417480e-02 -4.907979965209960938e-01
7.898636162281036377e-02 -4.931455552577972412e-01
7.904776185750961304e-02 -4.931364655494689941e-01
-2.709060311317443848e-01 -4.198579788208007812e-01
-2.708804309368133545e-01 -4.198733270168304443e-01
-2.948978841304779053e-01 -4.030431210994720459e-01
-2.946009635925292969e-01 -4.032633304595947266e-01
-2.708804309368133545e-01 -4.198733270168304443e-01
-2.709060311317443848e-01 -4.198579788208007812e-01
-2.946009635925292969e-01 -4.032633304595947266e-01
-2.948978841304779053e-01 -4.030431210994720459e-01
-1.440743803977966309e-01 -4.787376821041107178e-01
-1.439383029937744141e-01 -4.787717759609222412e-01
-1.440743803977966309e-01 -4.787376821041107178e-01
-1.276652216911315918e-01 -4.828479588031768799e-01
-1.274666041135787964e-01 -4.828976988792419434e-01
-1.439383029937744141e-01 -4.787717759609222412e-01
-1.003233194351196289e-01 -4.896967411041259766e-01
-1.005628779530525208e-01 -4.896367192268371582e-01
1.554298698902130127e-01 -4.747892320156097412e-01
1.552987694740295410e-01 -4.748361408710479736e-01
1.217880249023437500e-01 -4.843201041221618652e-01
1.215828731656074524e-01 -4.843715131282806396e-01
1.554298698902130127e-01 -4.747892320156097412e-01
1.717263907194137573e-01 -4.689582288265228271e-01
1.715813875198364258e-01 -4.690101146697998047e-01
1.552987694740295410e-01 -4.748361408710479736e-01
1.863952875137329102e-01 -4.637096226215362549e-01
1.865303814411163330e-01 -4.636612832546234131e-01
3.032445609569549561e-01 -3.968528211116790771e-01
3.029581010341644287e-01 -3.970652520656585693e-01
3.153826892375946045e-01 -3.878505527973175049e-01
3.153404295444488525e-01 -3.878819048404693604e-01
3.029581010341644287e-01 -3.970652520656585693e-01
3.032445609569549561e-01 -3.968528211116790771e-01
-3.412037789821624756e-01 -3.647464215755462646e-01
-3.412715494632720947e-01 -3.646849989891052246e-01
-3.300124406814575195e-01 -3.748896718025207520e-01
-3.297173976898193359e-01 -3.751570880413055420e-01
3.810763359069824219e-01 -3.231865167617797852e-01
3.809331953525543213e-01 -3.233444392681121826e-01
4.003735482692718506e-01 -2.984973788261413574e-01
4.002243280410766602e-01 -2.986986041069030762e-01
3.809331953525543213e-01 -3.233444392681121826e-01
3.810763359069824219e-01 -3.231865167617797852e-01
-4.025995135307312012e-01 -2.954960167407989502e-01
-4.024497270584106445e-01 -2.956979870796203613e-01
-4.202855229377746582e-01 -2.701926827430725098e-01
-4.204308092594146729e-01 -2.699503004550933838e-01
4.576103985309600830e-01 -2.004953473806381226e-01
4.575449824333190918e-01 -2.006336748600006104e-01
4.494310617446899414e-01 -2.177891284227371216e-01
4.492397010326385498e-01 -2.181936949491500854e-01
4.186024367809295654e-01 -2.730007767677307129e-01
4.184558987617492676e-01 -2.732452452182769775e-01
4.494310617446899414e-01 -2.177891284227371216e-01
4.575449824333190918e-01 -2.006336748600006104e-01
4.576103985309600830e-01 -2.004953473806381226e-01
4.492397010326385498e-01 -2.181936949491500854e-01
-4.910863041877746582e-01 -9.286882728338241577e-02
-4.830504059791564941e-01 -1.268569529056549072e-01
-4.830879867076873779e-01 -1.267070174217224121e-01
-4.909963607788085938e-01 -9.347517043352127075e-02
4.698126614093780518e-01 -1.693384051322937012e-01
4.699874520301818848e-01 -1.688499450683593750e-01
4.699874520301818848e-01 -1.688499450683593750e-01
4.698126614093780518e-01 -1.693384051322937012e-01
-4.999995827674865723e-01 -8.401267223234754056e-06
-4.999995827674865723e-01 -8.203788638638798147e-06
-4.987791478633880615e-01 -2.485085278749465942e-02
-4.987783133983612061e-01 -2.486810833215713501e-02
-4.940917193889617920e-01 -7.260785251855850220e-02
-4.940946400165557861e-01 -7.258824259042739868e-02
-4.999995827674865723e-01 -8.401267223234754056e-06
-4.987783133983612061e-01 -2.486810833215713501e-02
-4.987791478633880615e-01 -2.485085278749465942e-02
-4.999995827674865723e-01 -8.203788638638798147e-06
-4.940926730632781982e-01 7.260160148143768311e-02
-4.940955936908721924e-01 7.258184254169464111e-02
-4.987798035144805908e-01 2.483752928674221039e-02
-4.987789392471313477e-01 2.485501952469348907e-02
-4.910868108272552490e-01 9.286534041166305542e-02
-4.940955936908721924e-01 7.258184254169464111e-02
-4.940926730632781982e-01 7.260160148143768311e-02
-4.909968376159667969e-01 9.347189217805862427e-02
4.699875414371490479e-01 1.688497066497802734e-01
4.698127210140228271e-01 1.693382859230041504e-01
4.576103985309600830e-01 2.004953622817993164e-01
4.575449824333190918e-01 2.006336897611618042e-01
4.698127210140228271e-01 1.693382859230041504e-01
4.699875414371490479e-01 1.688497215509414673e-01
4.575449824333190918e-01 2.006336897611618042e-01
4.576103985309600830e-01 2.004953622817993164e-01
-4.202855229377746582e-01 2.701926827430725098e-01
-4.204308092594146729e-01 2.699503004550933838e-01
-4.025995135307312012e-01 2.954960167407989502e-01
-4.024497270584106445e-01 2.956979870796203613e-01
-4.204308092594146729e-01 2.699503004550933838e-01
-4.202855229377746582e-01 2.701926827430725098e-01
-4.024497270584106445e-01 2.956979870796203613e-01
-4.025995135307312012e-01 2.954960167407989502e-01
4.494310617446899414e-01 2.177891284227371216e-01
4.492397010326385498e-01 2.181936949491500854e-01
4.186024367809295654e-01 2.730007767677307129e-01
4.184558987617492676e-01 2.732452452182769775e-01
4.002243280410766602e-01 2.986986041069030762e-01
4.003735482692718506e-01 2.984973788261413574e-01
4.494310617446899414e-01 2.177891284227371216e-01
4.492397010326385498e-01 2.181936949491500854e-01
4.186024367809295654e-01 2.730007767677307129e-01
4.003735482692718506e-01 2.984973788261413574e-01
4.002243280410766602e-01 2.986986041069030762e-01
4.184558987617492676e-01 2.732452452182769775e-01
-3.412037789821624756e-01 3.647464215755462646e-01
-3.412715494632720947e-01 3.646849989891052246e-01
-3.300124406814575195e-01 3.748896718025207520e-01
-3.297173976898193359e-01 3.751570880413055420e-01
-3.300124406814575195e-01 3.748896718025207520e-01
-3.412715494632720947e-01 3.646849989891052246e-01
-3.412037789821624756e-01 3.647464215755462646e-01
-3.297173976898193359e-01 3.751570880413055420e-01
3.810763359069824219e-01 3.231865167617797852e-01
3.809331953525543213e-01 3.233444392681121826e-01
3.378915190696716309e-01 3.677484691143035889e-01
3.153826892375946045e-01 3.878505527973175049e-01
3.153404295444488525e-01 3.878819048404693604e-01
3.377806246280670166e-01 3.678489923477172852e-01
-1.440743803977966309e-01 4.787376821041107178e-01
-1.276652216911315918e-01 4.828479588031768799e-01
-1.274666041135787964e-01 4.828976988792419434e-01
-1.439383029937744141e-01 4.787717759609222412e-01
-1.274666041135787964e-01 4.828976988792419434e-01
-1.276652216911315918e-01 4.828479588031768799e-01
-1.440743803977966309e-01 4.787376821041107178e-01
-1.439383029937744141e-01 4.787717759609222412e-01
-1.003233194351196289e-01 4.896967411041259766e-01
-1.005628779530525208e-01 4.896367192268371582e-01
-1.005628779530525208e-01 4.896367192268371582e-01
-1.003233194351196289e-01 4.896967411041259766e-01
1.217880249023437500e-01 4.843201041221618652e-01
1.215828731656074524e-01 4.843715131282806396e-01
9.481236338615417480e-02 4.907979965209960938e-01
9.454932063817977905e-02 4.908370077610015869e-01
1.554298698902130127e-01 4.747892320156097412e-01
1.717263907194137573e-01 4.689582288265228271e-01
1.715813875198364258e-01 4.690101146697998047e-01
1.552987694740295410e-01 4.748361408710479736e-01
1.217880249023437500e-01 4.843201041221618652e-01
9.454932063817977905e-02 4.908370077610015869e-01
9.481236338615417480e-02 4.907979965209960938e-01
1.215828731656074524e-01 4.843715131282806396e-01
1.715813875198364258e-01 4.690101146697998047e-01
1.717263907194137573e-01 4.689582288265228271e-01
1.554298698902130127e-01 4.747892320156097412e-01
1.552987694740295410e-01 4.748361408710479736e-01
1.863952875137329102e-01 4.637096226215362549e-01
1.865303814411163330e-01 4.636612832546234131e-01
1.863952875137329102e-01 4.637096226215362549e-01
1.865303814411163330e-01 4.636612832546234131e-01
-1.757345497608184814e-01 -4.675241112709045410e-01
-1.758882999420166016e-01 -4.674690961837768555e-01
-1.604907512664794922e-01 -4.729784131050109863e-01
-1.606333255767822266e-01 -4.729273915290832520e-01
-2.026305347681045532e-01 -4.566005468368530273e-01
-2.023779302835464478e-01 -4.567200243473052979e-01
-1.005743443965911865e-01 -4.896338582038879395e-01
-1.274266988039016724e-01 -4.829077124595642090e-01
1.215394064784049988e-01 -4.843823909759521484e-01
9.482859075069427490e-02 -4.907955825328826904e-01
1.378970146179199219e-01 -4.802850186824798584e-01
1.380240023136138916e-01 -4.802532196044921875e-01
1.865262091159820557e-01 -4.636627733707427979e-01
2.127448469400405884e-01 -4.518168270587921143e-01
2.127878516912460327e-01 -4.517965018749237061e-01
1.715664267539978027e-01 -4.690154790878295898e-01
2.130334526300430298e-01 -4.516803324222564697e-01
-3.296746015548706055e-01 -3.751958608627319336e-01
-3.411762714385986328e-01 -3.647713661193847656e-01
-3.073803186416625977e-01 -3.937855362892150879e-01
-3.074013888835906982e-01 -3.937698900699615479e-01
3.377608656883239746e-01 -3.678669035434722900e-01
3.600109815597534180e-01 -3.464285433292388916e-01
3.600338995456695557e-01 -3.464032411575317383e-01
3.153138756752014160e-01 -3.879015743732452393e-01
-4.024236202239990234e-01 -2.957331836223602295e-01
-4.202605783939361572e-01 -2.702343165874481201e-01
4.344907999038696289e-01 -2.464925944805145264e-01
4.345174431800842285e-01 -2.464481592178344727e-01
4.184307157993316650e-01 -2.732872366905212402e-01
4.001983404159545898e-01 -2.987336218357086182e-01
4.346731007099151611e-01 -2.461884617805480957e-01
-4.708251357078552246e-01 -1.665087491273880005e-01
-4.706530570983886719e-01 -1.669897139072418213e-01
-4.594286084175109863e-01 -1.966510862112045288e-01
-4.595866203308105469e-01 -1.963170170783996582e-01
-4.775715768337249756e-01 -1.476537734270095825e-01
-4.775868356227874756e-01 -1.476110965013504028e-01
4.764623641967773438e-01 -1.507538259029388428e-01
4.765020012855529785e-01 -1.506429612636566162e-01
4.764963984489440918e-01 -1.506586968898773193e-01
4.697910249233245850e-01 -1.693989336490631104e-01
4.974563419818878174e-01 -4.992549866437911987e-02
4.938197433948516846e-01 -7.444142550230026245e-02
4.938212633132934570e-01 -7.443124800920486450e-02
4.974575936794281006e-01 -4.991708695888519287e-02
4.974672496318817139e-01 4.985199496150016785e-02
4.987758696079254150e-01 2.491798065602779388e-02
4.987760484218597412e-01 2.491389773786067963e-02
4.974684417247772217e-01 4.984401166439056396e-02
-4.830918610095977783e-01 1.266915500164031982e-01
-4.909859001636505127e-01 9.354569017887115479e-02
-4.775716364383697510e-01 1.476535648107528687e-01
-4.775868952274322510e-01 1.476109325885772705e-01
4.764966368675231934e-01 1.506579965353012085e-01
4.765022993087768555e-01 1.506421566009521484e-01
4.852187931537628174e-01 1.182002574205398560e-01
4.852015674114227295e-01 1.182690933346748352e-01
-3.837547898292541504e-01 3.202312886714935303e-01
-3.836088180541992188e-01 3.203923404216766357e-01
-4.024236202239990234e-01 2.957331836223602295e-01
-3.835836350917816162e-01 3.204201161861419678e-01
-2.570789456367492676e-01 4.281456172466278076e-01
-2.571198344230651855e-01 4.281210899353027344e-01
-2.321060150861740112e-01 4.426596760749816895e-01
-2.320992201566696167e-01 4.426628947257995605e-01
2.661494612693786621e-01 4.227089583873748779e-01
2.661836743354797363e-01 4.226884245872497559e-01
2.795223891735076904e-01 4.144463539123535156e-01
2.795028984546661377e-01 4.144608080387115479e-01
2.413705587387084961e-01 4.375608265399932861e-01
2.664669454097747803e-01 4.225186705589294434e-01
2.414316684007644653e-01 4.375241994857788086e-01
2.414166927337646484e-01 4.375331997871398926e-01
-8.496903628110885620e-02 4.922581315040588379e-01
-8.489931374788284302e-02 4.922684729099273682e-01
-8.490140736103057861e-02 4.922681450843811035e-01
-1.005743443965911865e-01 4.896338582038879395e-01
-4.947820678353309631e-02 4.975226819515228271e-01
-3.089985810220241547e-02 4.984819889068603516e-01
-1.235571969300508499e-02 4.993930160999298096e-01
-1.234096474945545197e-02 4.993937313556671143e-01
-1.233732979744672775e-02 4.993939101696014404e-01
2.481530047953128815e-02 4.987809062004089355e-01
4.343381151556968689e-02 4.978662431240081787e-01
6.186437979340553284e-02 4.956853687763214111e-01
6.180715560913085938e-02 4.956938624382019043e-01
6.179430335760116577e-02 4.956957697868347168e-01
-4.947820678353309631e-02 -4.975226819515228271e-01
-6.775131076574325562e-02 -4.948121309280395508e-01
-8.496903628110885620e-02 -4.922581315040588379e-01
-8.489931374788284302e-02 -4.922684729099273682e-01
-8.490140736103057861e-02 -4.922681450843811035e-01
-8.496903628110885620e-02 -4.922581315040588379e-01
-8.489931374788284302e-02 -4.922684729099273682e-01
2.481530047953128815e-02 -4.987809062004089355e-01
6.232520565390586853e-03 -4.996938109397888184e-01
-1.235571969300508499e-02 -4.993930160999298096e-01
-1.234096474945545197e-02 -4.993937313556671143e-01
-1.233732979744672775e-02 -4.993939101696014404e-01
-3.089985810220241547e-02 -4.984819889068603516e-01
-1.235571969300508499e-02 -4.993930160999298096e-01
-1.234096474945545197e-02 -4.993937313556671143e-01
7.899112254381179810e-02 -4.931448698043823242e-01
6.186437979340553284e-02 -4.956853687763214111e-01
6.180715560913085938e-02 -4.956938624382019043e-01
6.179430335760116577e-02 -4.956957697868347168e-01
4.343381151556968689e-02 -4.978662431240081787e-01
6.186437979340553284e-02 -4.956853687763214111e-01
6.180715560913085938e-02 -4.956938624382019043e-01
-2.708935141563415527e-01 -4.198654592037200928e-01
-2.945548295974731445e-01 -4.032975435256958008e-01
-3.073604404926300049e-01 -3.938002586364746094e-01
-3.074013888835906982e-01 -3.937698900699615479e-01
-3.073803186416625977e-01 -3.937855362892150879e-01
-2.320992201566696167e-01 -4.426628947257995605e-01
-2.172421514987945557e-01 -4.496897757053375244e-01
-2.172729372978210449e-01 -4.496752023696899414e-01
-2.321060150861740112e-01 -4.426596760749816895e-01
-2.174675166606903076e-01 -4.495831727981567383e-01
-2.023277580738067627e-01 -4.567437469959259033e-01
-2.320137768983840942e-01 -4.427033066749572754e-01
-2.571198344230651855e-01 -4.281210899353027344e-01
-2.570789456367492676e-01 -4.281456172466278076e-01
-2.321060150861740112e-01 -4.426596760749816895e-01
-2.172729372978210449e-01 -4.496752023696899414e-01
-2.026305347681045532e-01 -4.566005468368530273e-01
-2.023779302835464478e-01 -4.567200243473052979e-01
-2.174675166606903076e-01 -4.495831727981567383e-01
-2.320137768983840942e-01 -4.427033066749572754e-01
-2.571198344230651855e-01 -4.281210899353027344e-01
-2.574048936367034912e-01 -4.279502332210540771e-01
-1.439036726951599121e-01 -4.787804484367370605e-01
-1.757345497608184814e-01 -4.675241112709045410e-01
-1.606333255767822266e-01 -4.729273915290832520e-01
-1.604907512664794922e-01 -4.729784131050109863e-01
-1.758882999420166016e-01 -4.674690961837768555e-01
-1.758882254362106323e-01 -4.674690961837768555e-01
1.552682667970657349e-01 -4.748470485210418701e-01
1.380240023136138916e-01 -4.802532196044921875e-01
1.378970146179199219e-01 -4.802850186824798584e-01
2.274534702301025391e-01 -4.448601603507995605e-01
2.274810969829559326e-01 -4.448471069335937500e-01
2.413705587387084961e-01 -4.375608265399932861e-01
2.276776283979415894e-01 -4.447541534900665283e-01
2.414316684007644653e-01 -4.375241994857788086e-01
2.414166927337646484e-01 -4.375331997871398926e-01
2.127878516912460327e-01 -4.517965018749237061e-01
2.130334526300430298e-01 -4.516803324222564697e-01
2.274810969829559326e-01 -4.448471069335937500e-01
2.413705587387084961e-01 -4.375608265399932861e-01
2.414316684007644653e-01 -4.375241994857788086e-01
2.276776283979415894e-01 -4.447541534900665283e-01
2.795223891735076904e-01 -4.144463539123535156e-01
2.661836743354797363e-01 -4.226884245872497559e-01
2.661494612693786621e-01 -4.227089583873748779e-01
2.795028984546661377e-01 -4.144608080387115479e-01
3.029225468635559082e-01 -3.970916271209716797e-01
2.795208692550659180e-01 -4.144474864006042480e-01
2.661836743354797363e-01 -4.226884245872497559e-01
2.795223891735076904e-01 -4.144463539123535156e-01
-3.627416491508483887e-01 -3.434157073497772217e-01
-3.627198040485382080e-01 -3.434398174285888672e-01
-3.835836350917816162e-01 -3.204201161861419678e-01
-3.836088180541992188e-01 -3.203923404216766357e-01
-3.627416491508483887e-01 -3.434157073497772217e-01
-3.628723919391632080e-01 -3.432714641094207764e-01
-3.837547898292541504e-01 -3.202312886714935303e-01
-3.836088180541992188e-01 -3.203923404216766357e-01
3.809075653553009033e-01 -3.233727216720581055e-01
3.377806246280670166e-01 -3.678489923477172852e-01
3.600338995456695557e-01 -3.464032411575317383e-01
3.601602911949157715e-01 -3.462637960910797119e-01
3.378915190696716309e-01 -3.677484691143035889e-01
-4.457102417945861816e-01 -2.256561368703842163e-01
-4.366227686405181885e-01 -2.429356426000595093e-01
-4.366464316844940186e-01 -2.428961694240570068e-01
-4.457122981548309326e-01 -2.256518155336380005e-01
-4.456435739994049072e-01 -2.257970720529556274e-01
-4.594022035598754883e-01 -1.967069059610366821e-01
-4.366464316844940186e-01 -2.428961694240570068e-01
-4.368595480918884277e-01 -2.425405979156494141e-01
-4.457122981548309326e-01 -2.256518155336380005e-01
-4.594286084175109863e-01 -1.966510862112045288e-01
4.492178857326507568e-01 -2.182398736476898193e-01
4.576067328453063965e-01 -2.005031257867813110e-01
4.345174431800842285e-01 -2.464481592178344727e-01
4.346731007099151611e-01 -2.461884617805480957e-01
-4.830504059791564941e-01 -1.268569529056549072e-01
-4.830879867076873779e-01 -1.267070174217224121e-01
-4.708251357078552246e-01 -1.665087491273880005e-01
-4.595866203308105469e-01 -1.963170170783996582e-01
-4.706530570983886719e-01 -1.669897139072418213e-01
-4.775868356227874756e-01 -1.476110965013504028e-01
-4.775715768337249756e-01 -1.476537734270095825e-01
-4.706339836120605469e-01 -1.670430004596710205e-01
-4.830917119979858398e-01 -1.266920715570449829e-01
-4.909854233264923096e-01 -9.354889392852783203e-02
-4.999996125698089600e-01 -8.161093319358769804e-06
-4.987793862819671631e-01 -2.484635822474956512e-02
-4.975200593471527100e-01 -4.949592426419258118e-02
-4.975243210792541504e-01 -4.946734756231307983e-02
-4.975252151489257812e-01 -4.946128651499748230e-02
-4.940873384475708008e-01 -7.263746112585067749e-02
-4.975200593471527100e-01 -4.949592426419258118e-02
-4.975243210792541504e-01 -4.946734756231307983e-02
4.987712204456329346e-01 -2.501251921057701111e-02
4.987710118293762207e-01 -2.501663379371166229e-02
4.938198029994964600e-01 -7.444110512733459473e-02
4.974564313888549805e-01 -4.992501437664031982e-02
4.987710416316986084e-01 -2.501600235700607300e-02
-4.940882623195648193e-01 7.263126969337463379e-02
-4.975215494632720947e-01 4.948597773909568787e-02
-4.975257813930511475e-01 4.945737868547439575e-02
-4.975266754627227783e-01 4.945133253931999207e-02
-4.987800419330596924e-01 2.483298256993293762e-02
-4.975215494632720947e-01 4.948597773909568787e-02
-4.975257813930511475e-01 4.945737868547439575e-02
4.938278794288635254e-01 7.438649982213973999e-02
4.938264787197113037e-01 7.439598441123962402e-02
4.987758398056030273e-01 2.491861023008823395e-02
4.974671900272369385e-01 4.985247924923896790e-02
4.938264489173889160e-01 7.439629733562469482e-02
-4.708251655101776123e-01 1.665086895227432251e-01
-4.706530570983886719e-01 1.669896692037582397e-01
-4.595866203308105469e-01 1.963170170783996582e-01
-4.594286084175109863e-01 1.966510862112045288e-01
-4.594022035598754883e-01 1.967069059610366821e-01
-4.706339836120605469e-01 1.670429557561874390e-01
-4.830881059169769287e-01 1.267064809799194336e-01
-4.830505847930908203e-01 1.268563121557235718e-01
-4.775868952274322510e-01 1.476109325885772705e-01
-4.775716364383697510e-01 1.476535648107528687e-01
-4.706530570983886719e-01 1.669896692037582397e-01
-4.708251655101776123e-01 1.665086895227432251e-01
-4.595866203308105469e-01 1.963170170783996582e-01
-4.594286084175109863e-01 1.966510862112045288e-01
4.697910547256469727e-01 1.693988442420959473e-01
4.576067328453063965e-01 2.005031406879425049e-01
-4.457102417945861816e-01 2.256561368703842163e-01
-4.457122981548309326e-01 2.256518155336380005e-01
-4.366464316844940186e-01 2.428961694240570068e-01
-4.366227686405181885e-01 2.429356426000595093e-01
-4.202605783939361572e-01 2.702343165874481201e-01
-4.366464316844940186e-01 2.428961694240570068e-01
-4.457122981548309326e-01 2.256518155336380005e-01
-4.368595480918884277e-01 2.425405979156494141e-01
4.492178559303283691e-01 2.182398885488510132e-01
4.344907999038696289e-01 2.464925944805145264e-01
4.345174431800842285e-01 2.464481592178344727e-01
4.184307157993316650e-01 2.732872366905212402e-01
4.345174431800842285e-01 2.464481592178344727e-01
-3.627416491508483887e-01 3.434157073497772217e-01
-3.627198040485382080e-01 3.434398174285888672e-01
-3.628723919391632080e-01 3.432714641094207764e-01
-3.836088180541992188e-01 3.203923404216766357e-01
-3.837547898292541504e-01 3.202312886714935303e-01
-3.627416491508483887e-01 3.434157073497772217e-01
-3.628723919391632080e-01 3.432714641094207764e-01
-3.411762714385986328e-01 3.647713661193847656e-01
-3.296746015548706055e-01 3.751958608627319336e-01
-3.074013888835906982e-01 3.937698900699615479e-01
-3.073803186416625977e-01 3.937855362892150879e-01
-3.074013888835906982e-01 3.937698900699615479e-01
-3.073803186416625977e-01 3.937855362892150879e-01
3.809075653553009033e-01 3.233727216720581055e-01
3.600338995456695557e-01 3.464032411575317383e-01
3.600109815597534180e-01 3.464285433292388916e-01
-2.571198344230651855e-01 4.281210899353027344e-01
-2.321060150861740112e-01 4.426596760749816895e-01
-1.757345497608184814e-01 4.675241112709045410e-01
-1.606333255767822266e-01 4.729273915290832520e-01
-1.604907512664794922e-01 4.729784131050109863e-01
-1.758882999420166016e-01 4.674690961837768555e-01
-1.274266988039016724e-01 4.829077124595642090e-01
-1.439036726951599121e-01 4.787804484367370605e-01
-1.757345497608184814e-01 4.675241112709045410e-01
-1.758882999420166016e-01 4.674690961837768555e-01
-1.604907512664794922e-01 4.729784131050109863e-01
-1.606333255767822266e-01 4.729273915290832520e-01
1.380240023136138916e-01 4.802532196044921875e-01
1.378970146179199219e-01 4.802850186824798584e-01
1.715664267539978027e-01 4.690154790878295898e-01
1.552682667970657349e-01 4.748470485210418701e-01
1.215394064784049988e-01 4.843823909759521484e-01
9.482859075069427490e-02 4.907955825328826904e-01
1.378970146179199219e-01 4.802850186824798584e-01
1.380240023136138916e-01 4.802532196044921875e-01
1.865262091159820557e-01 4.636627733707427979e-01
2.127878516912460327e-01 4.517965018749237061e-01
2.127448469400405884e-01 4.518168270587921143e-01
2.795223891735076904e-01 4.144463539123535156e-01
2.661836743354797363e-01 4.226884245872497559e-01
-3.090702742338180542e-02 -4.984816312789916992e-01
-3.093388862907886505e-02 -4.984803199768066406e-01
4.344390332698822021e-02 -4.978657364845275879e-01
4.348213225603103638e-02 -4.978638589382171631e-01
-4.910863041877746582e-01 -9.286882728338241577e-02
-4.909963607788085938e-01 -9.347517043352127075e-02
-4.940946400165557861e-01 -7.258824259042739868e-02
-4.940917193889617920e-01 -7.260785251855850220e-02
4.903632402420043945e-01 -9.766250848770141602e-02
4.938131570816040039e-01 -7.448575645685195923e-02
4.903635382652282715e-01 -9.766133874654769897e-02
-4.987789392471313477e-01 2.485501952469348907e-02
-4.987798035144805908e-01 2.483752928674221039e-02
4.999972879886627197e-01 -5.529430563910864294e-05
4.987749755382537842e-01 2.493573352694511414e-02
4.999973177909851074e-01 -5.457982115331105888e-05
4.903689026832580566e-01 9.763984382152557373e-02
4.853606820106506348e-01 1.176338940858840942e-01
4.903695881366729736e-01 9.763716906309127808e-02
4.764627516269683838e-01 1.507527083158493042e-01
-2.708804309368133545e-01 4.198733270168304443e-01
-2.709060311317443848e-01 4.198579788208007812e-01
-2.946009635925292969e-01 4.032633304595947266e-01
-2.948978841304779053e-01 4.030431210994720459e-01
-2.574048936367034912e-01 4.279502332210540771e-01
-2.574048936367034912e-01 -4.279502332210540771e-01
-4.456435739994049072e-01 -2.257970720529556274e-01
4.852164685726165771e-01 -1.182095259428024292e-01
4.853580594062805176e-01 -1.176443547010421753e-01
4.903632700443267822e-01 -9.766234457492828369e-02
4.852164983749389648e-01 -1.182094588875770569e-01
4.853580892086029053e-01 -1.176442354917526245e-01
4.903635978698730469e-01 -9.766107052564620972e-02
4.987702369689941406e-01 -2.503266371786594391e-02
4.938132464885711670e-01 -7.448526471853256226e-02
4.999973177909851074e-01 -5.460661486722528934e-05
4.987702667713165283e-01 -2.503171376883983612e-02
4.999973773956298828e-01 -5.354800669010728598e-05
4.938200712203979492e-01 7.443918287754058838e-02
4.987749457359313965e-01 2.493668533861637115e-02
4.903688728809356689e-01 9.764000773429870605e-02
4.938200116157531738e-01 7.443967461585998535e-02
4.903694987297058105e-01 9.763742983341217041e-02
4.853606522083282471e-01 1.176340132951736450e-01
4.852187931537628174e-01 1.182003319263458252e-01
4.764627516269683838e-01 1.507527232170104980e-01
4.765022993087768555e-01 1.506421715021133423e-01
-4.456435739994049072e-01 2.257970720529556274e-01
3.809331953525543213e-01 3.233444392681121826e-01
3.810763359069824219e-01 3.231865167617797852e-01
-2.948978841304779053e-01 4.030431210994720459e-01
-2.946009635925292969e-01 4.032633304595947266e-01
-2.709060311317443848e-01 4.198579788208007812e-01
-2.708804309368133545e-01 4.198733270168304443e-01
3.153826892375946045e-01 3.878505527973175049e-01
3.378915190696716309e-01 3.677484691143035889e-01
3.377806246280670166e-01 3.678489923477172852e-01
3.153404295444488525e-01 3.878819048404693604e-01
3.029581010341644287e-01 3.970652520656585693e-01
3.032445609569549561e-01 3.968528211116790771e-01
3.032445609569549561e-01 3.968528211116790771e-01
3.029581010341644287e-01 3.970652520656585693e-01
-2.574048936367034912e-01 4.279502332210540771e-01
-6.776604801416397095e-02 4.948099553585052490e-01
-6.783076375722885132e-02 4.948003590106964111e-01
-4.953536018729209900e-02 4.975142180919647217e-01
-6.783076375722885132e-02 4.948003590106964111e-01
-6.776604801416397095e-02 4.948099553585052490e-01
-4.948985576629638672e-02 4.975209534168243408e-01
6.235264241695404053e-03 4.996936917304992676e-01
6.245222408324480057e-03 4.996931850910186768e-01
-3.090702742338180542e-02 4.984816312789916992e-01
-3.093388862907886505e-02 4.984803199768066406e-01
2.484819106757640839e-02 4.987792968750000000e-01
6.245222408324480057e-03 4.996931850910186768e-01
6.235264241695404053e-03 4.996936917304992676e-01
2.482235431671142578e-02 4.987805485725402832e-01
7.898636162281036377e-02 4.931455552577972412e-01
7.904776185750961304e-02 4.931364655494689941e-01
4.344390332698822021e-02 4.978657364845275879e-01
4.348213225603103638e-02 4.978638589382171631e-01
7.904776185750961304e-02 4.931364655494689941e-01
7.898636162281036377e-02 4.931455552577972412e-01
-1.604736000299453735e-01 -4.729845523834228516e-01
1.378637850284576416e-01 -4.802933633327484131e-01
-3.628723919391632080e-01 -3.432714641094207764e-01
3.601602911949157715e-01 -3.462637960910797119e-01
-3.837547898292541504e-01 -3.202312886714935303e-01
-4.368595480918884277e-01 -2.425405979156494141e-01
-4.775822460651397705e-01 -1.476239264011383057e-01
4.903571605682373047e-01 -9.768673032522201538e-02
4.974514245986938477e-01 -4.995873570442199707e-02
4.999972879886627197e-01 -5.522741048480384052e-05
4.974623024463653564e-01 4.988537728786468506e-02
-4.775823056697845459e-01 1.476237773895263672e-01
4.903626739978790283e-01 9.766471385955810547e-02
4.346731007099151611e-01 2.461884617805480957e-01
3.600338995456695557e-01 3.464032411575317383e-01
3.377608656883239746e-01 3.678669035434722900e-01
3.601602911949157715e-01 3.462637960910797119e-01
-2.708935141563415527e-01 4.198654592037200928e-01
-2.320137768983840942e-01 4.427033066749572754e-01
-2.026305347681045532e-01 4.566005468368530273e-01
-2.023779302835464478e-01 4.567200243473052979e-01
-2.023277580738067627e-01 4.567437469959259033e-01
-1.758882254362106323e-01 4.674690961837768555e-01
2.795208692550659180e-01 4.144474864006042480e-01
2.664669454097747803e-01 -4.225186705589294434e-01
2.664669454097747803e-01 -4.225186705589294434e-01
2.795208692550659180e-01 -4.144474864006042480e-01
4.851993620395660400e-01 -1.182778999209403992e-01
4.764623641967773438e-01 -1.507538110017776489e-01
4.765020310878753662e-01 -1.506429612636566162e-01
4.974515140056610107e-01 -4.995799809694290161e-02
4.974621832370758057e-01 4.988611489534378052e-02
-4.456435739994049072e-01 2.257970720529556274e-01
-4.368595480918884277e-01 2.425405979156494141e-01
4.001983404159545898e-01 2.987336218357086182e-01
4.346731007099151611e-01 2.461884617805480957e-01
-3.073604404926300049e-01 3.938002586364746094e-01
-2.945548295974731445e-01 4.032975435256958008e-01
3.153138756752014160e-01 3.879015743732452393e-01
3.029225468635559082e-01 3.970916271209716797e-01
2.795208692550659180e-01 4.144474864006042480e-01
3.601602911949157715e-01 3.462637960910797119e-01
-2.172729372978210449e-01 4.496752023696899414e-01
-2.172421514987945557e-01 4.496897757053375244e-01
-2.174675166606903076e-01 4.495831727981567383e-01
-2.320137768983840942e-01 4.427033066749572754e-01
-2.172729372978210449e-01 4.496752023696899414e-01
-2.026305347681045532e-01 4.566005468368530273e-01
-2.174675166606903076e-01 4.495831727981567383e-01
-2.023779302835464478e-01 4.567200243473052979e-01
-1.604736000299453735e-01 4.729845523834228516e-01
-6.775131076574325562e-02 4.948121309280395508e-01
-8.496903628110885620e-02 4.922581315040588379e-01
-8.489931374788284302e-02 4.922684729099273682e-01
6.232520565390586853e-03 4.996938109397888184e-01
-1.235571969300508499e-02 4.993930160999298096e-01
-1.234096474945545197e-02 4.993937313556671143e-01
7.899112254381179810e-02 4.931448698043823242e-01
6.186437979340553284e-02 4.956853687763214111e-01
6.180715560913085938e-02 4.956938624382019043e-01
1.378637850284576416e-01 4.802933633327484131e-01
2.274810969829559326e-01 4.448471069335937500e-01
2.274534702301025391e-01 4.448601603507995605e-01
2.276776283979415894e-01 4.447541534900665283e-01
2.130334526300430298e-01 4.516803324222564697e-01
2.127878516912460327e-01 4.517965018749237061e-01
2.274810969829559326e-01 4.448471069335937500e-01
2.413705587387084961e-01 4.375608265399932861e-01
2.276776283979415894e-01 4.447541534900665283e-01
2.414316684007644653e-01 4.375241994857788086e-01
2.664669454097747803e-01 4.225186705589294434e-01
2.130334526300430298e-01 4.516803324222564697e-01
-1.005628779530525208e-01 -4.896367192268371582e-01
-1.003233194351196289e-01 -4.896967411041259766e-01
-1.276652216911315918e-01 -4.828479588031768799e-01
-1.274666041135787964e-01 -4.828976988792419434e-01
9.454932063817977905e-02 -4.908370077610015869e-01
9.481236338615417480e-02 -4.907979965209960938e-01
1.215828731656074524e-01 -4.843715131282806396e-01
1.217880249023437500e-01 -4.843201041221618652e-01
1.863952875137329102e-01 -4.637096226215362549e-01
1.717263907194137573e-01 -4.689582288265228271e-01
1.715813875198364258e-01 -4.690101146697998047e-01
1.865303814411163330e-01 -4.636612832546234131e-01
-3.300124406814575195e-01 -3.748896718025207520e-01
-3.412715494632720947e-01 -3.646849989891052246e-01
-3.412037789821624756e-01 -3.647464215755462646e-01
-3.297173976898193359e-01 -3.751570880413055420e-01
3.378915190696716309e-01 -3.677484691143035889e-01
3.153826892375946045e-01 -3.878505527973175049e-01
3.153404295444488525e-01 -3.878819048404693604e-01
3.377806246280670166e-01 -3.678489923477172852e-01
-4.024497270584106445e-01 -2.956979870796203613e-01
-4.025995135307312012e-01 -2.954960167407989502e-01
-4.204308092594146729e-01 -2.699503004550933838e-01
-4.202855229377746582e-01 -2.701926827430725098e-01
4.003735482692718506e-01 -2.984973788261413574e-01
4.002243280410766602e-01 -2.986986041069030762e-01
4.184558987617492676e-01 -2.732452452182769775e-01
4.186024367809295654e-01 -2.730007767677307129e-01
-4.910868108272552490e-01 9.286534041166305542e-02
-4.830505847930908203e-01 1.268563121557235718e-01
-4.830881059169769287e-01 1.267064809799194336e-01
-4.909968376159667969e-01 9.347189217805862427e-02
-4.953536018729209900e-02 4.975142180919647217e-01
-3.093388862907886505e-02 4.984803199768066406e-01
-3.090702742338180542e-02 4.984816312789916992e-01
-4.948985576629638672e-02 4.975209534168243408e-01
2.484819106757640839e-02 4.987792968750000000e-01
4.348213225603103638e-02 4.978638589382171631e-01
4.344390332698822021e-02 4.978657364845275879e-01
2.482235431671142578e-02 4.987805485725402832e-01
-4.953536018729209900e-02 -4.975142180919647217e-01
-6.783076375722885132e-02 -4.948003590106964111e-01
-6.776604801416397095e-02 -4.948099553585052490e-01
-4.948985576629638672e-02 -4.975209534168243408e-01
-4.953536018729209900e-02 -4.975142180919647217e-01
-4.948985576629638672e-02 -4.975209534168243408e-01
-6.776604801416397095e-02 -4.948099553585052490e-01
-6.783076375722885132e-02 -4.948003590106964111e-01
2.484819106757640839e-02 -4.987792968750000000e-01
6.245222408324480057e-03 -4.996931850910186768e-01
6.235264241695404053e-03 -4.996936917304992676e-01
2.482235431671142578e-02 -4.987805485725402832e-01
-3.093388862907886505e-02 -4.984803199768066406e-01
-3.090702742338180542e-02 -4.984816312789916992e-01
2.484819106757640839e-02 -4.987792968750000000e-01
2.482235431671142578e-02 -4.987805485725402832e-01
6.235264241695404053e-03 -4.996936917304992676e-01
6.245222408324480057e-03 -4.996931850910186768e-01
7.904776185750961304e-02 -4.931364655494689941e-01
7.898636162281036377e-02 -4.931455552577972412e-01
4.348213225603103638e-02 -4.978638589382171631e-01
4.344390332698822021e-02 -4.978657364845275879e-01
9.454932063817977905e-02 -4.908370077610015869e-01
9.481236338615417480e-02 -4.907979965209960938e-01
7.898636162281036377e-02 -4.931455552577972412e-01
7.904776185750961304e-02 -4.931364655494689941e-01
-2.709060311317443848e-01 -4.198579788208007812e-01
-2.708804309368133545e-01 -4.198733270168304443e-01
-2.948978841304779053e-01 -4.030431210994720459e-01
-2.946009635925292969e-01 -4.032633304595947266e-01
-2.708804309368133545e-01 -4.198733270168304443e-01
-2.709060311317443848e-01 -4.198579788208007812e-01
-2.946009635925292969e-01 -4.032633304595947266e-01
-2.948978841304779053e-01 -4.030431210994720459e-01
-1.440743803977966309e-01 -4.787376821041107178e-01
-1.439383029937744141e-01 -4.787717759609222412e-01
-1.440743803977966309e-01 -4.787376821041107178e-01
-1.276652216911315918e-01 -4.828479588031768799e-01
-1.274666041135787964e-01 -4.828976988792419434e-01
-1.439383029937744141e-01 -4.787717759609222412e-01
-1.003233194351196289e-01 -4.896967411041259766e-01
-1.005628779530525208e-01 -4.896367192268371582e-01
1.554298698902130127e-01 -4.747892320156097412e-01
1.552987694740295410e-01 -4.748361408710479736e-01
1.217880249023437500e-01 -4.843201041221618652e-01
1.215828731656074524e-01 -4.843715131282806396e-01
1.554298698902130127e-01 -4.747892320156097412e-01
1.717263907194137573e-01 -4.689582288265228271e-01
1.715813875198364258e-01 -4.690101146697998047e-01
1.552987694740295410e-01 -4.748361408710479736e-01
1.863952875137329102e-01 -4.637096226215362549e-01
1.865303814411163330e-01 -4.636612832546234131e-01
3.032445609569549561e-01 -3.968528211116790771e-01
3.029581010341644287e-01 -3.970652520656585693e-01
3.153826892375946045e-01 -3.878505527973175049e-01
3.153404295444488525e-01 -3.878819048404693604e-01
3.029581010341644287e-01 -3.970652520656585693e-01
3.032445609569549561e-01 -3.968528211116790771e-01
-3.412037789821624756e-01 -3.647464215755462646e-01
-3.412715494632720947e-01 -3.646849989891052246e-01
-3.300124406814575195e-01 -3.748896718025207520e-01
-3.297173976898193359e-01 -3.751570880413055420e-01
3.810763359069824219e-01 -3.231865167617797852e-01
3.809331953525543213e-01 -3.233444392681121826e-01
4.003735482692718506e-01 -2.984973788261413574e-01
4.002243280410766602e-01 -2.986986041069030762e-01
3.809331953525543213e-01 -3.233444392681121826e-01
3.810763359069824219e-01 -3.231865167617797852e-01
-4.025995135307312012e-01 -2.954960167407989502e-01
-4.024497270584106445e-01 -2.956979870796203613e-01
-4.202855229377746582e-01 -2.701926827430725098e-01
-4.204308092594146729e-01 -2.699503004550933838e-01
4.576103985309600830e-01 -2.004953473806381226e-01
4.575449824333190918e-01 -2.006336748600006104e-01
4.494310617446899414e-01 -2.177891284227371216e-01
4.492397010326385498e-01 -2.181936949491500854e-01
4.186024367809295654e-01 -2.730007767677307129e-01
4.184558987617492676e-01 -2.732452452182769775e-01
4.494310617446899414e-01 -2.177891284227371216e-01
4.575449824333190918e-01 -2.006336748600006104e-01
4.576103985309600830e-01 -2.004953473806381226e-01
4.492397010326385498e-01 -2.181936949491500854e-01
-4.910863041877746582e-01 -9.286882728338241577e-02
-4.830504059791564941e-01 -1.268569529056549072e-01
-4.830879867076873779e-01 -1.267070174217224121e-01
-4.909963607788085938e-01 -9.347517043352127075e-02
4.698126614093780518e-01 -1.693384051322937012e-01
4.699874520301818848e-01 -1.688499450683593750e-01
4.699874520301818848e-01 -1.688499450683593750e-01
4.698126614093780518e-01 -1.693384051322937012e-01
-4.999995827674865723e-01 -8.401267223234754056e-06
-4.999995827674865723e-01 -8.203788638638798147e-06
-4.987791478633880615e-01 -2.485085278749465942e-02
-4.987783133983612061e-01 -2.486810833215713501e-02
-4.940917193889617920e-01 -7.260785251855850220e-02
-4.940946400165557861e-01 -7.258824259042739868e-02
-4.999995827674865723e-01 -8.401267223234754056e-06
-4.987783133983612061e-01 -2.486810833215713501e-02
-4.987791478633880615e-01 -2.485085278749465942e-02
-4.999995827674865723e-01 -8.203788638638798147e-06
-4.940926730632781982e-01 7.260160148143768311e-02
-4.940955936908721924e-01 7.258184254169464111e-02
-4.987798035144805908e-01 2.483752928674221039e-02
-4.987789392471313477e-01 2.485501952469348907e-02
-4.910868108272552490e-01 9.286534041166305542e-02
-4.940955936908721924e-01 7.258184254169464111e-02
-4.940926730632781982e-01 7.260160148143768311e-02
-4.909968376159667969e-01 9.347189217805862427e-02
4.699875414371490479e-01 1.688497066497802734e-01
4.698127210140228271e-01 1.693382859230041504e-01
4.576103985309600830e-01 2.004953622817993164e-01
4.575449824333190918e-01 2.006336897611618042e-01
4.698127210140228271e-01 1.693382859230041504e-01
4.699875414371490479e-01 1.688497215509414673e-01
4.575449824333190918e-01 2.006336897611618042e-01
4.576103985309600830e-01 2.004953622817993164e-01
-4.202855229377746582e-01 2.701926827430725098e-01
-4.204308092594146729e-01 2.699503004550933838e-01
-4.025995135307312012e-01 2.954960167407989502e-01
-4.024497270584106445e-01 2.956979870796203613e-01
-4.204308092594146729e-01 2.699503004550933838e-01
-4.202855229377746582e-01 2.701926827430725098e-01
-4.024497270584106445e-01 2.956979870796203613e-01
-4.025995135307312012e-01 2.954960167407989502e-01
4.494310617446899414e-01 2.177891284227371216e-01
4.492397010326385498e-01 2.181936949491500854e-01
4.186024367809295654e-01 2.730007767677307129e-01
4.184558987617492676e-01 2.732452452182769775e-01
4.002243280410766602e-01 2.986986041069030762e-01
4.003735482692718506e-01 2.984973788261413574e-01
4.494310617446899414e-01 2.177891284227371216e-01
4.492397010326385498e-01 2.181936949491500854e-01
4.186024367809295654e-01 2.730007767677307129e-01
4.003735482692718506e-01 2.984973788261413574e-01
4.002243280410766602e-01 2.986986041069030762e-01
4.184558987617492676e-01 2.732452452182769775e-01
-3.412037789821624756e-01 3.647464215755462646e-01
-3.412715494632720947e-01 3.646849989891052246e-01
-3.300124406814575195e-01 3.748896718025207520e-01
-3.297173976898193359e-01 3.751570880413055420e-01
-3.300124406814575195e-01 3.748896718025207520e-01
-3.412715494632720947e-01 3.646849989891052246e-01
-3.412037789821624756e-01 3.647464215755462646e-01
-3.297173976898193359e-01 3.751570880413055420e-01
3.810763359069824219e-01 3.231865167617797852e-01
3.809331953525543213e-01 3.233444392681121826e-01
3.378915190696716309e-01 3.677484691143035889e-01
3.153826892375946045e-01 3.878505527973175049e-01
3.153404295444488525e-01 3.878819048404693604e-01
3.377806246280670166e-01 3.678489923477172852e-01
-1.440743803977966309e-01 4.787376821041107178e-01
-1.276652216911315918e-01 4.828479588031768799e-01
-1.274666041135787964e-01 4.828976988792419434e-01
-1.439383029937744141e-01 4.787717759609222412e-01
-1.274666041135787964e-01 4.828976988792419434e-01
-1.276652216911315918e-01 4.828479588031768799e-01
-1.440743803977966309e-01 4.787376821041107178e-01
-1.439383029937744141e-01 4.787717759609222412e-01
-1.003233194351196289e-01 4.896967411041259766e-01
-1.005628779530525208e-01 4.896367192268371582e-01
-1.005628779530525208e-01 4.896367192268371582e-01
-1.003233194351196289e-01 4.896967411041259766e-01
1.217880249023437500e-01 4.843201041221618652e-01
1.215828731656074524e-01 4.843715131282806396e-01
9.481236338615417480e-02 4.907979965209960938e-01
9.454932063817977905e-02 4.908370077610015869e-01
1.554298698902130127e-01 4.747892320156097412e-01
1.717263907194137573e-01 4.689582288265228271e-01
1.715813875198364258e-01 4.690101146697998047e-01
1.552987694740295410e-01 4.748361408710479736e-01
1.217880249023437500e-01 4.843201041221618652e-01
9.454932063817977905e-02 4.908370077610015869e-01
9.481236338615417480e-02 4.907979965209960938e-01
1.215828731656074524e-01 4.843715131282806396e-01
1.715813875198364258e-01 4.690101146697998047e-01
1.717263907194137573e-01 4.689582288265228271e-01
1.554298698902130127e-01 4.747892320156097412e-01
1.552987694740295410e-01 4.748361408710479736e-01
1.863952875137329102e-01 4.637096226215362549e-01
1.865303814411163330e-01 4.636612832546234131e-01
1.863952875137329102e-01 4.637096226215362549e-01
1.865303814411163330e-01 4.636612832546234131e-01
-1.757345497608184814e-01 -4.675241112709045410e-01
-1.758882999420166016e-01 -4.674690961837768555e-01
-1.604907512664794922e-01 -4.729784131050109863e-01
-1.606333255767822266e-01 -4.729273915290832520e-01
-2.026305347681045532e-01 -4.566005468368530273e-01
-2.023779302835464478e-01 -4.567200243473052979e-01
-1.005743443965911865e-01 -4.896338582038879395e-01
-1.274266988039016724e-01 -4.829077124595642090e-01
1.215394064784049988e-01 -4.843823909759521484e-01
9.482859075069427490e-02 -4.907955825328826904e-01
1.378970146179199219e-01 -4.802850186824798584e-01
1.380240023136138916e-01 -4.802532196044921875e-01
1.865262091159820557e-01 -4.636627733707427979e-01
2.127448469400405884e-01 -4.518168270587921143e-01
2.127878516912460327e-01 -4.517965018749237061e-01
1.715664267539978027e-01 -4.690154790878295898e-01
2.130334526300430298e-01 -4.516803324222564697e-01
-3.296746015548706055e-01 -3.751958608627319336e-01
-3.411762714385986328e-01 -3.647713661193847656e-01
-3.073803186416625977e-01 -3.937855362892150879e-01
-3.074013888835906982e-01 -3.937698900699615479e-01
3.377608656883239746e-01 -3.678669035434722900e-01
3.600109815597534180e-01 -3.464285433292388916e-01
3.600338995456695557e-01 -3.464032411575317383e-01
3.153138756752014160e-01 -3.879015743732452393e-01
-4.024236202239990234e-01 -2.957331836223602295e-01
-4.202605783939361572e-01 -2.702343165874481201e-01
4.344907999038696289e-01 -2.464925944805145264e-01
4.345174431800842285e-01 -2.464481592178344727e-01
4.184307157993316650e-01 -2.732872366905212402e-01
4.001983404159545898e-01 -2.987336218357086182e-01
4.346731007099151611e-01 -2.461884617805480957e-01
-4.708251357078552246e-01 -1.665087491273880005e-01
-4.706530570983886719e-01 -1.669897139072418213e-01
-4.594286084175109863e-01 -1.966510862112045288e-01
-4.595866203308105469e-01 -1.963170170783996582e-01
-4.775715768337249756e-01 -1.476537734270095825e-01
-4.775868356227874756e-01 -1.476110965013504028e-01
4.764623641967773438e-01 -1.507538259029388428e-01
4.765020012855529785e-01 -1.506429612636566162e-01
4.764963984489440918e-01 -1.506586968898773193e-01
4.697910249233245850e-01 -1.693989336490631104e-01
4.974563419818878174e-01 -4.992549866437911987e-02
4.938197433948516846e-01 -7.444142550230026245e-02
4.938212633132934570e-01 -7.443124800920486450e-02
4.974575936794281006e-01 -4.991708695888519287e-02
4.974672496318817139e-01 4.985199496150016785e-02
4.987758696079254150e-01 2.491798065602779388e-02
4.987760484218597412e-01 2.491389773786067963e-02
4.974684417247772217e-01 4.984401166439056396e-02
-4.830918610095977783e-01 1.266915500164031982e-01
-4.909859001636505127e-01 9.354569017887115479e-02
-4.775716364383697510e-01 1.476535648107528687e-01
-4.775868952274322510e-01 1.476109325885772705e-01
4.764966368675231934e-01 1.506579965353012085e-01
4.765022993087768555e-01 1.506421566009521484e-01
4.852187931537628174e-01 1.182002574205398560e-01
4.852015674114227295e-01 1.182690933346748352e-01
-3.837547898292541504e-01 3.202312886714935303e-01
-3.836088180541992188e-01 3.203923404216766357e-01
-4.024236202239990234e-01 2.957331836223602295e-01
-3.835836350917816162e-01 3.204201161861419678e-01
-2.570789456367492676e-01 4.281456172466278076e-01
-2.571198344230651855e-01 4.281210899353027344e-01
-2.321060150861740112e-01 4.426596760749816895e-01
-2.320992201566696167e-01 4.426628947257995605e-01
2.661494612693786621e-01 4.227089583873748779e-01
2.661836743354797363e-01 4.226884245872497559e-01
2.795223891735076904e-01 4.144463539123535156e-01
2.795028984546661377e-01 4.144608080387115479e-01
2.413705587387084961e-01 4.375608265399932861e-01
2.664669454097747803e-01 4.225186705589294434e-01
2.414316684007644653e-01 4.375241994857788086e-01
2.414166927337646484e-01 4.375331997871398926e-01
-8.496903628110885620e-02 4.922581315040588379e-01
-8.489931374788284302e-02 4.922684729099273682e-01
-8.490140736103057861e-02 4.922681450843811035e-01
-1.005743443965911865e-01 4.896338582038879395e-01
-4.947820678353309631e-02 4.975226819515228271e-01
-3.089985810220241547e-02 4.984819889068603516e-01
-1.235571969300508499e-02 4.993930160999298096e-01
-1.234096474945545197e-02 4.993937313556671143e-01
-1.233732979744672775e-02 4.993939101696014404e-01
2.481530047953128815e-02 4.987809062004089355e-01
4.343381151556968689e-02 4.978662431240081787e-01
6.186437979340553284e-02 4.956853687763214111e-01
6.180715560913085938e-02 4.956938624382019043e-01
6.179430335760116577e-02 4.956957697868347168e-01
-4.947820678353309631e-02 -4.975226819515228271e-01
-6.775131076574325562e-02 -4.948121309280395508e-01
-8.496903628110885620e-02 -4.922581315040588379e-01
-8.489931374788284302e-02 -4.922684729099273682e-01
-8.490140736103057861e-02 -4.922681450843811035e-01
-8.496903628110885620e-02 -4.922581315040588379e-01
-8.489931374788284302e-02 -4.922684729099273682e-01
2.481530047953128815e-02 -4.987809062004089355e-01
6.232520565390586853e-03 -4.996938109397888184e-01
-1.235571969300508499e-02 -4.993930160999298096e-01
-1.234096474945545197e-02 -4.993937313556671143e-01
-1.233732979744672775e-02 -4.993939101696014404e-01
-3.089985810220241547e-02 -4.984819889068603516e-01
-1.235571969300508499e-02 -4.993930160999298096e-01
-1.234096474945545197e-02 -4.993937313556671143e-01
7.899112254381179810e-02 -4.931448698043823242e-01
6.186437979340553284e-02 -4.956853687763214111e-01
6.180715560913085938e-02 -4.956938624382019043e-01
6.179430335760116577e-02 -4.956957697868347168e-01
4.343381151556968689e-02 -4.978662431240081787e-01
6.186437979340553284e-02 -4.956853687763214111e-01
6.180715560913085938e-02 -4.956938624382019043e-01
-2.708935141563415527e-01 -4.198654592037200928e-01
-2.945548295974731445e-01 -4.032975435256958008e-01
-3.073604404926300049e-01 -3.938002586364746094e-01
-3.074013888835906982e-01 -3.937698900699615479e-01
-3.073803186416625977e-01 -3.937855362892150879e-01
-2.320992201566696167e-01 -4.426628947257995605e-01
-2.172421514987945557e-01 -4.496897757053375244e-01
-2.172729372978210449e-01 -4.496752023696899414e-01
-2.321060150861740112e-01 -4.426596760749816895e-01
-2.174675166606903076e-01 -4.495831727981567383e-01
-2.023277580738067627e-01 -4.567437469959259033e-01
-2.320137768983840942e-01 -4.427033066749572754e-01
-2.571198344230651855e-01 -4.281210899353027344e-01
-2.570789456367492676e-01 -4.281456172466278076e-01
-2.321060150861740112e-01 -4.426596760749816895e-01
-2.172729372978210449e-01 -4.496752023696899414e-01
-2.026305347681045532e-01 -4.566005468368530273e-01
-2.023779302835464478e-01 -4.567200243473052979e-01
-2.174675166606903076e-01 -4.495831727981567383e-01
-2.320137768983840942e-01 -4.427033066749572754e-01
-2.571198344230651855e-01 -4.281210899353027344e-01
-2.574048936367034912e-01 -4.279502332210540771e-01
-1.439036726951599121e-01 -4.787804484367370605e-01
-1.757345497608184814e-01 -4.675241112709045410e-01
-1.606333255767822266e-01 -4.729273915290832520e-01
-1.604907512664794922e-01 -4.729784131050109863e-01
-1.758882999420166016e-01 -4.674690961837768555e-01
-1.758882254362106323e-01 -4.674690961837768555e-01
1.552682667970657349e-01 -4.748470485210418701e-01
1.380240023136138916e-01 -4.802532196044921875e-01
1.378970146179199219e-01 -4.802850186824798584e-01
2.274534702301025391e-01 -4.448601603507995605e-01
2.274810969829559326e-01 -4.448471069335937500e-01
2.413705587387084961e-01 -4.375608265399932861e-01
2.276776283979415894e-01 -4.447541534900665283e-01
2.414316684007644653e-01 -4.375241994857788086e-01
2.414166927337646484e-01 -4.375331997871398926e-01
2.127878516912460327e-01 -4.517965018749237061e-01
2.130334526300430298e-01 -4.516803324222564697e-01
2.274810969829559326e-01 -4.448471069335937500e-01
2.413705587387084961e-01 -4.375608265399932861e-01
2.414316684007644653e-01 -4.375241994857788086e-01
2.276776283979415894e-01 -4.447541534900665283e-01
2.795223891735076904e-01 -4.144463539123535156e-01
2.661836743354797363e-01 -4.226884245872497559e-01
2.661494612693786621e-01 -4.227089583873748779e-01
2.795028984546661377e-01 -4.144608080387115479e-01
3.029225468635559082e-01 -3.970916271209716797e-01
2.795208692550659180e-01 -4.144474864006042480e-01
2.661836743354797363e-01 -4.226884245872497559e-01
2.795223891735076904e-01 -4.144463539123535156e-01
-3.627416491508483887e-01 -3.434157073497772217e-01
-3.627198040485382080e-01 -3.434398174285888672e-01
-3.835836350917816162e-01 -3.204201161861419678e-01
-3.836088180541992188e-01 -3.203923404216766357e-01
-3.627416491508483887e-01 -3.434157073497772217e-01
-3.628723919391632080e-01 -3.432714641094207764e-01
-3.837547898292541504e-01 -3.202312886714935303e-01
-3.836088180541992188e-01 -3.203923404216766357e-01
3.809075653553009033e-01 -3.233727216720581055e-01
3.377806246280670166e-01 -3.678489923477172852e-01
3.600338995456695557e-01 -3.464032411575317383e-01
3.601602911949157715e-01 -3.462637960910797119e-01
3.378915190696716309e-01 -3.677484691143035889e-01
-4.457102417945861816e-01 -2.256561368703842163e-01
-4.366227686405181885e-01 -2.429356426000595093e-01
-4.366464316844940186e-01 -2.428961694240570068e-01
-4.457122981548309326e-01 -2.256518155336380005e-01
-4.456435739994049072e-01 -2.257970720529556274e-01
-4.594022035598754883e-01 -1.967069059610366821e-01
-4.366464316844940186e-01 -2.428961694240570068e-01
-4.368595480918884277e-01 -2.425405979156494141e-01
-4.457122981548309326e-01 -2.256518155336380005e-01
-4.594286084175109863e-01 -1.966510862112045288e-01
4.492178857326507568e-01 -2.182398736476898193e-01
4.576067328453063965e-01 -2.005031257867813110e-01
4.345174431800842285e-01 -2.464481592178344727e-01
4.346731007099151611e-01 -2.461884617805480957e-01
-4.830504059791564941e-01 -1.268569529056549072e-01
-4.830879867076873779e-01 -1.267070174217224121e-01
-4.708251357078552246e-01 -1.665087491273880005e-01
-4.595866203308105469e-01 -1.963170170783996582e-01
-4.706530570983886719e-01 -1.669897139072418213e-01
-4.775868356227874756e-01 -1.476110965013504028e-01
-4.775715768337249756e-01 -1.476537734270095825e-01
-4.706339836120605469e-01 -1.670430004596710205e-01
-4.830917119979858398e-01 -1.266920715570449829e-01
-4.909854233264923096e-01 -9.354889392852783203e-02
-4.999996125698089600e-01 -8.161093319358769804e-06
-4.987793862819671631e-01 -2.484635822474956512e-02
-4.975200593471527100e-01 -4.949592426419258118e-02
-4.975243210792541504e-01 -4.946734756231307983e-02
-4.975252151489257812e-01 -4.946128651499748230e-02
-4.940873384475708008e-01 -7.263746112585067749e-02
-4.975200593471527100e-01 -4.949592426419258118e-02
-4.975243210792541504e-01 -4.946734756231307983e-02
4.987712204456329346e-01 -2.501251921057701111e-02
4.987710118293762207e-01 -2.501663379371166229e-02
4.938198029994964600e-01 -7.444110512733459473e-02
4.974564313888549805e-01 -4.992501437664031982e-02
4.987710416316986084e-01 -2.501600235700607300e-02
-4.940882623195648193e-01 7.263126969337463379e-02
-4.975215494632720947e-01 4.948597773909568787e-02
-4.975257813930511475e-01 4.945737868547439575e-02
-4.975266754627227783e-01 4.945133253931999207e-02
-4.987800419330596924e-01 2.483298256993293762e-02
-4.975215494632720947e-01 4.948597773909568787e-02
-4.975257813930511475e-01 4.945737868547439575e-02
4.938278794288635254e-01 7.438649982213973999e-02
4.938264787197113037e-01 7.439598441123962402e-02
4.987758398056030273e-01 2.491861023008823395e-02
4.974671900272369385e-01 4.985247924923896790e-02
4.938264489173889160e-01 7.439629733562469482e-02
-4.708251655101776123e-01 1.665086895227432251e-01
-4.706530570983886719e-01 1.669896692037582397e-01
-4.595866203308105469e-01 1.963170170783996582e-01
-4.594286084175109863e-01 1.966510862112045288e-01
-4.594022035598754883e-01 1.967069059610366821e-01
-4.706339836120605469e-01 1.670429557561874390e-01
-4.830881059169769287e-01 1.267064809799194336e-01
-4.830505847930908203e-01 1.268563121557235718e-01
-4.775868952274322510e-01 1.476109325885772705e-01
-4.775716364383697510e-01 1.476535648107528687e-01
-4.706530570983886719e-01 1.669896692037582397e-01
-4.708251655101776123e-01 1.665086895227432251e-01
-4.595866203308105469e-01 1.963170170783996582e-01
-4.594286084175109863e-01 1.966510862112045288e-01
4.697910547256469727e-01 1.693988442420959473e-01
4.576067328453063965e-01 2.005031406879425049e-01
-4.457102417945861816e-01 2.256561368703842163e-01
-4.457122981548309326e-01 2.256518155336380005e-01
-4.366464316844940186e-01 2.428961694240570068e-01
-4.366227686405181885e-01 2.429356426000595093e-01
-4.202605783939361572e-01 2.702343165874481201e-01
-4.366464316844940186e-01 2.428961694240570068e-01
-4.457122981548309326e-01 2.256518155336380005e-01
-4.368595480918884277e-01 2.425405979156494141e-01
4.492178559303283691e-01 2.182398885488510132e-01
4.344907999038696289e-01 2.464925944805145264e-01
4.345174431800842285e-01 2.464481592178344727e-01
4.184307157993316650e-01 2.732872366905212402e-01
4.345174431800842285e-01 2.464481592178344727e-01
-3.627416491508483887e-01 3.434157073497772217e-01
-3.627198040485382080e-01 3.434398174285888672e-01
-3.628723919391632080e-01 3.432714641094207764e-01
-3.836088180541992188e-01 3.203923404216766357e-01
-3.837547898292541504e-01 3.202312886714935303e-01
-3.627416491508483887e-01 3.434157073497772217e-01
-3.628723919391632080e-01 3.432714641094207764e-01
-3.411762714385986328e-01 3.647713661193847656e-01
-3.296746015548706055e-01 3.751958608627319336e-01
-3.074013888835906982e-01 3.937698900699615479e-01
-3.073803186416625977e-01 3.937855362892150879e-01
-3.074013888835906982e-01 3.937698900699615479e-01
-3.073803186416625977e-01 3.937855362892150879e-01
3.809075653553009033e-01 3.233727216720581055e-01
3.600338995456695557e-01 3.464032411575317383e-01
3.600109815597534180e-01 3.464285433292388916e-01
-2.571198344230651855e-01 4.281210899353027344e-01
-2.321060150861740112e-01 4.426596760749816895e-01
-1.757345497608184814e-01 4.675241112709045410e-01
-1.606333255767822266e-01 4.729273915290832520e-01
-1.604907512664794922e-01 4.729784131050109863e-01
-1.758882999420166016e-01 4.674690961837768555e-01
-1.274266988039016724e-01 4.829077124595642090e-01
-1.439036726951599121e-01 4.787804484367370605e-01
-1.757345497608184814e-01 4.675241112709045410e-01
-1.758882999420166016e-01 4.674690961837768555e-01
-1.604907512664794922e-01 4.729784131050109863e-01
-1.606333255767822266e-01 4.729273915290832520e-01
1.380240023136138916e-01 4.802532196044921875e-01
1.378970146179199219e-01 4.802850186824798584e-01
1.715664267539978027e-01 4.690154790878295898e-01
1.552682667970657349e-01 4.748470485210418701e-01
1.215394064784049988e-01 4.843823909759521484e-01
9.482859075069427490e-02 4.907955825328826904e-01
1.378970146179199219e-01 4.802850186824798584e-01
1.380240023136138916e-01 4.802532196044921875e-01
1.865262091159820557e-01 4.636627733707427979e-01
2.127878516912460327e-01 4.517965018749237061e-01
2.127448469400405884e-01 4.518168270587921143e-01
2.795223891735076904e-01 4.144463539123535156e-01
2.661836743354797363e-01 4.226884245872497559e-01
-3.090702742338180542e-02 -4.984816312789916992e-01
-3.093388862907886505e-02 -4.984803199768066406e-01
4.344390332698822021e-02 -4.978657364845275879e-01
4.348213225603103638e-02 -4.978638589382171631e-01
-4.910863041877746582e-01 -9.286882728338241577e-02
-4.909963607788085938e-01 -9.347517043352127075e-02
-4.940946400165557861e-01 -7.258824259042739868e-02
-4.940917193889617920e-01 -7.260785251855850220e-02
4.903632402420043945e-01 -9.766250848770141602e-02
4.938131570816040039e-01 -7.448575645685195923e-02
4.903635382652282715e-01 -9.766133874654769897e-02
-4.987789392471313477e-01 2.485501952469348907e-02
-4.987798035144805908e-01 2.483752928674221039e-02
4.999972879886627197e-01 -5.529430563910864294e-05
4.987749755382537842e-01 2.493573352694511414e-02
4.999973177909851074e-01 -5.457982115331105888e-05
4.903689026832580566e-01 9.763984382152557373e-02
4.853606820106506348e-01 1.176338940858840942e-01
4.903695881366729736e-01 9.763716906309127808e-02
4.764627516269683838e-01 1.507527083158493042e-01
-2.708804309368133545e-01 4.198733270168304443e-01
-2.709060311317443848e-01 4.198579788208007812e-01
-2.946009635925292969e-01 4.032633304595947266e-01
-2.948978841304779053e-01 4.030431210994720459e-01
-2.574048936367034912e-01 4.279502332210540771e-01
-2.574048936367034912e-01 -4.279502332210540771e-01
-4.456435739994049072e-01 -2.257970720529556274e-01
4.852164685726165771e-01 -1.182095259428024292e-01
4.853580594062805176e-01 -1.176443547010421753e-01
4.903632700443267822e-01 -9.766234457492828369e-02
4.852164983749389648e-01 -1.182094588875770569e-01
4.853580892086029053e-01 -1.176442354917526245e-01
4.903635978698730469e-01 -9.766107052564620972e-02
4.987702369689941406e-01 -2.503266371786594391e-02
4.938132464885711670e-01 -7.448526471853256226e-02
4.999973177909851074e-01 -5.460661486722528934e-05
4.987702667713165283e-01 -2.503171376883983612e-02
4.999973773956298828e-01 -5.354800669010728598e-05
4.938200712203979492e-01 7.443918287754058838e-02
4.987749457359313965e-01 2.493668533861637115e-02
4.903688728809356689e-01 9.764000773429870605e-02
4.938200116157531738e-01 7.443967461585998535e-02
4.903694987297058105e-01 9.763742983341217041e-02
4.853606522083282471e-01 1.176340132951736450e-01
4.852187931537628174e-01 1.182003319263458252e-01
4.764627516269683838e-01 1.507527232170104980e-01
4.765022993087768555e-01 1.506421715021133423e-01
-4.456435739994049072e-01 2.257970720529556274e-01
3.809331953525543213e-01 3.233444392681121826e-01
3.810763359069824219e-01 3.231865167617797852e-01
-2.948978841304779053e-01 4.030431210994720459e-01
-2.946009635925292969e-01 4.032633304595947266e-01
-2.709060311317443848e-01 4.198579788208007812e-01
-2.708804309368133545e-01 4.198733270168304443e-01
3.153826892375946045e-01 3.878505527973175049e-01
3.378915190696716309e-01 3.677484691143035889e-01
3.377806246280670166e-01 3.678489923477172852e-01
3.153404295444488525e-01 3.878819048404693604e-01
3.029581010341644287e-01 3.970652520656585693e-01
3.032445609569549561e-01 3.968528211116790771e-01
3.032445609569549561e-01 3.968528211116790771e-01
3.029581010341644287e-01 3.970652520656585693e-01
-2.574048936367034912e-01 4.279502332210540771e-01
-6.776604801416397095e-02 4.948099553585052490e-01
-6.783076375722885132e-02 4.948003590106964111e-01
-4.953536018729209900e-02 4.975142180919647217e-01
-6.783076375722885132e-02 4.948003590106964111e-01
-6.776604801416397095e-02 4.948099553585052490e-01
-4.948985576629638672e-02 4.975209534168243408e-01
6.235264241695404053e-03 4.996936917304992676e-01
6.245222408324480057e-03 4.996931850910186768e-01
-3.090702742338180542e-02 4.984816312789916992e-01
-3.093388862907886505e-02 4.984803199768066406e-01
2.484819106757640839e-02 4.987792968750000000e-01
6.245222408324480057e-03 4.996931850910186768e-01
6.235264241695404053e-03 4.996936917304992676e-01
2.482235431671142578e-02 4.987805485725402832e-01
7.898636162281036377e-02 4.931455552577972412e-01
7.904776185750961304e-02 4.931364655494689941e-01
4.344390332698822021e-02 4.978657364845275879e-01
4.348213225603103638e-02 4.978638589382171631e-01
7.904776185750961304e-02 4.931364655494689941e-01
7.898636162281036377e-02 4.931455552577972412e-01
-1.604736000299453735e-01 -4.729845523834228516e-01
1.378637850284576416e-01 -4.802933633327484131e-01
-3.628723919391632080e-01 -3.432714641094207764e-01
3.601602911949157715e-01 -3.462637960910797119e-01
-3.837547898292541504e-01 -3.202312886714935303e-01
-4.368595480918884277e-01 -2.425405979156494141e-01
-4.775822460651397705e-01 -1.476239264011383057e-01
4.903571605682373047e-01 -9.768673032522201538e-02
4.974514245986938477e-01 -4.995873570442199707e-02
4.999972879886627197e-01 -5.522741048480384052e-05
4.974623024463653564e-01 4.988537728786468506e-02
-4.775823056697845459e-01 1.476237773895263672e-01
4.903626739978790283e-01 9.766471385955810547e-02
4.346731007099151611e-01 2.461884617805480957e-01
3.600338995456695557e-01 3.464032411575317383e-01
3.377608656883239746e-01 3.678669035434722900e-01
3.601602911949157715e-01 3.462637960910797119e-01
-2.708935141563415527e-01 4.198654592037200928e-01
-2.320137768983840942e-01 4.427033066749572754e-01
-2.026305347681045532e-01 4.566005468368530273e-01
-2.023779302835464478e-01 4.567200243473052979e-01
-2.023277580738067627e-01 4.567437469959259033e-01
-1.758882254362106323e-01 4.674690961837768555e-01
2.795208692550659180e-01 4.144474864006042480e-01
2.664669454097747803e-01 -4.225186705589294434e-01
2.664669454097747803e-01 -4.225186705589294434e-01
2.795208692550659180e-01 -4.144474864006042480e-01
4.851993620395660400e-01 -1.182778999209403992e-01
4.764623641967773438e-01 -1.507538110017776489e-01
4.765020310878753662e-01 -1.506429612636566162e-01
4.974515140056610107e-01 -4.995799809694290161e-02
4.974621832370758057e-01 4.988611489534378052e-02
-4.456435739994049072e-01 2.257970720529556274e-01
-4.368595480918884277e-01 2.425405979156494141e-01
4.001983404159545898e-01 2.987336218357086182e-01
4.346731007099151611e-01 2.461884617805480957e-01
-3.073604404926300049e-01 3.938002586364746094e-01
-2.945548295974731445e-01 4.032975435256958008e-01
3.153138756752014160e-01 3.879015743732452393e-01
3.029225468635559082e-01 3.970916271209716797e-01
2.795208692550659180e-01 4.144474864006042480e-01
3.601602911949157715e-01 3.462637960910797119e-01
-2.172729372978210449e-01 4.496752023696899414e-01
-2.172421514987945557e-01 4.496897757053375244e-01
-2.174675166606903076e-01 4.495831727981567383e-01
-2.320137768983840942e-01 4.427033066749572754e-01
-2.172729372978210449e-01 4.496752023696899414e-01
-2.026305347681045532e-01 4.566005468368530273e-01
-2.174675166606903076e-01 4.495831727981567383e-01
-2.023779302835464478e-01 4.567200243473052979e-01
-1.604736000299453735e-01 4.729845523834228516e-01
-6.775131076574325562e-02 4.948121309280395508e-01
-8.496903628110885620e-02 4.922581315040588379e-01
-8.489931374788284302e-02 4.922684729099273682e-01
6.232520565390586853e-03 4.996938109397888184e-01
-1.235571969300508499e-02 4.993930160999298096e-01
-1.234096474945545197e-02 4.993937313556671143e-01
7.899112254381179810e-02 4.931448698043823242e-01
6.186437979340553284e-02 4.956853687763214111e-01
6.180715560913085938e-02 4.956938624382019043e-01
1.378637850284576416e-01 4.802933633327484131e-01
2.274810969829559326e-01 4.448471069335937500e-01
2.274534702301025391e-01 4.448601603507995605e-01
2.276776283979415894e-01 4.447541534900665283e-01
2.130334526300430298e-01 4.516803324222564697e-01
2.127878516912460327e-01 4.517965018749237061e-01
2.274810969829559326e-01 4.448471069335937500e-01
2.413705587387084961e-01 4.375608265399932861e-01
2.276776283979415894e-01 4.447541534900665283e-01
2.414316684007644653e-01 4.375241994857788086e-01
2.664669454097747803e-01 4.225186705589294434e-01
2.130334526300430298e-01 4.516803324222564697e-01
-5.000000000000000000e+00 -5.000000000000000000e+00
-4.925000190734863281e+00 -5.000000000000000000e+00
-4.925000190734863281e+00 -5.000000000000000000e+00
-5.000000000000000000e+00 -5.000000000000000000e+00
-4.849999904632568359e+00 -5.000000000000000000e+00
-4.849999904632568359e+00 -5.000000000000000000e+00
-4.775000095367431641e+00 -5.000000000000000000e+00
-4.775000095367431641e+00 -5.000000000000000000e+00
-4.699999809265136719e+00 -5.000000000000000000e+00
-4.699999809265136719e+00 -5.000000000000000000e+00
-4.625000000000000000e+00 -5.000000000000000000e+00
-4.625000000000000000e+00 -5.000000000000000000e+00
-4.550000190734863281e+00 -5.000000000000000000e+00
-4.550000190734863281e+00 -5.000000000000000000e+00
-4.474999904632568359e+00 -5.000000000000000000e+00
-4.474999904632568359e+00 -5.000000000000000000e+00
-4.400000095367431641e+00 -5.000000000000000000e+00
-4.400000095367431641e+00 -5.000000000000000000e+00
-4.324999809265136719e+00 -5.000000000000000000e+00
-4.324999809265136719e+00 -5.000000000000000000e+00
-4.250000000000000000e+00 -5.000000000000000000e+00
-4.250000000000000000e+00 -5.000000000000000000e+00
-4.175000190734863281e+00 -5.000000000000000000e+00
-4.175000190734863281e+00 -5.000000000000000000e+00
-4.099999904632568359e+00 -5.000000000000000000e+00
-4.099999904632568359e+00 -5.000000000000000000e+00
-4.025000095367431641e+00 -5.000000000000000000e+00
-4.025000095367431641e+00 -5.000000000000000000e+00
-3.950000047683715820e+00 -5.000000000000000000e+00
-3.950000047683715820e+00 -5.000000000000000000e+00
-3.875000000000000000e+00 -5.000000000000000000e+00
-3.875000000000000000e+00 -5.000000000000000000e+00
-3.799999952316284180e+00 -5.000000000000000000e+00
-3.799999952316284180e+00 -5.000000000000000000e+00
-3.724999904632568359e+00 -5.000000000000000000e+00
-3.724999904632568359e+00 -5.000000000000000000e+00
-3.650000095367431641e+00 -5.000000000000000000e+00
-3.650000095367431641e+00 -5.000000000000000000e+00
-3.575000047683715820e+00 -5.000000000000000000e+00
-3.575000047683715820e+00 -5.000000000000000000e+00
-3.500000000000000000e+00 -5.000000000000000000e+00
-3.500000000000000000e+00 -5.000000000000000000e+00
-3.424999952316284180e+00 -5.000000000000000000e+00
-3.424999952316284180e+00 -5.000000000000000000e+00
-3.349999904632568359e+00 -5.000000000000000000e+00
-3.349999904632568359e+00 -5.000000000000000000e+00
-3.275000095367431641e+00 -5.000000000000000000e+00
-3.275000095367431641e+00 -5.000000000000000000e+00
-3.200000047683715820e+00 -5.000000000000000000e+00
-3.200000047683715820e+00 -5.000000000000000000e+00
-3.125000000000000000e+00 -5.000000000000000000e+00
-3.125000000000000000e+00 -5.000000000000000000e+00
-3.049999952316284180e+00 -5.000000000000000000e+00
-3.049999952316284180e+00 -5.000000000000000000e+00
-2.974999904632568359e+00 -5.000000000000000000e+00
-2.974999904632568359e+00 -5.000000000000000000e+00
-2.900000095367431641e+00 -5.000000000000000000e+00
-2.900000095367431641e+00 -5.000000000000000000e+00
-2.825000047683715820e+00 -5.000000000000000000e+00
-2.825000047683715820e+00 -5.000000000000000000e+00
-2.750000000000000000e+00 -5.000000000000000000e+00
-2.750000000000000000e+00 -5.000000000000000000e+00
-2.674999952316284180e+00 -5.000000000000000000e+00
-2.674999952316284180e+00 -5.000000000000000000e+00
-2.599999904632568359e+00 -5.000000000000000000e+00
-2.599999904632568359e+00 -5.000000000000000000e+00
-2.525000095367431641e+00 -5.000000000000000000e+00
-2.525000095367431641e+00 -5.000000000000000000e+00
-2.450000047683715820e+00 -5.000000000000000000e+00
-2.450000047683715820e+00 -5.000000000000000000e+00
-2.375000000000000000e+00 -5.000000000000000000e+00
-2.375000000000000000e+00 -5.000000000000000000e+00
-2.299999952316284180e+00 -5.000000000000000000e+00
-2.299999952316284180e+00 -5.000000000000000000e+00
-2.224999904632568359e+00 -5.000000000000000000e+00
-2.224999904632568359e+00 -5.000000000000000000e+00
-2.150000095367431641e+00 -5.000000000000000000e+00
-2.150000095367431641e+00 -5.000000000000000000e+00
-2.075000047683715820e+00 -5.000000000000000000e+00
-2.075000047683715820e+00 -5.000000000000000000e+00
-2.000000000000000000e+00 -5.000000000000000000e+00
-2.000000000000000000e+00 -5.000000000000000000e+00
-1.924999952316284180e+00 -5.000000000000000000e+00
-1.924999952316284180e+00 -5.000000000000000000e+00
-1.850000023841857910e+00 -5.000000000000000000e+00
-1.850000023841857910e+00 -5.000000000000000000e+00
-1.774999976158142090e+00 -5.000000000000000000e+00
-1.774999976158142090e+00 -5.000000000000000000e+00
-1.700000047683715820e+00 -5.000000000000000000e+00
-1.700000047683715820e+00 -5.000000000000000000e+00
-1.625000000000000000e+00 -5.000000000000000000e+00
-1.625000000000000000e+00 -5.000000000000000000e+00
-1.549999952316284180e+00 -5.000000000000000000e+00
-1.549999952316284180e+00 -5.000000000000000000e+00
-1.475000023841857910e+00 -5.000000000000000000e+00
-1.475000023841857910e+00 -5.000000000000000000e+00
-1.399999976158142090e+00 -5.000000000000000000e+00
-1.399999976158142090e+00 -5.000000000000000000e+00
-1.325000047683715820e+00 -5.000000000000000000e+00
-1.325000047683715820e+00 -5.000000000000000000e+00
-1.250000000000000000e+00 -5.000000000000000000e+00
-1.250000000000000000e+00 -5.000000000000000000e+00
-1.174999952316284180e+00 -5.000000000000000000e+00
-1.174999952316284180e+00 -5.000000000000000000e+00
-1.100000023841857910e+00 -5.000000000000000000e+00
-1.100000023841857910e+00 -5.000000000000000000e+00
-1.024999976158142090e+00 -5.000000000000000000e+00
-1.024999976158142090e+00 -5.000000000000000000e+00
-9.499999880790710449e-01 -5.000000000000000000e+00
-9.499999880790710449e-01 -5.000000000000000000e+00
-8.750000000000000000e-01 -5.000000000000000000e+00
-8.750000000000000000e-01 -5.000000000000000000e+00
-8.000000119209289551e-01 -5.000000000000000000e+00
-8.000000119209289551e-01 -5.000000000000000000e+00
-7.250000238418579102e-01 -5.000000000000000000e+00
-7.250000238418579102e-01 -5.000000000000000000e+00
-6.499999761581420898e-01 -5.000000000000000000e+00
-6.499999761581420898e-01 -5.000000000000000000e+00
-5.749999880790710449e-01 -5.000000000000000000e+00
-5.749999880790710449e-01 -5.000000000000000000e+00
-5.000000000000000000e-01 -5.000000000000000000e+00
-5.000000000000000000e-01 -5.000000000000000000e+00
-4.250000119209289551e-01 -5.000000000000000000e+00
-4.250000119209289551e-01 -5.000000000000000000e+00
-3.499999940395355225e-01 -5.000000000000000000e+00
-3.499999940395355225e-01 -5.000000000000000000e+00
-2.750000059604644775e-01 -5.000000000000000000e+00
-2.750000059604644775e-01 -5.000000000000000000e+00
-2.000000029802322388e-01 -5.000000000000000000e+00
-2.000000029802322388e-01 -5.000000000000000000e+00
-1.250000000000000000e-01 -5.000000000000000000e+00
-1.250000000000000000e-01 -5.000000000000000000e+00
-5.000000074505805969e-02 -5.000000000000000000e+00
-5.000000074505805969e-02 -5.000000000000000000e+00
2.500000037252902985e-02 -5.000000000000000000e+00
2.500000037252902985e-02 -5.000000000000000000e+00
1.000000014901161194e-01 -5.000000000000000000e+00
1.000000014901161194e-01 -5.000000000000000000e+00
1.749999970197677612e-01 -5.000000000000000000e+00
1.749999970197677612e-01 -5.000000000000000000e+00
2.500000000000000000e-01 -5.000000000000000000e+00
2.500000000000000000e-01 -5.000000000000000000e+00
3.249999880790710449e-01 -5.000000000000000000e+00
3.249999880790710449e-01 -5.000000000000000000e+00
4.000000059604644775e-01 -5.000000000000000000e+00
4.000000059604644775e-01 -5.000000000000000000e+00
4.749999940395355225e-01 -5.000000000000000000e+00
4.749999940395355225e-01 -5.000000000000000000e+00
5.500000119209289551e-01 -5.000000000000000000e+00
5.500000119209289551e-01 -5.000000000000000000e+00
6.250000000000000000e-01 -5.000000000000000000e+00
6.250000000000000000e-01 -5.000000000000000000e+00
6.999999880790710449e-01 -5.000000000000000000e+00
6.999999880790710449e-01 -5.000000000000000000e+00
7.749999761581420898e-01 -5.000000000000000000e+00
7.749999761581420898e-01 -5.000000000000000000e+00
8.500000238418579102e-01 -5.000000000000000000e+00
8.500000238418579102e-01 -5.000000000000000000e+00
9.250000119209289551e-01 -5.000000000000000000e+00
9.250000119209289551e-01 -5.000000000000000000e+00
1.000000000000000000e+00 -5.000000000000000000e+00
1.000000000000000000e+00 -5.000000000000000000e+00
1.075000047683715820e+00 -5.000000000000000000e+00
1.075000047683715820e+00 -5.000000000000000000e+00
1.149999976158142090e+00 -5.000000000000000000e+00
1.149999976158142090e+00 -5.000000000000000000e+00
1.225000023841857910e+00 -5.000000000000000000e+00
1.225000023841857910e+00 -5.000000000000000000e+00
1.299999952316284180e+00 -5.000000000000000000e+00
1.299999952316284180e+00 -5.000000000000000000e+00
1.375000000000000000e+00 -5.000000000000000000e+00
1.375000000000000000e+00 -5.000000000000000000e+00
1.450000047683715820e+00 -5.000000000000000000e+00
1.450000047683715820e+00 -5.000000000000000000e+00
1.524999976158142090e+00 -5.000000000000000000e+00
1.524999976158142090e+00 -5.000000000000000000e+00
1.600000023841857910e+00 -5.000000000000000000e+00
1.600000023841857910e+00 -5.000000000000000000e+00
1.674999952316284180e+00 -5.000000000000000000e+00
1.674999952316284180e+00 -5.000000000000000000e+00
1.750000000000000000e+00 -5.000000000000000000e+00
1.750000000000000000e+00 -5.000000000000000000e+00
1.825000047683715820e+00 -5.000000000000000000e+00
1.825000047683715820e+00 -5.000000000000000000e+00
1.899999976158142090e+00 -5.000000000000000000e+00
1.899999976158142090e+00 -5.000000000000000000e+00
1.975000023841857910e+00 -5.000000000000000000e+00
1.975000023841857910e+00 -5.000000000000000000e+00
2.049999952316284180e+00 -5.000000000000000000e+00
2.049999952316284180e+00 -5.000000000000000000e+00
2.125000000000000000e+00 -5.000000000000000000e+00
2.125000000000000000e+00 -5.000000000000000000e+00
2.200000047683715820e+00 -5.000000000000000000e+00
2.200000047683715820e+00 -5.000000000000000000e+00
2.275000095367431641e+00 -5.000000000000000000e+00
2.275000095367431641e+00 -5.000000000000000000e+00
2.349999904632568359e+00 -5.000000000000000000e+00
2.349999904632568359e+00 -5.000000000000000000e+00
2.424999952316284180e+00 -5.000000000000000000e+00
2.424999952316284180e+00 -5.000000000000000000e+00
2.500000000000000000e+00 -5.000000000000000000e+00
2.500000000000000000e+00 -5.000000000000000000e+00
2.575000047683715820e+00 -5.000000000000000000e+00
2.575000047683715820e+00 -5.000000000000000000e+00
2.650000095367431641e+00 -5.000000000000000000e+00
2.650000095367431641e+00 -5.000000000000000000e+00
2.724999904632568359e+00 -5.000000000000000000e+00
2.724999904632568359e+00 -5.000000000000000000e+00
2.799999952316284180e+00 -5.000000000000000000e+00
2.799999952316284180e+00 -5.000000000000000000e+00
2.875000000000000000e+00 -5.000000000000000000e+00
2.875000000000000000e+00 -5.000000000000000000e+00
2.950000047683715820e+00 -5.000000000000000000e+00
2.950000047683715820e+00 -5.000000000000000000e+00
3.025000095367431641e+00 -5.000000000000000000e+00
3.025000095367431641e+00 -5.000000000000000000e+00
3.099999904632568359e+00 -5.000000000000000000e+00
3.099999904632568359e+00 -5.000000000000000000e+00
3.174999952316284180e+00 -5.000000000000000000e+00
3.174999952316284180e+00 -5.000000000000000000e+00
3.250000000000000000e+00 -5.000000000000000000e+00
3.250000000000000000e+00 -5.000000000000000000e+00
3.325000047683715820e+00 -5.000000000000000000e+00
3.325000047683715820e+00 -5.000000000000000000e+00
3.400000095367431641e+00 -5.000000000000000000e+00
3.400000095367431641e+00 -5.000000000000000000e+00
3.474999904632568359e+00 -5.000000000000000000e+00
3.474999904632568359e+00 -5.000000000000000000e+00
3.549999952316284180e+00 -5.000000000000000000e+00
3.549999952316284180e+00 -5.000000000000000000e+00
3.625000000000000000e+00 -5.000000000000000000e+00
3.625000000000000000e+00 -5.000000000000000000e+00
3.700000047683715820e+00 -5.000000000000000000e+00
3.700000047683715820e+00 -5.000000000000000000e+00
3.775000095367431641e+00 -5.000000000000000000e+00
3.775000095367431641e+00 -5.000000000000000000e+00
3.849999904632568359e+00 -5.000000000000000000e+00
3.849999904632568359e+00 -5.000000000000000000e+00
3.924999952316284180e+00 -5.000000000000000000e+00
3.924999952316284180e+00 -5.000000000000000000e+00
4.000000000000000000e+00 -5.000000000000000000e+00
4.000000000000000000e+00 -5.000000000000000000e+00
4.074999809265136719e+00 -5.000000000000000000e+00
4.074999809265136719e+00 -5.000000000000000000e+00
4.150000095367431641e+00 -5.000000000000000000e+00
4.150000095367431641e+00 -5.000000000000000000e+00
4.224999904632568359e+00 -5.000000000000000000e+00
4.224999904632568359e+00 -5.000000000000000000e+00
4.300000190734863281e+00 -5.000000000000000000e+00
4.300000190734863281e+00 -5.000000000000000000e+00
4.375000000000000000e+00 -5.000000000000000000e+00
4.375000000000000000e+00 -5.000000000000000000e+00
4.449999809265136719e+00 -5.000000000000000000e+00
4.449999809265136719e+00 -5.000000000000000000e+00
4.525000095367431641e+00 -5.000000000000000000e+00
4.525000095367431641e+00 -5.000000000000000000e+00
4.599999904632568359e+00 -5.000000000000000000e+00
4.599999904632568359e+00 -5.000000000000000000e+00
4.675000190734863281e+00 -5.000000000000000000e+00
4.675000190734863281e+00 -5.000000000000000000e+00
4.750000000000000000e+00 -5.000000000000000000e+00
4.750000000000000000e+00 -5.000000000000000000e+00
4.824999809265136719e+00 -5.000000000000000000e+00
4.824999809265136719e+00 -5.000000000000000000e+00
4.900000095367431641e+00 -5.000000000000000000e+00
4.900000095367431641e+00 -5.000000000000000000e+00
4.974999904632568359e+00 -5.000000000000000000e+00
4.974999904632568359e+00 -5.000000000000000000e+00
5.050000190734863281e+00 -5.000000000000000000e+00
5.050000190734863281e+00 -5.000000000000000000e+00
5.125000000000000000e+00 -5.000000000000000000e+00
5.125000000000000000e+00 -5.000000000000000000e+00
5.199999809265136719e+00 -5.000000000000000000e+00
5.199999809265136719e+00 -5.000000000000000000e+00
5.275000095367431641e+00 -5.000000000000000000e+00
5.275000095367431641e+00 -5.000000000000000000e+00
5.349999904632568359e+00 -5.000000000000000000e+00
5.349999904632568359e+00 -5.000000000000000000e+00
5.425000190734863281e+00 -5.000000000000000000e+00
5.425000190734863281e+00 -5.000000000000000000e+00
5.500000000000000000e+00 -5.000000000000000000e+00
5.500000000000000000e+00 -5.000000000000000000e+00
5.574999809265136719e+00 -5.000000000000000000e+00
5.574999809265136719e+00 -5.000000000000000000e+00
5.650000095367431641e+00 -5.000000000000000000e+00
5.650000095367431641e+00 -5.000000000000000000e+00
5.724999904632568359e+00 -5.000000000000000000e+00
5.724999904632568359e+00 -5.000000000000000000e+00
5.800000190734863281e+00 -5.000000000000000000e+00
5.800000190734863281e+00 -5.000000000000000000e+00
5.875000000000000000e+00 -5.000000000000000000e+00
5.875000000000000000e+00 -5.000000000000000000e+00
5.949999809265136719e+00 -5.000000000000000000e+00
5.949999809265136719e+00 -5.000000000000000000e+00
6.025000095367431641e+00 -5.000000000000000000e+00
6.025000095367431641e+00 -5.000000000000000000e+00
6.099999904632568359e+00 -5.000000000000000000e+00
6.099999904632568359e+00 -5.000000000000000000e+00
6.175000190734863281e+00 -5.000000000000000000e+00
6.175000190734863281e+00 -5.000000000000000000e+00
6.250000000000000000e+00 -5.000000000000000000e+00
6.250000000000000000e+00 -5.000000000000000000e+00
6.324999809265136719e+00 -5.000000000000000000e+00
6.324999809265136719e+00 -5.000000000000000000e+00
6.400000095367431641e+00 -5.000000000000000000e+00
6.400000095367431641e+00 -5.000000000000000000e+00
6.474999904632568359e+00 -5.000000000000000000e+00
6.474999904632568359e+00 -5.000000000000000000e+00
6.550000190734863281e+00 -5.000000000000000000e+00
6.550000190734863281e+00 -5.000000000000000000e+00
6.625000000000000000e+00 -5.000000000000000000e+00
6.625000000000000000e+00 -5.000000000000000000e+00
6.699999809265136719e+00 -5.000000000000000000e+00
6.699999809265136719e+00 -5.000000000000000000e+00
6.775000095367431641e+00 -5.000000000000000000e+00
6.775000095367431641e+00 -5.000000000000000000e+00
6.849999904632568359e+00 -5.000000000000000000e+00
6.849999904632568359e+00 -5.000000000000000000e+00
6.925000190734863281e+00 -5.000000000000000000e+00
6.925000190734863281e+00 -5.000000000000000000e+00
7.000000000000000000e+00 -5.000000000000000000e+00
7.000000000000000000e+00 -5.000000000000000000e+00
7.074999809265136719e+00 -5.000000000000000000e+00
7.074999809265136719e+00 -5.000000000000000000e+00
7.150000095367431641e+00 -5.000000000000000000e+00
7.150000095367431641e+00 -5.000000000000000000e+00
7.224999904632568359e+00 -5.000000000000000000e+00
7.224999904632568359e+00 -5.000000000000000000e+00
7.300000190734863281e+00 -5.000000000000000000e+00
7.300000190734863281e+00 -5.000000000000000000e+00
7.375000000000000000e+00 -5.000000000000000000e+00
7.375000000000000000e+00 -5.000000000000000000e+00
7.449999809265136719e+00 -5.000000000000000000e+00
7.449999809265136719e+00 -5.000000000000000000e+00
7.525000095367431641e+00 -5.000000000000000000e+00
7.525000095367431641e+00 -5.000000000000000000e+00
7.599999904632568359e+00 -5.000000000000000000e+00
7.599999904632568359e+00 -5.000000000000000000e+00
7.675000190734863281e+00 -5.000000000000000000e+00
7.675000190734863281e+00 -5.000000000000000000e+00
7.750000000000000000e+00 -5.000000000000000000e+00
7.750000000000000000e+00 -5.000000000000000000e+00
7.824999809265136719e+00 -5.000000000000000000e+00
7.824999809265136719e+00 -5.000000000000000000e+00
7.900000095367431641e+00 -5.000000000000000000e+00
7.900000095367431641e+00 -5.000000000000000000e+00
7.974999904632568359e+00 -5.000000000000000000e+00
7.974999904632568359e+00 -5.000000000000000000e+00
8.050000190734863281e+00 -5.000000000000000000e+00
8.050000190734863281e+00 -5.000000000000000000e+00
8.125000000000000000e+00 -5.000000000000000000e+00
8.125000000000000000e+00 -5.000000000000000000e+00
8.199999809265136719e+00 -5.000000000000000000e+00
8.199999809265136719e+00 -5.000000000000000000e+00
8.274999618530273438e+00 -5.000000000000000000e+00
8.274999618530273438e+00 -5.000000000000000000e+00
8.350000381469726562e+00 -5.000000000000000000e+00
8.350000381469726562e+00 -5.000000000000000000e+00
8.425000190734863281e+00 -5.000000000000000000e+00
8.425000190734863281e+00 -5.000000000000000000e+00
8.500000000000000000e+00 -5.000000000000000000e+00
8.500000000000000000e+00 -5.000000000000000000e+00
8.574999809265136719e+00 -5.000000000000000000e+00
8.574999809265136719e+00 -5.000000000000000000e+00
8.649999618530273438e+00 -5.000000000000000000e+00
8.649999618530273438e+00 -5.000000000000000000e+00
8.725000381469726562e+00 -5.000000000000000000e+00
8.725000381469726562e+00 -5.000000000000000000e+00
8.800000190734863281e+00 -5.000000000000000000e+00
8.800000190734863281e+00 -5.000000000000000000e+00
8.875000000000000000e+00 -5.000000000000000000e+00
8.875000000000000000e+00 -5.000000000000000000e+00
8.949999809265136719e+00 -5.000000000000000000e+00
8.949999809265136719e+00 -5.000000000000000000e+00
9.024999618530273438e+00 -5.000000000000000000e+00
9.024999618530273438e+00 -5.000000000000000000e+00
9.100000381469726562e+00 -5.000000000000000000e+00
9.100000381469726562e+00 -5.000000000000000000e+00
9.175000190734863281e+00 -5.000000000000000000e+00
9.175000190734863281e+00 -5.000000000000000000e+00
9.250000000000000000e+00 -5.000000000000000000e+00
9.250000000000000000e+00 -5.000000000000000000e+00
9.324999809265136719e+00 -5.000000000000000000e+00
9.324999809265136719e+00 -5.000000000000000000e+00
9.399999618530273438e+00 -5.000000000000000000e+00
9.399999618530273438e+00 -5.000000000000000000e+00
9.475000381469726562e+00 -5.000000000000000000e+00
9.475000381469726562e+00 -5.000000000000000000e+00
9.550000190734863281e+00 -5.000000000000000000e+00
9.550000190734863281e+00 -5.000000000000000000e+00
9.625000000000000000e+00 -5.000000000000000000e+00
9.625000000000000000e+00 -5.000000000000000000e+00
9.699999809265136719e+00 -5.000000000000000000e+00
9.699999809265136719e+00 -5.000000000000000000e+00
9.774999618530273438e+00 -5.000000000000000000e+00
9.774999618530273438e+00 -5.000000000000000000e+00
9.850000381469726562e+00 -5.000000000000000000e+00
9.850000381469726562e+00 -5.000000000000000000e+00
9.925000190734863281e+00 -5.000000000000000000e+00
9.925000190734863281e+00 -5.000000000000000000e+00
1.000000000000000000e+01 -5.000000000000000000e+00
1.000000000000000000e+01 -5.000000000000000000e+00
-5.000000000000000000e+00 -5.000000000000000000e+00
-4.925000190734863281e+00 -5.000000000000000000e+00
-4.925000190734863281e+00 -5.000000000000000000e+00
-5.000000000000000000e+00 -5.000000000000000000e+00
-4.849999904632568359e+00 -5.000000000000000000e+00
-4.849999904632568359e+00 -5.000000000000000000e+00
-4.775000095367431641e+00 -5.000000000000000000e+00
-4.775000095367431641e+00 -5.000000000000000000e+00
-4.699999809265136719e+00 -5.000000000000000000e+00
-4.699999809265136719e+00 -5.000000000000000000e+00
-4.625000000000000000e+00 -5.000000000000000000e+00
-4.625000000000000000e+00 -5.000000000000000000e+00
-4.550000190734863281e+00 -5.000000000000000000e+00
-4.550000190734863281e+00 -5.000000000000000000e+00
-4.474999904632568359e+00 -5.000000000000000000e+00
-4.474999904632568359e+00 -5.000000000000000000e+00
-4.400000095367431641e+00 -5.000000000000000000e+00
-4.400000095367431641e+00 -5.000000000000000000e+00
-4.324999809265136719e+00 -5.000000000000000000e+00
-4.324999809265136719e+00 -5.000000000000000000e+00
-4.250000000000000000e+00 -5.000000000000000000e+00
-4.250000000000000000e+00 -5.000000000000000000e+00
-4.175000190734863281e+00 -5.000000000000000000e+00
-4.175000190734863281e+00 -5.000000000000000000e+00
-4.099999904632568359e+00 -5.000000000000000000e+00
-4.099999904632568359e+00 -5.000000000000000000e+00
-4.025000095367431641e+00 -5.000000000000000000e+00
-4.025000095367431641e+00 -5.000000000000000000e+00
-3.950000047683715820e+00 -5.000000000000000000e+00
-3.950000047683715820e+00 -5.000000000000000000e+00
-3.875000000000000000e+00 -5.000000000000000000e+00
-3.875000000000000000e+00 -5.000000000000000000e+00
-3.799999952316284180e+00 -5.000000000000000000e+00
-3.799999952316284180e+00 -5.000000000000000000e+00
-3.724999904632568359e+00 -5.000000000000000000e+00
-3.724999904632568359e+00 -5.000000000000000000e+00
-3.650000095367431641e+00 -5.000000000000000000e+00
-3.650000095367431641e+00 -5.000000000000000000e+00
-3.575000047683715820e+00 -5.000000000000000000e+00
-3.575000047683715820e+00 -5.000000000000000000e+00
-3.500000000000000000e+00 -5.000000000000000000e+00
-3.500000000000000000e+00 -5.000000000000000000e+00
-3.424999952316284180e+00 -5.000000000000000000e+00
-3.424999952316284180e+00 -5.000000000000000000e+00
-3.349999904632568359e+00 -5.000000000000000000e+00
-3.349999904632568359e+00 -5.000000000000000000e+00
-3.275000095367431641e+00 -5.000000000000000000e+00
-3.275000095367431641e+00 -5.000000000000000000e+00
-3.200000047683715820e+00 -5.000000000000000000e+00
-3.200000047683715820e+00 -5.000000000000000000e+00
-3.125000000000000000e+00 -5.000000000000000000e+00
-3.125000000000000000e+00 -5.000000000000000000e+00
-3.049999952316284180e+00 -5.000000000000000000e+00
-3.049999952316284180e+00 -5.000000000000000000e+00
-2.974999904632568359e+00 -5.000000000000000000e+00
-2.974999904632568359e+00 -5.000000000000000000e+00
-2.900000095367431641e+00 -5.000000000000000000e+00
-2.900000095367431641e+00 -5.000000000000000000e+00
-2.825000047683715820e+00 -5.000000000000000000e+00
-2.825000047683715820e+00 -5.000000000000000000e+00
-2.750000000000000000e+00 -5.000000000000000000e+00
-2.750000000000000000e+00 -5.000000000000000000e+00
-2.674999952316284180e+00 -5.000000000000000000e+00
-2.674999952316284180e+00 -5.000000000000000000e+00
-2.599999904632568359e+00 -5.000000000000000000e+00
-2.599999904632568359e+00 -5.000000000000000000e+00
-2.525000095367431641e+00 -5.000000000000000000e+00
-2.525000095367431641e+00 -5.000000000000000000e+00
-2.450000047683715820e+00 -5.000000000000000000e+00
-2.450000047683715820e+00 -5.000000000000000000e+00
-2.375000000000000000e+00 -5.000000000000000000e+00
-2.375000000000000000e+00 -5.000000000000000000e+00
-2.299999952316284180e+00 -5.000000000000000000e+00
-2.299999952316284180e+00 -5.000000000000000000e+00
-2.224999904632568359e+00 -5.000000000000000000e+00
-2.224999904632568359e+00 -5.000000000000000000e+00
-2.150000095367431641e+00 -5.000000000000000000e+00
-2.150000095367431641e+00 -5.000000000000000000e+00
-2.075000047683715820e+00 -5.000000000000000000e+00
-2.075000047683715820e+00 -5.000000000000000000e+00
-2.000000000000000000e+00 -5.000000000000000000e+00
-2.000000000000000000e+00 -5.000000000000000000e+00
-1.924999952316284180e+00 -5.000000000000000000e+00
-1.924999952316284180e+00 -5.000000000000000000e+00
-1.850000023841857910e+00 -5.000000000000000000e+00
-1.850000023841857910e+00 -5.000000000000000000e+00
-1.774999976158142090e+00 -5.000000000000000000e+00
-1.774999976158142090e+00 -5.000000000000000000e+00
-1.700000047683715820e+00 -5.000000000000000000e+00
-1.700000047683715820e+00 -5.000000000000000000e+00
-1.625000000000000000e+00 -5.000000000000000000e+00
-1.625000000000000000e+00 -5.000000000000000000e+00
-1.549999952316284180e+00 -5.000000000000000000e+00
-1.549999952316284180e+00 -5.000000000000000000e+00
-1.475000023841857910e+00 -5.000000000000000000e+00
-1.475000023841857910e+00 -5.000000000000000000e+00
-1.399999976158142090e+00 -5.000000000000000000e+00
-1.399999976158142090e+00 -5.000000000000000000e+00
-1.325000047683715820e+00 -5.000000000000000000e+00
-1.325000047683715820e+00 -5.000000000000000000e+00
-1.250000000000000000e+00 -5.000000000000000000e+00
-1.250000000000000000e+00 -5.000000000000000000e+00
-1.174999952316284180e+00 -5.000000000000000000e+00
-1.174999952316284180e+00 -5.000000000000000000e+00
-1.100000023841857910e+00 -5.000000000000000000e+00
-1.100000023841857910e+00 -5.000000000000000000e+00
-1.024999976158142090e+00 -5.000000000000000000e+00
-1.024999976158142090e+00 -5.000000000000000000e+00
-9.499999880790710449e-01 -5.000000000000000000e+00
-9.499999880790710449e-01 -5.000000000000000000e+00
-8.750000000000000000e-01 -5.000000000000000000e+00
-8.750000000000000000e-01 -5.000000000000000000e+00
-8.000000119209289551e-01 -5.000000000000000000e+00
-8.000000119209289551e-01 -5.000000000000000000e+00
-7.250000238418579102e-01 -5.000000000000000000e+00
-7.250000238418579102e-01 -5.000000000000000000e+00
-6.499999761581420898e-01 -5.000000000000000000e+00
-6.499999761581420898e-01 -5.000000000000000000e+00
-5.749999880790710449e-01 -5.000000000000000000e+00
-5.749999880790710449e-01 -5.000000000000000000e+00
-5.000000000000000000e-01 -5.000000000000000000e+00
-5.000000000000000000e-01 -5.000000000000000000e+00
-4.250000119209289551e-01 -5.000000000000000000e+00
-4.250000119209289551e-01 -5.000000000000000000e+00
-3.499999940395355225e-01 -5.000000000000000000e+00
-3.499999940395355225e-01 -5.000000000000000000e+00
-2.750000059604644775e-01 -5.000000000000000000e+00
-2.750000059604644775e-01 -5.000000000000000000e+00
-2.000000029802322388e-01 -5.000000000000000000e+00
-2.000000029802322388e-01 -5.000000000000000000e+00
-1.250000000000000000e-01 -5.000000000000000000e+00
-1.250000000000000000e-01 -5.000000000000000000e+00
-5.000000074505805969e-02 -5.000000000000000000e+00
-5.000000074505805969e-02 -5.000000000000000000e+00
2.500000037252902985e-02 -5.000000000000000000e+00
2.500000037252902985e-02 -5.000000000000000000e+00
1.000000014901161194e-01 -5.000000000000000000e+00
1.000000014901161194e-01 -5.000000000000000000e+00
1.749999970197677612e-01 -5.000000000000000000e+00
1.749999970197677612e-01 -5.000000000000000000e+00
2.500000000000000000e-01 -5.000000000000000000e+00
2.500000000000000000e-01 -5.000000000000000000e+00
3.249999880790710449e-01 -5.000000000000000000e+00
3.249999880790710449e-01 -5.000000000000000000e+00
4.000000059604644775e-01 -5.000000000000000000e+00
4.000000059604644775e-01 -5.000000000000000000e+00
4.749999940395355225e-01 -5.000000000000000000e+00
4.749999940395355225e-01 -5.000000000000000000e+00
5.500000119209289551e-01 -5.000000000000000000e+00
5.500000119209289551e-01 -5.000000000000000000e+00
6.250000000000000000e-01 -5.000000000000000000e+00
6.250000000000000000e-01 -5.000000000000000000e+00
6.999999880790710449e-01 -5.000000000000000000e+00
6.999999880790710449e-01 -5.000000000000000000e+00
7.749999761581420898e-01 -5.000000000000000000e+00
7.749999761581420898e-01 -5.000000000000000000e+00
8.500000238418579102e-01 -5.000000000000000000e+00
8.500000238418579102e-01 -5.000000000000000000e+00
9.250000119209289551e-01 -5.000000000000000000e+00
9.250000119209289551e-01 -5.000000000000000000e+00
1.000000000000000000e+00 -5.000000000000000000e+00
1.000000000000000000e+00 -5.000000000000000000e+00
1.075000047683715820e+00 -5.000000000000000000e+00
1.075000047683715820e+00 -5.000000000000000000e+00
1.149999976158142090e+00 -5.000000000000000000e+00
1.149999976158142090e+00 -5.000000000000000000e+00
1.225000023841857910e+00 -5.000000000000000000e+00
1.225000023841857910e+00 -5.000000000000000000e+00
1.299999952316284180e+00 -5.000000000000000000e+00
1.299999952316284180e+00 -5.000000000000000000e+00
1.375000000000000000e+00 -5.000000000000000000e+00
1.375000000000000000e+00 -5.000000000000000000e+00
1.450000047683715820e+00 -5.000000000000000000e+00
1.450000047683715820e+00 -5.000000000000000000e+00
1.524999976158142090e+00 -5.000000000000000000e+00
1.524999976158142090e+00 -5.000000000000000000e+00
1.600000023841857910e+00 -5.000000000000000000e+00
1.600000023841857910e+00 -5.000000000000000000e+00
1.674999952316284180e+00 -5.000000000000000000e+00
1.674999952316284180e+00 -5.000000000000000000e+00
1.750000000000000000e+00 -5.000000000000000000e+00
1.750000000000000000e+00 -5.000000000000000000e+00
1.825000047683715820e+00 -5.000000000000000000e+00
1.825000047683715820e+00 -5.000000000000000000e+00
1.899999976158142090e+00 -5.000000000000000000e+00
1.899999976158142090e+00 -5.000000000000000000e+00
1.975000023841857910e+00 -5.000000000000000000e+00
1.975000023841857910e+00 -5.000000000000000000e+00
2.049999952316284180e+00 -5.000000000000000000e+00
2.049999952316284180e+00 -5.000000000000000000e+00
2.125000000000000000e+00 -5.000000000000000000e+00
2.125000000000000000e+00 -5.000000000000000000e+00
2.200000047683715820e+00 -5.000000000000000000e+00
2.200000047683715820e+00 -5.000000000000000000e+00
2.275000095367431641e+00 -5.000000000000000000e+00
2.275000095367431641e+00 -5.000000000000000000e+00
2.349999904632568359e+00 -5.000000000000000000e+00
2.349999904632568359e+00 -5.000000000000000000e+00
2.424999952316284180e+00 -5.000000000000000000e+00
2.424999952316284180e+00 -5.000000000000000000e+00
2.500000000000000000e+00 -5.000000000000000000e+00
2.500000000000000000e+00 -5.000000000000000000e+00
2.575000047683715820e+00 -5.000000000000000000e+00
2.575000047683715820e+00 -5.000000000000000000e+00
2.650000095367431641e+00 -5.000000000000000000e+00
2.650000095367431641e+00 -5.000000000000000000e+00
2.724999904632568359e+00 -5.000000000000000000e+00
2.724999904632568359e+00 -5.000000000000000000e+00
2.799999952316284180e+00 -5.000000000000000000e+00
2.799999952316284180e+00 -5.000000000000000000e+00
2.875000000000000000e+00 -5.000000000000000000e+00
2.875000000000000000e+00 -5.000000000000000000e+00
2.950000047683715820e+00 -5.000000000000000000e+00
2.950000047683715820e+00 -5.000000000000000000e+00
3.025000095367431641e+00 -5.000000000000000000e+00
3.025000095367431641e+00 -5.000000000000000000e+00
3.099999904632568359e+00 -5.000000000000000000e+00
3.099999904632568359e+00 -5.000000000000000000e+00
3.174999952316284180e+00 -5.000000000000000000e+00
3.174999952316284180e+00 -5.000000000000000000e+00
3.250000000000000000e+00 -5.000000000000000000e+00
3.250000000000000000e+00 -5.000000000000000000e+00
3.325000047683715820e+00 -5.000000000000000000e+00
3.325000047683715820e+00 -5.000000000000000000e+00
3.400000095367431641e+00 -5.000000000000000000e+00
3.400000095367431641e+00 -5.000000000000000000e+00
3.474999904632568359e+00 -5.000000000000000000e+00
3.474999904632568359e+00 -5.000000000000000000e+00
3.549999952316284180e+00 -5.000000000000000000e+00
3.549999952316284180e+00 -5.000000000000000000e+00
3.625000000000000000e+00 -5.000000000000000000e+00
3.625000000000000000e+00 -5.000000000000000000e+00
3.700000047683715820e+00 -5.000000000000000000e+00
3.700000047683715820e+00 -5.000000000000000000e+00
3.775000095367431641e+00 -5.000000000000000000e+00
3.775000095367431641e+00 -5.000000000000000000e+00
3.849999904632568359e+00 -5.000000000000000000e+00
3.849999904632568359e+00 -5.000000000000000000e+00
3.924999952316284180e+00 -5.000000000000000000e+00
3.924999952316284180e+00 -5.000000000000000000e+00
4.000000000000000000e+00 -5.000000000000000000e+00
4.000000000000000000e+00 -5.000000000000000000e+00
4.074999809265136719e+00 -5.000000000000000000e+00
4.074999809265136719e+00 -5.000000000000000000e+00
4.150000095367431641e+00 -5.000000000000000000e+00
4.150000095367431641e+00 -5.000000000000000000e+00
4.224999904632568359e+00 -5.000000000000000000e+00
4.224999904632568359e+00 -5.000000000000000000e+00
4.300000190734863281e+00 -5.000000000000000000e+00
4.300000190734863281e+00 -5.000000000000000000e+00
4.375000000000000000e+00 -5.000000000000000000e+00
4.375000000000000000e+00 -5.000000000000000000e+00
4.449999809265136719e+00 -5.000000000000000000e+00
4.449999809265136719e+00 -5.000000000000000000e+00
4.525000095367431641e+00 -5.000000000000000000e+00
4.525000095367431641e+00 -5.000000000000000000e+00
4.599999904632568359e+00 -5.000000000000000000e+00
4.599999904632568359e+00 -5.000000000000000000e+00
4.675000190734863281e+00 -5.000000000000000000e+00
4.675000190734863281e+00 -5.000000000000000000e+00
4.750000000000000000e+00 -5.000000000000000000e+00
4.750000000000000000e+00 -5.000000000000000000e+00
4.824999809265136719e+00 -5.000000000000000000e+00
4.824999809265136719e+00 -5.000000000000000000e+00
4.900000095367431641e+00 -5.000000000000000000e+00
4.900000095367431641e+00 -5.000000000000000000e+00
4.974999904632568359e+00 -5.000000000000000000e+00
4.974999904632568359e+00 -5.000000000000000000e+00
5.050000190734863281e+00 -5.000000000000000000e+00
5.050000190734863281e+00 -5.000000000000000000e+00
5.125000000000000000e+00 -5.000000000000000000e+00
5.125000000000000000e+00 -5.000000000000000000e+00
5.199999809265136719e+00 -5.000000000000000000e+00
5.199999809265136719e+00 -5.000000000000000000e+00
5.275000095367431641e+00 -5.000000000000000000e+00
5.275000095367431641e+00 -5.000000000000000000e+00
5.349999904632568359e+00 -5.000000000000000000e+00
5.349999904632568359e+00 -5.000000000000000000e+00
5.425000190734863281e+00 -5.000000000000000000e+00
5.425000190734863281e+00 -5.000000000000000000e+00
5.500000000000000000e+00 -5.000000000000000000e+00
5.500000000000000000e+00 -5.000000000000000000e+00
5.574999809265136719e+00 -5.000000000000000000e+00
5.574999809265136719e+00 -5.000000000000000000e+00
5.650000095367431641e+00 -5.000000000000000000e+00
5.650000095367431641e+00 -5.000000000000000000e+00
5.724999904632568359e+00 -5.000000000000000000e+00
5.724999904632568359e+00 -5.000000000000000000e+00
5.800000190734863281e+00 -5.000000000000000000e+00
5.800000190734863281e+00 -5.000000000000000000e+00
5.875000000000000000e+00 -5.000000000000000000e+00
5.875000000000000000e+00 -5.000000000000000000e+00
5.949999809265136719e+00 -5.000000000000000000e+00
5.949999809265136719e+00 -5.000000000000000000e+00
6.025000095367431641e+00 -5.000000000000000000e+00
6.025000095367431641e+00 -5.000000000000000000e+00
6.099999904632568359e+00 -5.000000000000000000e+00
6.099999904632568359e+00 -5.000000000000000000e+00
6.175000190734863281e+00 -5.000000000000000000e+00
6.175000190734863281e+00 -5.000000000000000000e+00
6.250000000000000000e+00 -5.000000000000000000e+00
6.250000000000000000e+00 -5.000000000000000000e+00
6.324999809265136719e+00 -5.000000000000000000e+00
6.324999809265136719e+00 -5.000000000000000000e+00
6.400000095367431641e+00 -5.000000000000000000e+00
6.400000095367431641e+00 -5.000000000000000000e+00
6.474999904632568359e+00 -5.000000000000000000e+00
6.474999904632568359e+00 -5.000000000000000000e+00
6.550000190734863281e+00 -5.000000000000000000e+00
6.550000190734863281e+00 -5.000000000000000000e+00
6.625000000000000000e+00 -5.000000000000000000e+00
6.625000000000000000e+00 -5.000000000000000000e+00
6.699999809265136719e+00 -5.000000000000000000e+00
6.699999809265136719e+00 -5.000000000000000000e+00
6.775000095367431641e+00 -5.000000000000000000e+00
6.775000095367431641e+00 -5.000000000000000000e+00
6.849999904632568359e+00 -5.000000000000000000e+00
6.849999904632568359e+00 -5.000000000000000000e+00
6.925000190734863281e+00 -5.000000000000000000e+00
6.925000190734863281e+00 -5.000000000000000000e+00
7.000000000000000000e+00 -5.000000000000000000e+00
7.000000000000000000e+00 -5.000000000000000000e+00
7.074999809265136719e+00 -5.000000000000000000e+00
7.074999809265136719e+00 -5.000000000000000000e+00
7.150000095367431641e+00 -5.000000000000000000e+00
7.150000095367431641e+00 -5.000000000000000000e+00
7.224999904632568359e+00 -5.000000000000000000e+00
7.224999904632568359e+00 -5.000000000000000000e+00
7.300000190734863281e+00 -5.000000000000000000e+00
7.300000190734863281e+00 -5.000000000000000000e+00
7.375000000000000000e+00 -5.000000000000000000e+00
7.375000000000000000e+00 -5.000000000000000000e+00
7.449999809265136719e+00 -5.000000000000000000e+00
7.449999809265136719e+00 -5.000000000000000000e+00
7.525000095367431641e+00 -5.000000000000000000e+00
7.525000095367431641e+00 -5.000000000000000000e+00
7.599999904632568359e+00 -5.000000000000000000e+00
7.599999904632568359e+00 -5.000000000000000000e+00
7.675000190734863281e+00 -5.000000000000000000e+00
7.675000190734863281e+00 -5.000000000000000000e+00
7.750000000000000000e+00 -5.000000000000000000e+00
7.750000000000000000e+00 -5.000000000000000000e+00
7.824999809265136719e+00 -5.000000000000000000e+00
7.824999809265136719e+00 -5.000000000000000000e+00
7.900000095367431641e+00 -5.000000000000000000e+00
7.900000095367431641e+00 -5.000000000000000000e+00
7.974999904632568359e+00 -5.000000000000000000e+00
7.974999904632568359e+00 -5.000000000000000000e+00
8.050000190734863281e+00 -5.000000000000000000e+00
8.050000190734863281e+00 -5.000000000000000000e+00
8.125000000000000000e+00 -5.000000000000000000e+00
8.125000000000000000e+00 -5.000000000000000000e+00
8.199999809265136719e+00 -5.000000000000000000e+00
8.199999809265136719e+00 -5.000000000000000000e+00
8.274999618530273438e+00 -5.000000000000000000e+00
8.274999618530273438e+00 -5.000000000000000000e+00
8.350000381469726562e+00 -5.000000000000000000e+00
8.350000381469726562e+00 -5.000000000000000000e+00
8.425000190734863281e+00 -5.000000000000000000e+00
8.425000190734863281e+00 -5.000000000000000000e+00
8.500000000000000000e+00 -5.000000000000000000e+00
8.500000000000000000e+00 -5.000000000000000000e+00
8.574999809265136719e+00 -5.000000000000000000e+00
8.574999809265136719e+00 -5.000000000000000000e+00
8.649999618530273438e+00 -5.000000000000000000e+00
8.649999618530273438e+00 -5.000000000000000000e+00
8.725000381469726562e+00 -5.000000000000000000e+00
8.725000381469726562e+00 -5.000000000000000000e+00
8.800000190734863281e+00 -5.000000000000000000e+00
8.800000190734863281e+00 -5.000000000000000000e+00
8.875000000000000000e+00 -5.000000000000000000e+00
8.875000000000000000e+00 -5.000000000000000000e+00
8.949999809265136719e+00 -5.000000000000000000e+00
8.949999809265136719e+00 -5.000000000000000000e+00
9.024999618530273438e+00 -5.000000000000000000e+00
9.024999618530273438e+00 -5.000000000000000000e+00
9.100000381469726562e+00 -5.000000000000000000e+00
9.100000381469726562e+00 -5.000000000000000000e+00
9.175000190734863281e+00 -5.000000000000000000e+00
9.175000190734863281e+00 -5.000000000000000000e+00
9.250000000000000000e+00 -5.000000000000000000e+00
9.250000000000000000e+00 -5.000000000000000000e+00
9.324999809265136719e+00 -5.000000000000000000e+00
9.324999809265136719e+00 -5.000000000000000000e+00
9.399999618530273438e+00 -5.000000000000000000e+00
9.399999618530273438e+00 -5.000000000000000000e+00
9.475000381469726562e+00 -5.000000000000000000e+00
9.475000381469726562e+00 -5.000000000000000000e+00
9.550000190734863281e+00 -5.000000000000000000e+00
9.550000190734863281e+00 -5.000000000000000000e+00
9.625000000000000000e+00 -5.000000000000000000e+00
9.625000000000000000e+00 -5.000000000000000000e+00
9.699999809265136719e+00 -5.000000000000000000e+00
9.699999809265136719e+00 -5.000000000000000000e+00
9.774999618530273438e+00 -5.000000000000000000e+00
9.774999618530273438e+00 -5.000000000000000000e+00
9.850000381469726562e+00 -5.000000000000000000e+00
9.850000381469726562e+00 -5.000000000000000000e+00
9.925000190734863281e+00 -5.000000000000000000e+00
9.925000190734863281e+00 -5.000000000000000000e+00
1.000000000000000000e+01 -5.000000000000000000e+00
1.000000000000000000e+01 -5.000000000000000000e+00
-5.000000000000000000e+00 -5.000000000000000000e+00
-4.925000190734863281e+00 -5.000000000000000000e+00
-4.925000190734863281e+00 -5.000000000000000000e+00
-5.000000000000000000e+00 -5.000000000000000000e+00
-4.849999904632568359e+00 -5.000000000000000000e+00
-4.849999904632568359e+00 -5.000000000000000000e+00
-4.775000095367431641e+00 -5.000000000000000000e+00
-4.775000095367431641e+00 -5.000000000000000000e+00
-4.699999809265136719e+00 -5.000000000000000000e+00
-4.699999809265136719e+00 -5.000000000000000000e+00
-4.625000000000000000e+00 -5.000000000000000000e+00
-4.625000000000000000e+00 -5.000000000000000000e+00
-4.550000190734863281e+00 -5.000000000000000000e+00
-4.550000190734863281e+00 -5.000000000000000000e+00
-4.474999904632568359e+00 -5.000000000000000000e+00
-4.474999904632568359e+00 -5.000000000000000000e+00
-4.400000095367431641e+00 -5.000000000000000000e+00
-4.400000095367431641e+00 -5.000000000000000000e+00
-4.324999809265136719e+00 -5.000000000000000000e+00
-4.324999809265136719e+00 -5.000000000000000000e+00
-4.250000000000000000e+00 -5.000000000000000000e+00
-4.250000000000000000e+00 -5.000000000000000000e+00
-4.175000190734863281e+00 -5.000000000000000000e+00
-4.175000190734863281e+00 -5.000000000000000000e+00
-4.099999904632568359e+00 -5.000000000000000000e+00
-4.099999904632568359e+00 -5.000000000000000000e+00
-4.025000095367431641e+00 -5.000000000000000000e+00
-4.025000095367431641e+00 -5.000000000000000000e+00
-3.950000047683715820e+00 -5.000000000000000000e+00
-3.950000047683715820e+00 -5.000000000000000000e+00
-3.875000000000000000e+00 -5.000000000000000000e+00
-3.875000000000000000e+00 -5.000000000000000000e+00
-3.799999952316284180e+00 -5.000000000000000000e+00
-3.799999952316284180e+00 -5.000000000000000000e+00
-3.724999904632568359e+00 -5.000000000000000000e+00
-3.724999904632568359e+00 -5.000000000000000000e+00
-3.650000095367431641e+00 -5.000000000000000000e+00
-3.650000095367431641e+00 -5.000000000000000000e+00
-3.575000047683715820e+00 -5.000000000000000000e+00
-3.575000047683715820e+00 -5.000000000000000000e+00
-3.500000000000000000e+00 -5.000000000000000000e+00
-3.500000000000000000e+00 -5.000000000000000000e+00
-3.424999952316284180e+00 -5.000000000000000000e+00
-3.424999952316284180e+00 -5.000000000000000000e+00
-3.349999904632568359e+00 -5.000000000000000000e+00
-3.349999904632568359e+00 -5.000000000000000000e+00
-3.275000095367431641e+00 -5.000000000000000000e+00
-3.275000095367431641e+00 -5.000000000000000000e+00
-3.200000047683715820e+00 -5.000000000000000000e+00
-3.200000047683715820e+00 -5.000000000000000000e+00
-3.125000000000000000e+00 -5.000000000000000000e+00
-3.125000000000000000e+00 -5.000000000000000000e+00
-3.049999952316284180e+00 -5.000000000000000000e+00
-3.049999952316284180e+00 -5.000000000000000000e+00
-2.974999904632568359e+00 -5.000000000000000000e+00
-2.974999904632568359e+00 -5.000000000000000000e+00
-2.900000095367431641e+00 -5.000000000000000000e+00
-2.900000095367431641e+00 -5.000000000000000000e+00
-2.825000047683715820e+00 -5.000000000000000000e+00
-2.825000047683715820e+00 -5.000000000000000000e+00
-2.750000000000000000e+00 -5.000000000000000000e+00
-2.750000000000000000e+00 -5.000000000000000000e+00
-2.674999952316284180e+00 -5.000000000000000000e+00
-2.674999952316284180e+00 -5.000000000000000000e+00
-2.599999904632568359e+00 -5.000000000000000000e+00
-2.599999904632568359e+00 -5.000000000000000000e+00
-2.525000095367431641e+00 -5.000000000000000000e+00
-2.525000095367431641e+00 -5.000000000000000000e+00
-2.450000047683715820e+00 -5.000000000000000000e+00
-2.450000047683715820e+00 -5.000000000000000000e+00
-2.375000000000000000e+00 -5.000000000000000000e+00
-2.375000000000000000e+00 -5.000000000000000000e+00
-2.299999952316284180e+00 -5.000000000000000000e+00
-2.299999952316284180e+00 -5.000000000000000000e+00
-2.224999904632568359e+00 -5.000000000000000000e+00
-2.224999904632568359e+00 -5.000000000000000000e+00
-2.150000095367431641e+00 -5.000000000000000000e+00
-2.150000095367431641e+00 -5.000000000000000000e+00
-2.075000047683715820e+00 -5.000000000000000000e+00
-2.075000047683715820e+00 -5.000000000000000000e+00
-2.000000000000000000e+00 -5.000000000000000000e+00
-2.000000000000000000e+00 -5.000000000000000000e+00
-1.924999952316284180e+00 -5.000000000000000000e+00
-1.924999952316284180e+00 -5.000000000000000000e+00
-1.850000023841857910e+00 -5.000000000000000000e+00
-1.850000023841857910e+00 -5.000000000000000000e+00
-1.774999976158142090e+00 -5.000000000000000000e+00
-1.774999976158142090e+00 -5.000000000000000000e+00
-1.700000047683715820e+00 -5.000000000000000000e+00
-1.700000047683715820e+00 -5.000000000000000000e+00
-1.625000000000000000e+00 -5.000000000000000000e+00
-1.625000000000000000e+00 -5.000000000000000000e+00
-1.549999952316284180e+00 -5.000000000000000000e+00
-1.549999952316284180e+00 -5.000000000000000000e+00
-1.475000023841857910e+00 -5.000000000000000000e+00
-1.475000023841857910e+00 -5.000000000000000000e+00
-1.399999976158142090e+00 -5.000000000000000000e+00
-1.399999976158142090e+00 -5.000000000000000000e+00
-1.325000047683715820e+00 -5.000000000000000000e+00
-1.325000047683715820e+00 -5.000000000000000000e+00
-1.250000000000000000e+00 -5.000000000000000000e+00
-1.250000000000000000e+00 -5.000000000000000000e+00
-1.174999952316284180e+00 -5.000000000000000000e+00
-1.174999952316284180e+00 -5.000000000000000000e+00
-1.100000023841857910e+00 -5.000000000000000000e+00
-1.100000023841857910e+00 -5.000000000000000000e+00
-1.024999976158142090e+00 -5.000000000000000000e+00
-1.024999976158142090e+00 -5.000000000000000000e+00
-9.499999880790710449e-01 -5.000000000000000000e+00
-9.499999880790710449e-01 -5.000000000000000000e+00
-8.750000000000000000e-01 -5.000000000000000000e+00
-8.750000000000000000e-01 -5.000000000000000000e+00
-8.000000119209289551e-01 -5.000000000000000000e+00
-8.000000119209289551e-01 -5.000000000000000000e+00
-7.250000238418579102e-01 -5.000000000000000000e+00
-7.250000238418579102e-01 -5.000000000000000000e+00
-6.499999761581420898e-01 -5.000000000000000000e+00
-6.499999761581420898e-01 -5.000000000000000000e+00
-5.749999880790710449e-01 -5.000000000000000000e+00
-5.749999880790710449e-01 -5.000000000000000000e+00
-5.000000000000000000e-01 -5.000000000000000000e+00
-5.000000000000000000e-01 -5.000000000000000000e+00
-4.250000119209289551e-01 -5.000000000000000000e+00
-4.250000119209289551e-01 -5.000000000000000000e+00
-3.499999940395355225e-01 -5.000000000000000000e+00
-3.499999940395355225e-01 -5.000000000000000000e+00
-2.750000059604644775e-01 -5.000000000000000000e+00
-2.750000059604644775e-01 -5.000000000000000000e+00
-2.000000029802322388e-01 -5.000000000000000000e+00
-2.000000029802322388e-01 -5.000000000000000000e+00
-1.250000000000000000e-01 -5.000000000000000000e+00
-1.250000000000000000e-01 -5.000000000000000000e+00
-5.000000074505805969e-02 -5.000000000000000000e+00
-5.000000074505805969e-02 -5.000000000000000000e+00
2.500000037252902985e-02 -5.000000000000000000e+00
2.500000037252902985e-02 -5.000000000000000000e+00
1.000000014901161194e-01 -5.000000000000000000e+00
1.000000014901161194e-01 -5.000000000000000000e+00
1.749999970197677612e-01 -5.000000000000000000e+00
1.749999970197677612e-01 -5.000000000000000000e+00
2.500000000000000000e-01 -5.000000000000000000e+00
2.500000000000000000e-01 -5.000000000000000000e+00
3.249999880790710449e-01 -5.000000000000000000e+00
3.249999880790710449e-01 -5.000000000000000000e+00
4.000000059604644775e-01 -5.000000000000000000e+00
4.000000059604644775e-01 -5.000000000000000000e+00
4.749999940395355225e-01 -5.000000000000000000e+00
4.749999940395355225e-01 -5.000000000000000000e+00
5.500000119209289551e-01 -5.000000000000000000e+00
5.500000119209289551e-01 -5.000000000000000000e+00
6.250000000000000000e-01 -5.000000000000000000e+00
6.250000000000000000e-01 -5.000000000000000000e+00
6.999999880790710449e-01 -5.000000000000000000e+00
6.999999880790710449e-01 -5.000000000000000000e+00
7.749999761581420898e-01 -5.000000000000000000e+00
7.749999761581420898e-01 -5.000000000000000000e+00
8.500000238418579102e-01 -5.000000000000000000e+00
8.500000238418579102e-01 -5.000000000000000000e+00
9.250000119209289551e-01 -5.000000000000000000e+00
9.250000119209289551e-01 -5.000000000000000000e+00
1.000000000000000000e+00 -5.000000000000000000e+00
1.000000000000000000e+00 -5.000000000000000000e+00
1.075000047683715820e+00 -5.000000000000000000e+00
1.075000047683715820e+00 -5.000000000000000000e+00
1.149999976158142090e+00 -5.000000000000000000e+00
1.149999976158142090e+00 -5.000000000000000000e+00
1.225000023841857910e+00 -5.000000000000000000e+00
1.225000023841857910e+00 -5.000000000000000000e+00
1.299999952316284180e+00 -5.000000000000000000e+00
1.299999952316284180e+00 -5.000000000000000000e+00
1.375000000000000000e+00 -5.000000000000000000e+00
1.375000000000000000e+00 -5.000000000000000000e+00
1.450000047683715820e+00 -5.000000000000000000e+00
1.450000047683715820e+00 -5.000000000000000000e+00
1.524999976158142090e+00 -5.000000000000000000e+00
1.524999976158142090e+00 -5.000000000000000000e+00
1.600000023841857910e+00 -5.000000000000000000e+00
1.600000023841857910e+00 -5.000000000000000000e+00
1.674999952316284180e+00 -5.000000000000000000e+00
1.674999952316284180e+00 -5.000000000000000000e+00
1.750000000000000000e+00 -5.000000000000000000e+00
1.750000000000000000e+00 -5.000000000000000000e+00
1.825000047683715820e+00 -5.000000000000000000e+00
1.825000047683715820e+00 -5.000000000000000000e+00
1.899999976158142090e+00 -5.000000000000000000e+00
1.899999976158142090e+00 -5.000000000000000000e+00
1.975000023841857910e+00 -5.000000000000000000e+00
1.975000023841857910e+00 -5.000000000000000000e+00
2.049999952316284180e+00 -5.000000000000000000e+00
2.049999952316284180e+00 -5.000000000000000000e+00
2.125000000000000000e+00 -5.000000000000000000e+00
2.125000000000000000e+00 -5.000000000000000000e+00
2.200000047683715820e+00 -5.000000000000000000e+00
2.200000047683715820e+00 -5.000000000000000000e+00
2.275000095367431641e+00 -5.000000000000000000e+00
2.275000095367431641e+00 -5.000000000000000000e+00
2.349999904632568359e+00 -5.000000000000000000e+00
2.349999904632568359e+00 -5.000000000000000000e+00
2.424999952316284180e+00 -5.000000000000000000e+00
2.424999952316284180e+00 -5.000000000000000000e+00
2.500000000000000000e+00 -5.000000000000000000e+00
2.500000000000000000e+00 -5.000000000000000000e+00
2.575000047683715820e+00 -5.000000000000000000e+00
2.575000047683715820e+00 -5.000000000000000000e+00
2.650000095367431641e+00 -5.000000000000000000e+00
2.650000095367431641e+00 -5.000000000000000000e+00
2.724999904632568359e+00 -5.000000000000000000e+00
2.724999904632568359e+00 -5.000000000000000000e+00
2.799999952316284180e+00 -5.000000000000000000e+00
2.799999952316284180e+00 -5.000000000000000000e+00
2.875000000000000000e+00 -5.000000000000000000e+00
2.875000000000000000e+00 -5.000000000000000000e+00
2.950000047683715820e+00 -5.000000000000000000e+00
2.950000047683715820e+00 -5.000000000000000000e+00
3.025000095367431641e+00 -5.000000000000000000e+00
3.025000095367431641e+00 -5.000000000000000000e+00
3.099999904632568359e+00 -5.000000000000000000e+00
3.099999904632568359e+00 -5.000000000000000000e+00
3.174999952316284180e+00 -5.000000000000000000e+00
3.174999952316284180e+00 -5.000000000000000000e+00
3.250000000000000000e+00 -5.000000000000000000e+00
3.250000000000000000e+00 -5.000000000000000000e+00
3.325000047683715820e+00 -5.000000000000000000e+00
3.325000047683715820e+00 -5.000000000000000000e+00
3.400000095367431641e+00 -5.000000000000000000e+00
3.400000095367431641e+00 -5.000000000000000000e+00
3.474999904632568359e+00 -5.000000000000000000e+00
3.474999904632568359e+00 -5.000000000000000000e+00
3.549999952316284180e+00 -5.000000000000000000e+00
3.549999952316284180e+00 -5.000000000000000000e+00
3.625000000000000000e+00 -5.000000000000000000e+00
3.625000000000000000e+00 -5.000000000000000000e+00
3.700000047683715820e+00 -5.000000000000000000e+00
3.700000047683715820e+00 -5.000000000000000000e+00
3.775000095367431641e+00 -5.000000000000000000e+00
3.775000095367431641e+00 -5.000000000000000000e+00
3.849999904632568359e+00 -5.000000000000000000e+00
3.849999904632568359e+00 -5.000000000000000000e+00
3.924999952316284180e+00 -5.000000000000000000e+00
3.924999952316284180e+00 -5.000000000000000000e+00
4.000000000000000000e+00 -5.000000000000000000e+00
4.000000000000000000e+00 -5.000000000000000000e+00
4.074999809265136719e+00 -5.000000000000000000e+00
4.074999809265136719e+00 -5.000000000000000000e+00
4.150000095367431641e+00 -5.000000000000000000e+00
4.150000095367431641e+00 -5.000000000000000000e+00
4.224999904632568359e+00 -5.000000000000000000e+00
4.224999904632568359e+00 -5.000000000000000000e+00
4.300000190734863281e+00 -5.000000000000000000e+00
4.300000190734863281e+00 -5.000000000000000000e+00
4.375000000000000000e+00 -5.000000000000000000e+00
4.375000000000000000e+00 -5.000000000000000000e+00
4.449999809265136719e+00 -5.000000000000000000e+00
4.449999809265136719e+00 -5.000000000000000000e+00
4.525000095367431641e+00 -5.000000000000000000e+00
4.525000095367431641e+00 -5.000000000000000000e+00
4.599999904632568359e+00 -5.000000000000000000e+00
4.599999904632568359e+00 -5.000000000000000000e+00
4.675000190734863281e+00 -5.000000000000000000e+00
4.675000190734863281e+00 -5.000000000000000000e+00
4.750000000000000000e+00 -5.000000000000000000e+00
4.750000000000000000e+00 -5.000000000000000000e+00
4.824999809265136719e+00 -5.000000000000000000e+00
4.824999809265136719e+00 -5.000000000000000000e+00
4.900000095367431641e+00 -5.000000000000000000e+00
4.900000095367431641e+00 -5.000000000000000000e+00
4.974999904632568359e+00 -5.000000000000000000e+00
4.974999904632568359e+00 -5.000000000000000000e+00
5.050000190734863281e+00 -5.000000000000000000e+00
5.050000190734863281e+00 -5.000000000000000000e+00
5.125000000000000000e+00 -5.000000000000000000e+00
5.125000000000000000e+00 -5.000000000000000000e+00
5.199999809265136719e+00 -5.000000000000000000e+00
5.199999809265136719e+00 -5.000000000000000000e+00
5.275000095367431641e+00 -5.000000000000000000e+00
5.275000095367431641e+00 -5.000000000000000000e+00
5.349999904632568359e+00 -5.000000000000000000e+00
5.349999904632568359e+00 -5.000000000000000000e+00
5.425000190734863281e+00 -5.000000000000000000e+00
5.425000190734863281e+00 -5.000000000000000000e+00
5.500000000000000000e+00 -5.000000000000000000e+00
5.500000000000000000e+00 -5.000000000000000000e+00
5.574999809265136719e+00 -5.000000000000000000e+00
5.574999809265136719e+00 -5.000000000000000000e+00
5.650000095367431641e+00 -5.000000000000000000e+00
5.650000095367431641e+00 -5.000000000000000000e+00
5.724999904632568359e+00 -5.000000000000000000e+00
5.724999904632568359e+00 -5.000000000000000000e+00
5.800000190734863281e+00 -5.000000000000000000e+00
5.800000190734863281e+00 -5.000000000000000000e+00
5.875000000000000000e+00 -5.000000000000000000e+00
5.875000000000000000e+00 -5.000000000000000000e+00
5.949999809265136719e+00 -5.000000000000000000e+00
5.949999809265136719e+00 -5.000000000000000000e+00
6.025000095367431641e+00 -5.000000000000000000e+00
6.025000095367431641e+00 -5.000000000000000000e+00
6.099999904632568359e+00 -5.000000000000000000e+00
6.099999904632568359e+00 -5.000000000000000000e+00
6.175000190734863281e+00 -5.000000000000000000e+00
6.175000190734863281e+00 -5.000000000000000000e+00
6.250000000000000000e+00 -5.000000000000000000e+00
6.250000000000000000e+00 -5.000000000000000000e+00
6.324999809265136719e+00 -5.000000000000000000e+00
6.324999809265136719e+00 -5.000000000000000000e+00
6.400000095367431641e+00 -5.000000000000000000e+00
6.400000095367431641e+00 -5.000000000000000000e+00
6.474999904632568359e+00 -5.000000000000000000e+00
6.474999904632568359e+00 -5.000000000000000000e+00
6.550000190734863281e+00 -5.000000000000000000e+00
6.550000190734863281e+00 -5.000000000000000000e+00
6.625000000000000000e+00 -5.000000000000000000e+00
6.625000000000000000e+00 -5.000000000000000000e+00
6.699999809265136719e+00 -5.000000000000000000e+00
6.699999809265136719e+00 -5.000000000000000000e+00
6.775000095367431641e+00 -5.000000000000000000e+00
6.775000095367431641e+00 -5.000000000000000000e+00
6.849999904632568359e+00 -5.000000000000000000e+00
6.849999904632568359e+00 -5.000000000000000000e+00
6.925000190734863281e+00 -5.000000000000000000e+00
6.925000190734863281e+00 -5.000000000000000000e+00
7.000000000000000000e+00 -5.000000000000000000e+00
7.000000000000000000e+00 -5.000000000000000000e+00
7.074999809265136719e+00 -5.000000000000000000e+00
7.074999809265136719e+00 -5.000000000000000000e+00
7.150000095367431641e+00 -5.000000000000000000e+00
7.150000095367431641e+00 -5.000000000000000000e+00
7.224999904632568359e+00 -5.000000000000000000e+00
7.224999904632568359e+00 -5.000000000000000000e+00
7.300000190734863281e+00 -5.000000000000000000e+00
7.300000190734863281e+00 -5.000000000000000000e+00
7.375000000000000000e+00 -5.000000000000000000e+00
7.375000000000000000e+00 -5.000000000000000000e+00
7.449999809265136719e+00 -5.000000000000000000e+00
7.449999809265136719e+00 -5.000000000000000000e+00
7.525000095367431641e+00 -5.000000000000000000e+00
7.525000095367431641e+00 -5.000000000000000000e+00
7.599999904632568359e+00 -5.000000000000000000e+00
7.599999904632568359e+00 -5.000000000000000000e+00
7.675000190734863281e+00 -5.000000000000000000e+00
7.675000190734863281e+00 -5.000000000000000000e+00
7.750000000000000000e+00 -5.000000000000000000e+00
7.750000000000000000e+00 -5.000000000000000000e+00
7.824999809265136719e+00 -5.000000000000000000e+00
7.824999809265136719e+00 -5.000000000000000000e+00
7.900000095367431641e+00 -5.000000000000000000e+00
7.900000095367431641e+00 -5.000000000000000000e+00
7.974999904632568359e+00 -5.000000000000000000e+00
7.974999904632568359e+00 -5.000000000000000000e+00
8.050000190734863281e+00 -5.000000000000000000e+00
8.050000190734863281e+00 -5.000000000000000000e+00
8.125000000000000000e+00 -5.000000000000000000e+00
8.125000000000000000e+00 -5.000000000000000000e+00
8.199999809265136719e+00 -5.000000000000000000e+00
8.199999809265136719e+00 -5.000000000000000000e+00
8.274999618530273438e+00 -5.000000000000000000e+00
8.274999618530273438e+00 -5.000000000000000000e+00
8.350000381469726562e+00 -5.000000000000000000e+00
8.350000381469726562e+00 -5.000000000000000000e+00
8.425000190734863281e+00 -5.000000000000000000e+00
8.425000190734863281e+00 -5.000000000000000000e+00
8.500000000000000000e+00 -5.000000000000000000e+00
8.500000000000000000e+00 -5.000000000000000000e+00
8.574999809265136719e+00 -5.000000000000000000e+00
8.574999809265136719e+00 -5.000000000000000000e+00
8.649999618530273438e+00 -5.000000000000000000e+00
8.649999618530273438e+00 -5.000000000000000000e+00
8.725000381469726562e+00 -5.000000000000000000e+00
8.725000381469726562e+00 -5.000000000000000000e+00
8.800000190734863281e+00 -5.000000000000000000e+00
8.800000190734863281e+00 -5.000000000000000000e+00
8.875000000000000000e+00 -5.000000000000000000e+00
8.875000000000000000e+00 -5.000000000000000000e+00
8.949999809265136719e+00 -5.000000000000000000e+00
8.949999809265136719e+00 -5.000000000000000000e+00
9.024999618530273438e+00 -5.000000000000000000e+00
9.024999618530273438e+00 -5.000000000000000000e+00
9.100000381469726562e+00 -5.000000000000000000e+00
9.100000381469726562e+00 -5.000000000000000000e+00
9.175000190734863281e+00 -5.000000000000000000e+00
9.175000190734863281e+00 -5.000000000000000000e+00
9.250000000000000000e+00 -5.000000000000000000e+00
9.250000000000000000e+00 -5.000000000000000000e+00
9.324999809265136719e+00 -5.000000000000000000e+00
9.324999809265136719e+00 -5.000000000000000000e+00
9.399999618530273438e+00 -5.000000000000000000e+00
9.399999618530273438e+00 -5.000000000000000000e+00
9.475000381469726562e+00 -5.000000000000000000e+00
9.475000381469726562e+00 -5.000000000000000000e+00
9.550000190734863281e+00 -5.000000000000000000e+00
9.550000190734863281e+00 -5.000000000000000000e+00
9.625000000000000000e+00 -5.000000000000000000e+00
9.625000000000000000e+00 -5.000000000000000000e+00
9.699999809265136719e+00 -5.000000000000000000e+00
9.699999809265136719e+00 -5.000000000000000000e+00
9.774999618530273438e+00 -5.000000000000000000e+00
9.774999618530273438e+00 -5.000000000000000000e+00
9.850000381469726562e+00 -5.000000000000000000e+00
9.850000381469726562e+00 -5.000000000000000000e+00
9.925000190734863281e+00 -5.000000000000000000e+00
9.925000190734863281e+00 -5.000000000000000000e+00
1.000000000000000000e+01 -5.000000000000000000e+00
1.000000000000000000e+01 -5.000000000000000000e+00
-5.000000000000000000e+00 5.000000000000000000e+00
-5.000000000000000000e+00 5.000000000000000000e+00
-4.925000190734863281e+00 5.000000000000000000e+00
-4.925000190734863281e+00 5.000000000000000000e+00
-4.849999904632568359e+00 5.000000000000000000e+00
-4.849999904632568359e+00 5.000000000000000000e+00
-4.775000095367431641e+00 5.000000000000000000e+00
-4.775000095367431641e+00 5.000000000000000000e+00
-4.699999809265136719e+00 5.000000000000000000e+00
-4.699999809265136719e+00 5.000000000000000000e+00
-4.625000000000000000e+00 5.000000000000000000e+00
-4.625000000000000000e+00 5.000000000000000000e+00
-4.550000190734863281e+00 5.000000000000000000e+00
-4.550000190734863281e+00 5.000000000000000000e+00
-4.474999904632568359e+00 5.000000000000000000e+00
-4.474999904632568359e+00 5.000000000000000000e+00
-4.400000095367431641e+00 5.000000000000000000e+00
-4.400000095367431641e+00 5.000000000000000000e+00
-4.324999809265136719e+00 5.000000000000000000e+00
-4.324999809265136719e+00 5.000000000000000000e+00
-4.250000000000000000e+00 5.000000000000000000e+00
-4.250000000000000000e+00 5.000000000000000000e+00
-4.175000190734863281e+00 5.000000000000000000e+00
-4.175000190734863281e+00 5.000000000000000000e+00
-4.099999904632568359e+00 5.000000000000000000e+00
-4.099999904632568359e+00 5.000000000000000000e+00
-4.025000095367431641e+00 5.000000000000000000e+00
-4.025000095367431641e+00 5.000000000000000000e+00
-3.950000047683715820e+00 5.000000000000000000e+00
-3.950000047683715820e+00 5.000000000000000000e+00
-3.875000000000000000e+00 5.000000000000000000e+00
-3.875000000000000000e+00 5.000000000000000000e+00
-3.799999952316284180e+00 5.000000000000000000e+00
-3.799999952316284180e+00 5.000000000000000000e+00
-3.724999904632568359e+00 5.000000000000000000e+00
-3.724999904632568359e+00 5.000000000000000000e+00
-3.650000095367431641e+00 5.000000000000000000e+00
-3.650000095367431641e+00 5.000000000000000000e+00
-3.575000047683715820e+00 5.000000000000000000e+00
-3.575000047683715820e+00 5.000000000000000000e+00
-3.500000000000000000e+00 5.000000000000000000e+00
-3.500000000000000000e+00 5.000000000000000000e+00
-3.424999952316284180e+00 5.000000000000000000e+00
-3.424999952316284180e+00 5.000000000000000000e+00
-3.349999904632568359e+00 5.000000000000000000e+00
-3.349999904632568359e+00 5.000000000000000000e+00
-3.275000095367431641e+00 5.000000000000000000e+00
-3.275000095367431641e+00 5.000000000000000000e+00
-3.200000047683715820e+00 5.000000000000000000e+00
-3.200000047683715820e+00 5.000000000000000000e+00
-3.125000000000000000e+00 5.000000000000000000e+00
-3.125000000000000000e+00 5.000000000000000000e+00
-3.049999952316284180e+00 5.000000000000000000e+00
-3.049999952316284180e+00 5.000000000000000000e+00
-2.974999904632568359e+00 5.000000000000000000e+00
-2.974999904632568359e+00 5.000000000000000000e+00
-2.900000095367431641e+00 5.000000000000000000e+00
-2.900000095367431641e+00 5.000000000000000000e+00
-2.825000047683715820e+00 5.000000000000000000e+00
-2.825000047683715820e+00 5.000000000000000000e+00
-2.750000000000000000e+00 5.000000000000000000e+00
-2.750000000000000000e+00 5.000000000000000000e+00
-2.674999952316284180e+00 5.000000000000000000e+00
-2.674999952316284180e+00 5.000000000000000000e+00
-2.599999904632568359e+00 5.000000000000000000e+00
-2.599999904632568359e+00 5.000000000000000000e+00
-2.525000095367431641e+00 5.000000000000000000e+00
-2.525000095367431641e+00 5.000000000000000000e+00
-2.450000047683715820e+00 5.000000000000000000e+00
-2.450000047683715820e+00 5.000000000000000000e+00
-2.375000000000000000e+00 5.000000000000000000e+00
-2.375000000000000000e+00 5.000000000000000000e+00
-2.299999952316284180e+00 5.000000000000000000e+00
-2.299999952316284180e+00 5.000000000000000000e+00
-2.224999904632568359e+00 5.000000000000000000e+00
-2.224999904632568359e+00 5.000000000000000000e+00
-2.150000095367431641e+00 5.000000000000000000e+00
-2.150000095367431641e+00 5.000000000000000000e+00
-2.075000047683715820e+00 5.000000000000000000e+00
-2.075000047683715820e+00 5.000000000000000000e+00
-2.000000000000000000e+00 5.000000000000000000e+00
-2.000000000000000000e+00 5.000000000000000000e+00
-1.924999952316284180e+00 5.000000000000000000e+00
-1.924999952316284180e+00 5.000000000000000000e+00
-1.850000023841857910e+00 5.000000000000000000e+00
-1.850000023841857910e+00 5.000000000000000000e+00
-1.774999976158142090e+00 5.000000000000000000e+00
-1.774999976158142090e+00 5.000000000000000000e+00
-1.700000047683715820e+00 5.000000000000000000e+00
-1.700000047683715820e+00 5.000000000000000000e+00
-1.625000000000000000e+00 5.000000000000000000e+00
-1.625000000000000000e+00 5.000000000000000000e+00
-1.549999952316284180e+00 5.000000000000000000e+00
-1.549999952316284180e+00 5.000000000000000000e+00
-1.475000023841857910e+00 5.000000000000000000e+00
-1.475000023841857910e+00 5.000000000000000000e+00
-1.399999976158142090e+00 5.000000000000000000e+00
-1.399999976158142090e+00 5.000000000000000000e+00
-1.325000047683715820e+00 5.000000000000000000e+00
-1.325000047683715820e+00 5.000000000000000000e+00
-1.250000000000000000e+00 5.000000000000000000e+00
-1.250000000000000000e+00 5.000000000000000000e+00
-1.174999952316284180e+00 5.000000000000000000e+00
-1.174999952316284180e+00 5.000000000000000000e+00
-1.100000023841857910e+00 5.000000000000000000e+00
-1.100000023841857910e+00 5.000000000000000000e+00
-1.024999976158142090e+00 5.000000000000000000e+00
-1.024999976158142090e+00 5.000000000000000000e+00
-9.499999880790710449e-01 5.000000000000000000e+00
-9.499999880790710449e-01 5.000000000000000000e+00
-8.750000000000000000e-01 5.000000000000000000e+00
-8.750000000000000000e-01 5.000000000000000000e+00
-8.000000119209289551e-01 5.000000000000000000e+00
-8.000000119209289551e-01 5.000000000000000000e+00
-7.250000238418579102e-01 5.000000000000000000e+00
-7.250000238418579102e-01 5.000000000000000000e+00
-6.499999761581420898e-01 5.000000000000000000e+00
-6.499999761581420898e-01 5.000000000000000000e+00
-5.749999880790710449e-01 5.000000000000000000e+00
-5.749999880790710449e-01 5.000000000000000000e+00
-5.000000000000000000e-01 5.000000000000000000e+00
-5.000000000000000000e-01 5.000000000000000000e+00
-4.250000119209289551e-01 5.000000000000000000e+00
-4.250000119209289551e-01 5.000000000000000000e+00
-3.499999940395355225e-01 5.000000000000000000e+00
-3.499999940395355225e-01 5.000000000000000000e+00
-2.750000059604644775e-01 5.000000000000000000e+00
-2.750000059604644775e-01 5.000000000000000000e+00
-2.000000029802322388e-01 5.000000000000000000e+00
-2.000000029802322388e-01 5.000000000000000000e+00
-1.250000000000000000e-01 5.000000000000000000e+00
-1.250000000000000000e-01 5.000000000000000000e+00
-5.000000074505805969e-02 5.000000000000000000e+00
-5.000000074505805969e-02 5.000000000000000000e+00
2.500000037252902985e-02 5.000000000000000000e+00
2.500000037252902985e-02 5.000000000000000000e+00
1.000000014901161194e-01 5.000000000000000000e+00
1.000000014901161194e-01 5.000000000000000000e+00
1.749999970197677612e-01 5.000000000000000000e+00
1.749999970197677612e-01 5.000000000000000000e+00
2.500000000000000000e-01 5.000000000000000000e+00
2.500000000000000000e-01 5.000000000000000000e+00
3.249999880790710449e-01 5.000000000000000000e+00
3.249999880790710449e-01 5.000000000000000000e+00
4.000000059604644775e-01 5.000000000000000000e+00
4.000000059604644775e-01 5.000000000000000000e+00
4.749999940395355225e-01 5.000000000000000000e+00
4.749999940395355225e-01 5.000000000000000000e+00
5.500000119209289551e-01 5.000000000000000000e+00
5.500000119209289551e-01 5.000000000000000000e+00
6.250000000000000000e-01 5.000000000000000000e+00
6.250000000000000000e-01 5.000000000000000000e+00
6.999999880790710449e-01 5.000000000000000000e+00
6.999999880790710449e-01 5.000000000000000000e+00
7.749999761581420898e-01 5.000000000000000000e+00
7.749999761581420898e-01 5.000000000000000000e+00
8.500000238418579102e-01 5.000000000000000000e+00
8.500000238418579102e-01 5.000000000000000000e+00
9.250000119209289551e-01 5.000000000000000000e+00
9.250000119209289551e-01 5.000000000000000000e+00
1.000000000000000000e+00 5.000000000000000000e+00
1.000000000000000000e+00 5.000000000000000000e+00
1.075000047683715820e+00 5.000000000000000000e+00
1.075000047683715820e+00 5.000000000000000000e+00
1.149999976158142090e+00 5.000000000000000000e+00
1.149999976158142090e+00 5.000000000000000000e+00
1.225000023841857910e+00 5.000000000000000000e+00
1.225000023841857910e+00 5.000000000000000000e+00
1.299999952316284180e+00 5.000000000000000000e+00
1.299999952316284180e+00 5.000000000000000000e+00
1.375000000000000000e+00 5.000000000000000000e+00
1.375000000000000000e+00 5.000000000000000000e+00
1.450000047683715820e+00 5.000000000000000000e+00
1.450000047683715820e+00 5.000000000000000000e+00
1.524999976158142090e+00 5.000000000000000000e+00
1.524999976158142090e+00 5.000000000000000000e+00
1.600000023841857910e+00 5.000000000000000000e+00
1.600000023841857910e+00 5.000000000000000000e+00
1.674999952316284180e+00 5.000000000000000000e+00
1.674999952316284180e+00 5.000000000000000000e+00
1.750000000000000000e+00 5.000000000000000000e+00
1.750000000000000000e+00 5.000000000000000000e+00
1.825000047683715820e+00 5.000000000000000000e+00
1.825000047683715820e+00 5.000000000000000000e+00
1.899999976158142090e+00 5.000000000000000000e+00
1.899999976158142090e+00 5.000000000000000000e+00
1.975000023841857910e+00 5.000000000000000000e+00
1.975000023841857910e+00 5.000000000000000000e+00
2.049999952316284180e+00 5.000000000000000000e+00
2.049999952316284180e+00 5.000000000000000000e+00
2.125000000000000000e+00 5.000000000000000000e+00
2.125000000000000000e+00 5.000000000000000000e+00
2.200000047683715820e+00 5.000000000000000000e+00
2.200000047683715820e+00 5.000000000000000000e+00
2.275000095367431641e+00 5.000000000000000000e+00
2.275000095367431641e+00 5.000000000000000000e+00
2.349999904632568359e+00 5.000000000000000000e+00
2.349999904632568359e+00 5.000000000000000000e+00
2.424999952316284180e+00 5.000000000000000000e+00
2.424999952316284180e+00 5.000000000000000000e+00
2.500000000000000000e+00 5.000000000000000000e+00
2.500000000000000000e+00 5.000000000000000000e+00
2.575000047683715820e+00 5.000000000000000000e+00
2.575000047683715820e+00 5.000000000000000000e+00
2.650000095367431641e+00 5.000000000000000000e+00
2.650000095367431641e+00 5.000000000000000000e+00
2.724999904632568359e+00 5.000000000000000000e+00
2.724999904632568359e+00 5.000000000000000000e+00
2.799999952316284180e+00 5.000000000000000000e+00
2.799999952316284180e+00 5.000000000000000000e+00
2.875000000000000000e+00 5.000000000000000000e+00
2.875000000000000000e+00 5.000000000000000000e+00
2.950000047683715820e+00 5.000000000000000000e+00
2.950000047683715820e+00 5.000000000000000000e+00
3.025000095367431641e+00 5.000000000000000000e+00
3.025000095367431641e+00 5.000000000000000000e+00
3.099999904632568359e+00 5.000000000000000000e+00
3.099999904632568359e+00 5.000000000000000000e+00
3.174999952316284180e+00 5.000000000000000000e+00
3.174999952316284180e+00 5.000000000000000000e+00
3.250000000000000000e+00 5.000000000000000000e+00
3.250000000000000000e+00 5.000000000000000000e+00
3.325000047683715820e+00 5.000000000000000000e+00
3.325000047683715820e+00 5.000000000000000000e+00
3.400000095367431641e+00 5.000000000000000000e+00
3.400000095367431641e+00 5.000000000000000000e+00
3.474999904632568359e+00 5.000000000000000000e+00
3.474999904632568359e+00 5.000000000000000000e+00
3.549999952316284180e+00 5.000000000000000000e+00
3.549999952316284180e+00 5.000000000000000000e+00
3.625000000000000000e+00 5.000000000000000000e+00
3.625000000000000000e+00 5.000000000000000000e+00
3.700000047683715820e+00 5.000000000000000000e+00
3.700000047683715820e+00 5.000000000000000000e+00
3.775000095367431641e+00 5.000000000000000000e+00
3.775000095367431641e+00 5.000000000000000000e+00
3.849999904632568359e+00 5.000000000000000000e+00
3.849999904632568359e+00 5.000000000000000000e+00
3.924999952316284180e+00 5.000000000000000000e+00
3.924999952316284180e+00 5.000000000000000000e+00
4.000000000000000000e+00 5.000000000000000000e+00
4.000000000000000000e+00 5.000000000000000000e+00
4.074999809265136719e+00 5.000000000000000000e+00
4.074999809265136719e+00 5.000000000000000000e+00
4.150000095367431641e+00 5.000000000000000000e+00
4.150000095367431641e+00 5.000000000000000000e+00
4.224999904632568359e+00 5.000000000000000000e+00
4.224999904632568359e+00 5.000000000000000000e+00
4.300000190734863281e+00 5.000000000000000000e+00
4.300000190734863281e+00 5.000000000000000000e+00
4.375000000000000000e+00 5.000000000000000000e+00
4.375000000000000000e+00 5.000000000000000000e+00
4.449999809265136719e+00 5.000000000000000000e+00
4.449999809265136719e+00 5.000000000000000000e+00
4.525000095367431641e+00 5.000000000000000000e+00
4.525000095367431641e+00 5.000000000000000000e+00
4.599999904632568359e+00 5.000000000000000000e+00
4.599999904632568359e+00 5.000000000000000000e+00
4.675000190734863281e+00 5.000000000000000000e+00
4.675000190734863281e+00 5.000000000000000000e+00
4.750000000000000000e+00 5.000000000000000000e+00
4.750000000000000000e+00 5.000000000000000000e+00
4.824999809265136719e+00 5.000000000000000000e+00
4.824999809265136719e+00 5.000000000000000000e+00
4.900000095367431641e+00 5.000000000000000000e+00
4.900000095367431641e+00 5.000000000000000000e+00
4.974999904632568359e+00 5.000000000000000000e+00
4.974999904632568359e+00 5.000000000000000000e+00
5.050000190734863281e+00 5.000000000000000000e+00
5.050000190734863281e+00 5.000000000000000000e+00
5.125000000000000000e+00 5.000000000000000000e+00
5.125000000000000000e+00 5.000000000000000000e+00
5.199999809265136719e+00 5.000000000000000000e+00
5.199999809265136719e+00 5.000000000000000000e+00
5.275000095367431641e+00 5.000000000000000000e+00
5.275000095367431641e+00 5.000000000000000000e+00
5.349999904632568359e+00 5.000000000000000000e+00
5.349999904632568359e+00 5.000000000000000000e+00
5.425000190734863281e+00 5.000000000000000000e+00
5.425000190734863281e+00 5.000000000000000000e+00
5.500000000000000000e+00 5.000000000000000000e+00
5.500000000000000000e+00 5.000000000000000000e+00
5.574999809265136719e+00 5.000000000000000000e+00
5.574999809265136719e+00 5.000000000000000000e+00
5.650000095367431641e+00 5.000000000000000000e+00
5.650000095367431641e+00 5.000000000000000000e+00
5.724999904632568359e+00 5.000000000000000000e+00
5.724999904632568359e+00 5.000000000000000000e+00
5.800000190734863281e+00 5.000000000000000000e+00
5.800000190734863281e+00 5.000000000000000000e+00
5.875000000000000000e+00 5.000000000000000000e+00
5.875000000000000000e+00 5.000000000000000000e+00
5.949999809265136719e+00 5.000000000000000000e+00
5.949999809265136719e+00 5.000000000000000000e+00
6.025000095367431641e+00 5.000000000000000000e+00
6.025000095367431641e+00 5.000000000000000000e+00
6.099999904632568359e+00 5.000000000000000000e+00
6.099999904632568359e+00 5.000000000000000000e+00
6.175000190734863281e+00 5.000000000000000000e+00
6.175000190734863281e+00 5.000000000000000000e+00
6.250000000000000000e+00 5.000000000000000000e+00
6.250000000000000000e+00 5.000000000000000000e+00
6.324999809265136719e+00 5.000000000000000000e+00
6.324999809265136719e+00 5.000000000000000000e+00
6.400000095367431641e+00 5.000000000000000000e+00
6.400000095367431641e+00 5.000000000000000000e+00
6.474999904632568359e+00 5.000000000000000000e+00
6.474999904632568359e+00 5.000000000000000000e+00
6.550000190734863281e+00 5.000000000000000000e+00
6.550000190734863281e+00 5.000000000000000000e+00
6.625000000000000000e+00 5.000000000000000000e+00
6.625000000000000000e+00 5.000000000000000000e+00
6.699999809265136719e+00 5.000000000000000000e+00
6.699999809265136719e+00 5.000000000000000000e+00
6.775000095367431641e+00 5.000000000000000000e+00
6.775000095367431641e+00 5.000000000000000000e+00
6.849999904632568359e+00 5.000000000000000000e+00
6.849999904632568359e+00 5.000000000000000000e+00
6.925000190734863281e+00 5.000000000000000000e+00
6.925000190734863281e+00 5.000000000000000000e+00
7.000000000000000000e+00 5.000000000000000000e+00
7.000000000000000000e+00 5.000000000000000000e+00
7.074999809265136719e+00 5.000000000000000000e+00
7.074999809265136719e+00 5.000000000000000000e+00
7.150000095367431641e+00 5.000000000000000000e+00
7.150000095367431641e+00 5.000000000000000000e+00
7.224999904632568359e+00 5.000000000000000000e+00
7.224999904632568359e+00 5.000000000000000000e+00
7.300000190734863281e+00 5.000000000000000000e+00
7.300000190734863281e+00 5.000000000000000000e+00
7.375000000000000000e+00 5.000000000000000000e+00
7.375000000000000000e+00 5.000000000000000000e+00
7.449999809265136719e+00 5.000000000000000000e+00
7.449999809265136719e+00 5.000000000000000000e+00
7.525000095367431641e+00 5.000000000000000000e+00
7.525000095367431641e+00 5.000000000000000000e+00
7.599999904632568359e+00 5.000000000000000000e+00
7.599999904632568359e+00 5.000000000000000000e+00
7.675000190734863281e+00 5.000000000000000000e+00
7.675000190734863281e+00 5.000000000000000000e+00
7.750000000000000000e+00 5.000000000000000000e+00
7.750000000000000000e+00 5.000000000000000000e+00
7.824999809265136719e+00 5.000000000000000000e+00
7.824999809265136719e+00 5.000000000000000000e+00
7.900000095367431641e+00 5.000000000000000000e+00
7.900000095367431641e+00 5.000000000000000000e+00
7.974999904632568359e+00 5.000000000000000000e+00
7.974999904632568359e+00 5.000000000000000000e+00
8.050000190734863281e+00 5.000000000000000000e+00
8.050000190734863281e+00 5.000000000000000000e+00
8.125000000000000000e+00 5.000000000000000000e+00
8.125000000000000000e+00 5.000000000000000000e+00
8.199999809265136719e+00 5.000000000000000000e+00
8.199999809265136719e+00 5.000000000000000000e+00
8.274999618530273438e+00 5.000000000000000000e+00
8.274999618530273438e+00 5.000000000000000000e+00
8.350000381469726562e+00 5.000000000000000000e+00
8.350000381469726562e+00 5.000000000000000000e+00
8.425000190734863281e+00 5.000000000000000000e+00
8.425000190734863281e+00 5.000000000000000000e+00
8.500000000000000000e+00 5.000000000000000000e+00
8.500000000000000000e+00 5.000000000000000000e+00
8.574999809265136719e+00 5.000000000000000000e+00
8.574999809265136719e+00 5.000000000000000000e+00
8.649999618530273438e+00 5.000000000000000000e+00
8.649999618530273438e+00 5.000000000000000000e+00
8.725000381469726562e+00 5.000000000000000000e+00
8.725000381469726562e+00 5.000000000000000000e+00
8.800000190734863281e+00 5.000000000000000000e+00
8.800000190734863281e+00 5.000000000000000000e+00
8.875000000000000000e+00 5.000000000000000000e+00
8.875000000000000000e+00 5.000000000000000000e+00
8.949999809265136719e+00 5.000000000000000000e+00
8.949999809265136719e+00 5.000000000000000000e+00
9.024999618530273438e+00 5.000000000000000000e+00
9.024999618530273438e+00 5.000000000000000000e+00
9.100000381469726562e+00 5.000000000000000000e+00
9.100000381469726562e+00 5.000000000000000000e+00
9.175000190734863281e+00 5.000000000000000000e+00
9.175000190734863281e+00 5.000000000000000000e+00
9.250000000000000000e+00 5.000000000000000000e+00
9.250000000000000000e+00 5.000000000000000000e+00
9.324999809265136719e+00 5.000000000000000000e+00
9.324999809265136719e+00 5.000000000000000000e+00
9.399999618530273438e+00 5.000000000000000000e+00
9.399999618530273438e+00 5.000000000000000000e+00
9.475000381469726562e+00 5.000000000000000000e+00
9.475000381469726562e+00 5.000000000000000000e+00
9.550000190734863281e+00 5.000000000000000000e+00
9.550000190734863281e+00 5.000000000000000000e+00
9.625000000000000000e+00 5.000000000000000000e+00
9.625000000000000000e+00 5.000000000000000000e+00
9.699999809265136719e+00 5.000000000000000000e+00
9.699999809265136719e+00 5.000000000000000000e+00
9.774999618530273438e+00 5.000000000000000000e+00
9.774999618530273438e+00 5.000000000000000000e+00
9.850000381469726562e+00 5.000000000000000000e+00
9.850000381469726562e+00 5.000000000000000000e+00
9.925000190734863281e+00 5.000000000000000000e+00
9.925000190734863281e+00 5.000000000000000000e+00
1.000000000000000000e+01 5.000000000000000000e+00
1.000000000000000000e+01 5.000000000000000000e+00
-5.000000000000000000e+00 5.000000000000000000e+00
-5.000000000000000000e+00 5.000000000000000000e+00
-4.925000190734863281e+00 5.000000000000000000e+00
-4.925000190734863281e+00 5.000000000000000000e+00
-4.849999904632568359e+00 5.000000000000000000e+00
-4.849999904632568359e+00 5.000000000000000000e+00
-4.775000095367431641e+00 5.000000000000000000e+00
-4.775000095367431641e+00 5.000000000000000000e+00
-4.699999809265136719e+00 5.000000000000000000e+00
-4.699999809265136719e+00 5.000000000000000000e+00
-4.625000000000000000e+00 5.000000000000000000e+00
-4.625000000000000000e+00 5.000000000000000000e+00
-4.550000190734863281e+00 5.000000000000000000e+00
-4.550000190734863281e+00 5.000000000000000000e+00
-4.474999904632568359e+00 5.000000000000000000e+00
-4.474999904632568359e+00 5.000000000000000000e+00
-4.400000095367431641e+00 5.000000000000000000e+00
-4.400000095367431641e+00 5.000000000000000000e+00
-4.324999809265136719e+00 5.000000000000000000e+00
-4.324999809265136719e+00 5.000000000000000000e+00
-4.250000000000000000e+00 5.000000000000000000e+00
-4.250000000000000000e+00 5.000000000000000000e+00
-4.175000190734863281e+00 5.000000000000000000e+00
-4.175000190734863281e+00 5.000000000000000000e+00
-4.099999904632568359e+00 5.000000000000000000e+00
-4.099999904632568359e+00 5.000000000000000000e+00
-4.025000095367431641e+00 5.000000000000000000e+00
-4.025000095367431641e+00 5.000000000000000000e+00
-3.950000047683715820e+00 5.000000000000000000e+00
-3.950000047683715820e+00 5.000000000000000000e+00
-3.875000000000000000e+00 5.000000000000000000e+00
-3.875000000000000000e+00 5.000000000000000000e+00
-3.799999952316284180e+00 5.000000000000000000e+00
-3.799999952316284180e+00 5.000000000000000000e+00
-3.724999904632568359e+00 5.000000000000000000e+00
-3.724999904632568359e+00 5.000000000000000000e+00
-3.650000095367431641e+00 5.000000000000000000e+00
-3.650000095367431641e+00 5.000000000000000000e+00
-3.575000047683715820e+00 5.000000000000000000e+00
-3.575000047683715820e+00 5.000000000000000000e+00
-3.500000000000000000e+00 5.000000000000000000e+00
-3.500000000000000000e+00 5.000000000000000000e+00
-3.424999952316284180e+00 5.000000000000000000e+00
-3.424999952316284180e+00 5.000000000000000000e+00
-3.349999904632568359e+00 5.000000000000000000e+00
-3.349999904632568359e+00 5.000000000000000000e+00
-3.275000095367431641e+00 5.000000000000000000e+00
-3.275000095367431641e+00 5.000000000000000000e+00
-3.200000047683715820e+00 5.000000000000000000e+00
-3.200000047683715820e+00 5.000000000000000000e+00
-3.125000000000000000e+00 5.000000000000000000e+00
-3.125000000000000000e+00 5.000000000000000000e+00
-3.049999952316284180e+00 5.000000000000000000e+00
-3.049999952316284180e+00 5.000000000000000000e+00
-2.974999904632568359e+00 5.000000000000000000e+00
-2.974999904632568359e+00 5.000000000000000000e+00
-2.900000095367431641e+00 5.000000000000000000e+00
-2.900000095367431641e+00 5.000000000000000000e+00
-2.825000047683715820e+00 5.000000000000000000e+00
-2.825000047683715820e+00 5.000000000000000000e+00
-2.750000000000000000e+00 5.000000000000000000e+00
-2.750000000000000000e+00 5.000000000000000000e+00
-2.674999952316284180e+00 5.000000000000000000e+00
-2.674999952316284180e+00 5.000000000000000000e+00
-2.599999904632568359e+00 5.000000000000000000e+00
-2.599999904632568359e+00 5.000000000000000000e+00
-2.525000095367431641e+00 5.000000000000000000e+00
-2.525000095367431641e+00 5.000000000000000000e+00
-2.450000047683715820e+00 5.000000000000000000e+00
-2.450000047683715820e+00 5.000000000000000000e+00
-2.375000000000000000e+00 5.000000000000000000e+00
-2.375000000000000000e+00 5.000000000000000000e+00
-2.299999952316284180e+00 5.000000000000000000e+00
-2.299999952316284180e+00 5.000000000000000000e+00
-2.224999904632568359e+00 5.000000000000000000e+00
-2.224999904632568359e+00 5.000000000000000000e+00
-2.150000095367431641e+00 5.000000000000000000e+00
-2.150000095367431641e+00 5.000000000000000000e+00
-2.075000047683715820e+00 5.000000000000000000e+00
-2.075000047683715820e+00 5.000000000000000000e+00
-2.000000000000000000e+00 5.000000000000000000e+00
-2.000000000000000000e+00 5.000000000000000000e+00
-1.924999952316284180e+00 5.000000000000000000e+00
-1.924999952316284180e+00 5.000000000000000000e+00
-1.850000023841857910e+00 5.000000000000000000e+00
-1.850000023841857910e+00 5.000000000000000000e+00
-1.774999976158142090e+00 5.000000000000000000e+00
-1.774999976158142090e+00 5.000000000000000000e+00
-1.700000047683715820e+00 5.000000000000000000e+00
-1.700000047683715820e+00 5.000000000000000000e+00
-1.625000000000000000e+00 5.000000000000000000e+00
-1.625000000000000000e+00 5.000000000000000000e+00
-1.549999952316284180e+00 5.000000000000000000e+00
-1.549999952316284180e+00 5.000000000000000000e+00
-1.475000023841857910e+00 5.000000000000000000e+00
-1.475000023841857910e+00 5.000000000000000000e+00
-1.399999976158142090e+00 5.000000000000000000e+00
-1.399999976158142090e+00 5.000000000000000000e+00
-1.325000047683715820e+00 5.000000000000000000e+00
-1.325000047683715820e+00 5.000000000000000000e+00
-1.250000000000000000e+00 5.000000000000000000e+00
-1.250000000000000000e+00 5.000000000000000000e+00
-1.174999952316284180e+00 5.000000000000000000e+00
-1.174999952316284180e+00 5.000000000000000000e+00
-1.100000023841857910e+00 5.000000000000000000e+00
-1.100000023841857910e+00 5.000000000000000000e+00
-1.024999976158142090e+00 5.000000000000000000e+00
-1.024999976158142090e+00 5.000000000000000000e+00
-9.499999880790710449e-01 5.000000000000000000e+00
-9.499999880790710449e-01 5.000000000000000000e+00
-8.750000000000000000e-01 5.000000000000000000e+00
-8.750000000000000000e-01 5.000000000000000000e+00
-8.000000119209289551e-01 5.000000000000000000e+00
-8.000000119209289551e-01 5.000000000000000000e+00
-7.250000238418579102e-01 5.000000000000000000e+00
-7.250000238418579102e-01 5.000000000000000000e+00
-6.499999761581420898e-01 5.000000000000000000e+00
-6.499999761581420898e-01 5.000000000000000000e+00
-5.749999880790710449e-01 5.000000000000000000e+00
-5.749999880790710449e-01 5.000000000000000000e+00
-5.000000000000000000e-01 5.000000000000000000e+00
-5.000000000000000000e-01 5.000000000000000000e+00
-4.250000119209289551e-01 5.000000000000000000e+00
-4.250000119209289551e-01 5.000000000000000000e+00
-3.499999940395355225e-01 5.000000000000000000e+00
-3.499999940395355225e-01 5.000000000000000000e+00
-2.750000059604644775e-01 5.000000000000000000e+00
-2.750000059604644775e-01 5.000000000000000000e+00
-2.000000029802322388e-01 5.000000000000000000e+00
-2.000000029802322388e-01 5.000000000000000000e+00
-1.250000000000000000e-01 5.000000000000000000e+00
-1.250000000000000000e-01 5.000000000000000000e+00
-5.000000074505805969e-02 5.000000000000000000e+00
-5.000000074505805969e-02 5.000000000000000000e+00
2.500000037252902985e-02 5.000000000000000000e+00
2.500000037252902985e-02 5.000000000000000000e+00
1.000000014901161194e-01 5.000000000000000000e+00
1.000000014901161194e-01 5.000000000000000000e+00
1.749999970197677612e-01 5.000000000000000000e+00
1.749999970197677612e-01 5.000000000000000000e+00
2.500000000000000000e-01 5.000000000000000000e+00
2.500000000000000000e-01 5.000000000000000000e+00
3.249999880790710449e-01 5.000000000000000000e+00
3.249999880790710449e-01 5.000000000000000000e+00
4.000000059604644775e-01 5.000000000000000000e+00
4.000000059604644775e-01 5.000000000000000000e+00
4.749999940395355225e-01 5.000000000000000000e+00
4.749999940395355225e-01 5.000000000000000000e+00
5.500000119209289551e-01 5.000000000000000000e+00
5.500000119209289551e-01 5.000000000000000000e+00
6.250000000000000000e-01 5.000000000000000000e+00
6.250000000000000000e-01 5.000000000000000000e+00
6.999999880790710449e-01 5.000000000000000000e+00
6.999999880790710449e-01 5.000000000000000000e+00
7.749999761581420898e-01 5.000000000000000000e+00
7.749999761581420898e-01 5.000000000000000000e+00
8.500000238418579102e-01 5.000000000000000000e+00
8.500000238418579102e-01 5.000000000000000000e+00
9.250000119209289551e-01 5.000000000000000000e+00
9.250000119209289551e-01 5.000000000000000000e+00
1.000000000000000000e+00 5.000000000000000000e+00
1.000000000000000000e+00 5.000000000000000000e+00
1.075000047683715820e+00 5.000000000000000000e+00
1.075000047683715820e+00 5.000000000000000000e+00
1.149999976158142090e+00 5.000000000000000000e+00
1.149999976158142090e+00 5.000000000000000000e+00
1.225000023841857910e+00 5.000000000000000000e+00
1.225000023841857910e+00 5.000000000000000000e+00
1.299999952316284180e+00 5.000000000000000000e+00
1.299999952316284180e+00 5.000000000000000000e+00
1.375000000000000000e+00 5.000000000000000000e+00
1.375000000000000000e+00 5.000000000000000000e+00
1.450000047683715820e+00 5.000000000000000000e+00
1.450000047683715820e+00 5.000000000000000000e+00
1.524999976158142090e+00 5.000000000000000000e+00
1.524999976158142090e+00 5.000000000000000000e+00
1.600000023841857910e+00 5.000000000000000000e+00
1.600000023841857910e+00 5.000000000000000000e+00
1.674999952316284180e+00 5.000000000000000000e+00
1.674999952316284180e+00 5.000000000000000000e+00
1.750000000000000000e+00 5.000000000000000000e+00
1.750000000000000000e+00 5.000000000000000000e+00
1.825000047683715820e+00 5.000000000000000000e+00
1.825000047683715820e+00 5.000000000000000000e+00
1.899999976158142090e+00 5.000000000000000000e+00
1.899999976158142090e+00 5.000000000000000000e+00
1.975000023841857910e+00 5.000000000000000000e+00
1.975000023841857910e+00 5.000000000000000000e+00
2.049999952316284180e+00 5.000000000000000000e+00
2.049999952316284180e+00 5.000000000000000000e+00
2.125000000000000000e+00 5.000000000000000000e+00
2.125000000000000000e+00 5.000000000000000000e+00
2.200000047683715820e+00 5.000000000000000000e+00
2.200000047683715820e+00 5.000000000000000000e+00
2.275000095367431641e+00 5.000000000000000000e+00
2.275000095367431641e+00 5.000000000000000000e+00
2.349999904632568359e+00 5.000000000000000000e+00
2.349999904632568359e+00 5.000000000000000000e+00
2.424999952316284180e+00 5.000000000000000000e+00
2.424999952316284180e+00 5.000000000000000000e+00
2.500000000000000000e+00 5.000000000000000000e+00
2.500000000000000000e+00 5.000000000000000000e+00
2.575000047683715820e+00 5.000000000000000000e+00
2.575000047683715820e+00 5.000000000000000000e+00
2.650000095367431641e+00 5.000000000000000000e+00
2.650000095367431641e+00 5.000000000000000000e+00
2.724999904632568359e+00 5.000000000000000000e+00
2.724999904632568359e+00 5.000000000000000000e+00
2.799999952316284180e+00 5.000000000000000000e+00
2.799999952316284180e+00 5.000000000000000000e+00
2.875000000000000000e+00 5.000000000000000000e+00
2.875000000000000000e+00 5.000000000000000000e+00
2.950000047683715820e+00 5.000000000000000000e+00
2.950000047683715820e+00 5.000000000000000000e+00
3.025000095367431641e+00 5.000000000000000000e+00
3.025000095367431641e+00 5.000000000000000000e+00
3.099999904632568359e+00 5.000000000000000000e+00
3.099999904632568359e+00 5.000000000000000000e+00
3.174999952316284180e+00 5.000000000000000000e+00
3.174999952316284180e+00 5.000000000000000000e+00
3.250000000000000000e+00 5.000000000000000000e+00
3.250000000000000000e+00 5.000000000000000000e+00
3.325000047683715820e+00 5.000000000000000000e+00
3.325000047683715820e+00 5.000000000000000000e+00
3.400000095367431641e+00 5.000000000000000000e+00
3.400000095367431641e+00 5.000000000000000000e+00
3.474999904632568359e+00 5.000000000000000000e+00
3.474999904632568359e+00 5.000000000000000000e+00
3.549999952316284180e+00 5.000000000000000000e+00
3.549999952316284180e+00 5.000000000000000000e+00
3.625000000000000000e+00 5.000000000000000000e+00
3.625000000000000000e+00 5.000000000000000000e+00
3.700000047683715820e+00 5.000000000000000000e+00
3.700000047683715820e+00 5.000000000000000000e+00
3.775000095367431641e+00 5.000000000000000000e+00
3.775000095367431641e+00 5.000000000000000000e+00
3.849999904632568359e+00 5.000000000000000000e+00
3.849999904632568359e+00 5.000000000000000000e+00
3.924999952316284180e+00 5.000000000000000000e+00
3.924999952316284180e+00 5.000000000000000000e+00
4.000000000000000000e+00 5.000000000000000000e+00
4.000000000000000000e+00 5.000000000000000000e+00
4.074999809265136719e+00 5.000000000000000000e+00
4.074999809265136719e+00 5.000000000000000000e+00
4.150000095367431641e+00 5.000000000000000000e+00
4.150000095367431641e+00 5.000000000000000000e+00
4.224999904632568359e+00 5.000000000000000000e+00
4.224999904632568359e+00 5.000000000000000000e+00
4.300000190734863281e+00 5.000000000000000000e+00
4.300000190734863281e+00 5.000000000000000000e+00
4.375000000000000000e+00 5.000000000000000000e+00
4.375000000000000000e+00 5.000000000000000000e+00
4.449999809265136719e+00 5.000000000000000000e+00
4.449999809265136719e+00 5.000000000000000000e+00
4.525000095367431641e+00 5.000000000000000000e+00
4.525000095367431641e+00 5.000000000000000000e+00
4.599999904632568359e+00 5.000000000000000000e+00
4.599999904632568359e+00 5.000000000000000000e+00
4.675000190734863281e+00 5.000000000000000000e+00
4.675000190734863281e+00 5.000000000000000000e+00
4.750000000000000000e+00 5.000000000000000000e+00
4.750000000000000000e+00 5.000000000000000000e+00
4.824999809265136719e+00 5.000000000000000000e+00
4.824999809265136719e+00 5.000000000000000000e+00
4.900000095367431641e+00 5.000000000000000000e+00
4.900000095367431641e+00 5.000000000000000000e+00
4.974999904632568359e+00 5.000000000000000000e+00
4.974999904632568359e+00 5.000000000000000000e+00
5.050000190734863281e+00 5.000000000000000000e+00
5.050000190734863281e+00 5.000000000000000000e+00
5.125000000000000000e+00 5.000000000000000000e+00
5.125000000000000000e+00 5.000000000000000000e+00
5.199999809265136719e+00 5.000000000000000000e+00
5.199999809265136719e+00 5.000000000000000000e+00
5.275000095367431641e+00 5.000000000000000000e+00
5.275000095367431641e+00 5.000000000000000000e+00
5.349999904632568359e+00 5.000000000000000000e+00
5.349999904632568359e+00 5.000000000000000000e+00
5.425000190734863281e+00 5.000000000000000000e+00
5.425000190734863281e+00 5.000000000000000000e+00
5.500000000000000000e+00 5.000000000000000000e+00
5.500000000000000000e+00 5.000000000000000000e+00
5.574999809265136719e+00 5.000000000000000000e+00
5.574999809265136719e+00 5.000000000000000000e+00
5.650000095367431641e+00 5.000000000000000000e+00
5.650000095367431641e+00 5.000000000000000000e+00
5.724999904632568359e+00 5.000000000000000000e+00
5.724999904632568359e+00 5.000000000000000000e+00
5.800000190734863281e+00 5.000000000000000000e+00
5.800000190734863281e+00 5.000000000000000000e+00
5.875000000000000000e+00 5.000000000000000000e+00
5.875000000000000000e+00 5.000000000000000000e+00
5.949999809265136719e+00 5.000000000000000000e+00
5.949999809265136719e+00 5.000000000000000000e+00
6.025000095367431641e+00 5.000000000000000000e+00
6.025000095367431641e+00 5.000000000000000000e+00
6.099999904632568359e+00 5.000000000000000000e+00
6.099999904632568359e+00 5.000000000000000000e+00
6.175000190734863281e+00 5.000000000000000000e+00
6.175000190734863281e+00 5.000000000000000000e+00
6.250000000000000000e+00 5.000000000000000000e+00
6.250000000000000000e+00 5.000000000000000000e+00
6.324999809265136719e+00 5.000000000000000000e+00
6.324999809265136719e+00 5.000000000000000000e+00
6.400000095367431641e+00 5.000000000000000000e+00
6.400000095367431641e+00 5.000000000000000000e+00
6.474999904632568359e+00 5.000000000000000000e+00
6.474999904632568359e+00 5.000000000000000000e+00
6.550000190734863281e+00 5.000000000000000000e+00
6.550000190734863281e+00 5.000000000000000000e+00
6.625000000000000000e+00 5.000000000000000000e+00
6.625000000000000000e+00 5.000000000000000000e+00
6.699999809265136719e+00 5.000000000000000000e+00
6.699999809265136719e+00 5.000000000000000000e+00
6.775000095367431641e+00 5.000000000000000000e+00
6.775000095367431641e+00 5.000000000000000000e+00
6.849999904632568359e+00 5.000000000000000000e+00
6.849999904632568359e+00 5.000000000000000000e+00
6.925000190734863281e+00 5.000000000000000000e+00
6.925000190734863281e+00 5.000000000000000000e+00
7.000000000000000000e+00 5.000000000000000000e+00
7.000000000000000000e+00 5.000000000000000000e+00
7.074999809265136719e+00 5.000000000000000000e+00
7.074999809265136719e+00 5.000000000000000000e+00
7.150000095367431641e+00 5.000000000000000000e+00
7.150000095367431641e+00 5.000000000000000000e+00
7.224999904632568359e+00 5.000000000000000000e+00
7.224999904632568359e+00 5.000000000000000000e+00
7.300000190734863281e+00 5.000000000000000000e+00
7.300000190734863281e+00 5.000000000000000000e+00
7.375000000000000000e+00 5.000000000000000000e+00
7.375000000000000000e+00 5.000000000000000000e+00
7.449999809265136719e+00 5.000000000000000000e+00
7.449999809265136719e+00 5.000000000000000000e+00
7.525000095367431641e+00 5.000000000000000000e+00
7.525000095367431641e+00 5.000000000000000000e+00
7.599999904632568359e+00 5.000000000000000000e+00
7.599999904632568359e+00 5.000000000000000000e+00
7.675000190734863281e+00 5.000000000000000000e+00
7.675000190734863281e+00 5.000000000000000000e+00
7.750000000000000000e+00 5.000000000000000000e+00
7.750000000000000000e+00 5.000000000000000000e+00
7.824999809265136719e+00 5.000000000000000000e+00
7.824999809265136719e+00 5.000000000000000000e+00
7.900000095367431641e+00 5.000000000000000000e+00
7.900000095367431641e+00 5.000000000000000000e+00
7.974999904632568359e+00 5.000000000000000000e+00
7.974999904632568359e+00 5.000000000000000000e+00
8.050000190734863281e+00 5.000000000000000000e+00
8.050000190734863281e+00 5.000000000000000000e+00
8.125000000000000000e+00 5.000000000000000000e+00
8.125000000000000000e+00 5.000000000000000000e+00
8.199999809265136719e+00 5.000000000000000000e+00
8.199999809265136719e+00 5.000000000000000000e+00
8.274999618530273438e+00 5.000000000000000000e+00
8.274999618530273438e+00 5.000000000000000000e+00
8.350000381469726562e+00 5.000000000000000000e+00
8.350000381469726562e+00 5.000000000000000000e+00
8.425000190734863281e+00 5.000000000000000000e+00
8.425000190734863281e+00 5.000000000000000000e+00
8.500000000000000000e+00 5.000000000000000000e+00
8.500000000000000000e+00 5.000000000000000000e+00
8.574999809265136719e+00 5.000000000000000000e+00
8.574999809265136719e+00 5.000000000000000000e+00
8.649999618530273438e+00 5.000000000000000000e+00
8.649999618530273438e+00 5.000000000000000000e+00
8.725000381469726562e+00 5.000000000000000000e+00
8.725000381469726562e+00 5.000000000000000000e+00
8.800000190734863281e+00 5.000000000000000000e+00
8.800000190734863281e+00 5.000000000000000000e+00
8.875000000000000000e+00 5.000000000000000000e+00
8.875000000000000000e+00 5.000000000000000000e+00
8.949999809265136719e+00 5.000000000000000000e+00
8.949999809265136719e+00 5.000000000000000000e+00
9.024999618530273438e+00 5.000000000000000000e+00
9.024999618530273438e+00 5.000000000000000000e+00
9.100000381469726562e+00 5.000000000000000000e+00
9.100000381469726562e+00 5.000000000000000000e+00
9.175000190734863281e+00 5.000000000000000000e+00
9.175000190734863281e+00 5.000000000000000000e+00
9.250000000000000000e+00 5.000000000000000000e+00
9.250000000000000000e+00 5.000000000000000000e+00
9.324999809265136719e+00 5.000000000000000000e+00
9.324999809265136719e+00 5.000000000000000000e+00
9.399999618530273438e+00 5.000000000000000000e+00
9.399999618530273438e+00 5.000000000000000000e+00
9.475000381469726562e+00 5.000000000000000000e+00
9.475000381469726562e+00 5.000000000000000000e+00
9.550000190734863281e+00 5.000000000000000000e+00
9.550000190734863281e+00 5.000000000000000000e+00
9.625000000000000000e+00 5.000000000000000000e+00
9.625000000000000000e+00 5.000000000000000000e+00
9.699999809265136719e+00 5.000000000000000000e+00
9.699999809265136719e+00 5.000000000000000000e+00
9.774999618530273438e+00 5.000000000000000000e+00
9.774999618530273438e+00 5.000000000000000000e+00
9.850000381469726562e+00 5.000000000000000000e+00
9.850000381469726562e+00 5.000000000000000000e+00
9.925000190734863281e+00 5.000000000000000000e+00
9.925000190734863281e+00 5.000000000000000000e+00
1.000000000000000000e+01 5.000000000000000000e+00
1.000000000000000000e+01 5.000000000000000000e+00
-5.000000000000000000e+00 5.000000000000000000e+00
-5.000000000000000000e+00 5.000000000000000000e+00
-4.925000190734863281e+00 5.000000000000000000e+00
-4.925000190734863281e+00 5.000000000000000000e+00
-4.849999904632568359e+00 5.000000000000000000e+00
-4.849999904632568359e+00 5.000000000000000000e+00
-4.775000095367431641e+00 5.000000000000000000e+00
-4.775000095367431641e+00 5.000000000000000000e+00
-4.699999809265136719e+00 5.000000000000000000e+00
-4.699999809265136719e+00 5.000000000000000000e+00
-4.625000000000000000e+00 5.000000000000000000e+00
-4.625000000000000000e+00 5.000000000000000000e+00
-4.550000190734863281e+00 5.000000000000000000e+00
-4.550000190734863281e+00 5.000000000000000000e+00
-4.474999904632568359e+00 5.000000000000000000e+00
-4.474999904632568359e+00 5.000000000000000000e+00
-4.400000095367431641e+00 5.000000000000000000e+00
-4.400000095367431641e+00 5.000000000000000000e+00
-4.324999809265136719e+00 5.000000000000000000e+00
-4.324999809265136719e+00 5.000000000000000000e+00
-4.250000000000000000e+00 5.000000000000000000e+00
-4.250000000000000000e+00 5.000000000000000000e+00
-4.175000190734863281e+00 5.000000000000000000e+00
-4.175000190734863281e+00 5.000000000000000000e+00
-4.099999904632568359e+00 5.000000000000000000e+00
-4.099999904632568359e+00 5.000000000000000000e+00
-4.025000095367431641e+00 5.000000000000000000e+00
-4.025000095367431641e+00 5.000000000000000000e+00
-3.950000047683715820e+00 5.000000000000000000e+00
-3.950000047683715820e+00 5.000000000000000000e+00
-3.875000000000000000e+00 5.000000000000000000e+00
-3.875000000000000000e+00 5.000000000000000000e+00
-3.799999952316284180e+00 5.000000000000000000e+00
-3.799999952316284180e+00 5.000000000000000000e+00
-3.724999904632568359e+00 5.000000000000000000e+00
-3.724999904632568359e+00 5.000000000000000000e+00
-3.650000095367431641e+00 5.000000000000000000e+00
-3.650000095367431641e+00 5.000000000000000000e+00
-3.575000047683715820e+00 5.000000000000000000e+00
-3.575000047683715820e+00 5.000000000000000000e+00
-3.500000000000000000e+00 5.000000000000000000e+00
-3.500000000000000000e+00 5.000000000000000000e+00
-3.424999952316284180e+00 5.000000000000000000e+00
-3.424999952316284180e+00 5.000000000000000000e+00
-3.349999904632568359e+00 5.000000000000000000e+00
-3.349999904632568359e+00 5.000000000000000000e+00
-3.275000095367431641e+00 5.000000000000000000e+00
-3.275000095367431641e+00 5.000000000000000000e+00
-3.200000047683715820e+00 5.000000000000000000e+00
-3.200000047683715820e+00 5.000000000000000000e+00
-3.125000000000000000e+00 5.000000000000000000e+00
-3.125000000000000000e+00 5.000000000000000000e+00
-3.049999952316284180e+00 5.000000000000000000e+00
-3.049999952316284180e+00 5.000000000000000000e+00
-2.974999904632568359e+00 5.000000000000000000e+00
-2.974999904632568359e+00 5.000000000000000000e+00
-2.900000095367431641e+00 5.000000000000000000e+00
-2.900000095367431641e+00 5.000000000000000000e+00
-2.825000047683715820e+00 5.000000000000000000e+00
-2.825000047683715820e+00 5.000000000000000000e+00
-2.750000000000000000e+00 5.000000000000000000e+00
-2.750000000000000000e+00 5.000000000000000000e+00
-2.674999952316284180e+00 5.000000000000000000e+00
-2.674999952316284180e+00 5.000000000000000000e+00
-2.599999904632568359e+00 5.000000000000000000e+00
-2.599999904632568359e+00 5.000000000000000000e+00
-2.525000095367431641e+00 5.000000000000000000e+00
-2.525000095367431641e+00 5.000000000000000000e+00
-2.450000047683715820e+00 5.000000000000000000e+00
-2.450000047683715820e+00 5.000000000000000000e+00
-2.375000000000000000e+00 5.000000000000000000e+00
-2.375000000000000000e+00 5.000000000000000000e+00
-2.299999952316284180e+00 5.000000000000000000e+00
-2.299999952316284180e+00 5.000000000000000000e+00
-2.224999904632568359e+00 5.000000000000000000e+00
-2.224999904632568359e+00 5.000000000000000000e+00
-2.150000095367431641e+00 5.000000000000000000e+00
-2.150000095367431641e+00 5.000000000000000000e+00
-2.075000047683715820e+00 5.000000000000000000e+00
-2.075000047683715820e+00 5.000000000000000000e+00
-2.000000000000000000e+00 5.000000000000000000e+00
-2.000000000000000000e+00 5.000000000000000000e+00
-1.924999952316284180e+00 5.000000000000000000e+00
-1.924999952316284180e+00 5.000000000000000000e+00
-1.850000023841857910e+00 5.000000000000000000e+00
-1.850000023841857910e+00 5.000000000000000000e+00
-1.774999976158142090e+00 5.000000000000000000e+00
-1.774999976158142090e+00 5.000000000000000000e+00
-1.700000047683715820e+00 5.000000000000000000e+00
-1.700000047683715820e+00 5.000000000000000000e+00
-1.625000000000000000e+00 5.000000000000000000e+00
-1.625000000000000000e+00 5.000000000000000000e+00
-1.549999952316284180e+00 5.000000000000000000e+00
-1.549999952316284180e+00 5.000000000000000000e+00
-1.475000023841857910e+00 5.000000000000000000e+00
-1.475000023841857910e+00 5.000000000000000000e+00
-1.399999976158142090e+00 5.000000000000000000e+00
-1.399999976158142090e+00 5.000000000000000000e+00
-1.325000047683715820e+00 5.000000000000000000e+00
-1.325000047683715820e+00 5.000000000000000000e+00
-1.250000000000000000e+00 5.000000000000000000e+00
-1.250000000000000000e+00 5.000000000000000000e+00
-1.174999952316284180e+00 5.000000000000000000e+00
-1.174999952316284180e+00 5.000000000000000000e+00
-1.100000023841857910e+00 5.000000000000000000e+00
-1.100000023841857910e+00 5.000000000000000000e+00
-1.024999976158142090e+00 5.000000000000000000e+00
-1.024999976158142090e+00 5.000000000000000000e+00
-9.499999880790710449e-01 5.000000000000000000e+00
-9.499999880790710449e-01 5.000000000000000000e+00
-8.750000000000000000e-01 5.000000000000000000e+00
-8.750000000000000000e-01 5.000000000000000000e+00
-8.000000119209289551e-01 5.000000000000000000e+00
-8.000000119209289551e-01 5.000000000000000000e+00
-7.250000238418579102e-01 5.000000000000000000e+00
-7.250000238418579102e-01 5.000000000000000000e+00
-6.499999761581420898e-01 5.000000000000000000e+00
-6.499999761581420898e-01 5.000000000000000000e+00
-5.749999880790710449e-01 5.000000000000000000e+00
-5.749999880790710449e-01 5.000000000000000000e+00
-5.000000000000000000e-01 5.000000000000000000e+00
-5.000000000000000000e-01 5.000000000000000000e+00
-4.250000119209289551e-01 5.000000000000000000e+00
-4.250000119209289551e-01 5.000000000000000000e+00
-3.499999940395355225e-01 5.000000000000000000e+00
-3.499999940395355225e-01 5.000000000000000000e+00
-2.750000059604644775e-01 5.000000000000000000e+00
-2.750000059604644775e-01 5.000000000000000000e+00
-2.000000029802322388e-01 5.000000000000000000e+00
-2.000000029802322388e-01 5.000000000000000000e+00
-1.250000000000000000e-01 5.000000000000000000e+00
-1.250000000000000000e-01 5.000000000000000000e+00
-5.000000074505805969e-02 5.000000000000000000e+00
-5.000000074505805969e-02 5.000000000000000000e+00
2.500000037252902985e-02 5.000000000000000000e+00
2.500000037252902985e-02 5.000000000000000000e+00
1.000000014901161194e-01 5.000000000000000000e+00
1.000000014901161194e-01 5.000000000000000000e+00
1.749999970197677612e-01 5.000000000000000000e+00
1.749999970197677612e-01 5.000000000000000000e+00
2.500000000000000000e-01 5.000000000000000000e+00
2.500000000000000000e-01 5.000000000000000000e+00
3.249999880790710449e-01 5.000000000000000000e+00
3.249999880790710449e-01 5.000000000000000000e+00
4.000000059604644775e-01 5.000000000000000000e+00
4.000000059604644775e-01 5.000000000000000000e+00
4.749999940395355225e-01 5.000000000000000000e+00
4.749999940395355225e-01 5.000000000000000000e+00
5.500000119209289551e-01 5.000000000000000000e+00
5.500000119209289551e-01 5.000000000000000000e+00
6.250000000000000000e-01 5.000000000000000000e+00
6.250000000000000000e-01 5.000000000000000000e+00
6.999999880790710449e-01 5.000000000000000000e+00
6.999999880790710449e-01 5.000000000000000000e+00
7.749999761581420898e-01 5.000000000000000000e+00
7.749999761581420898e-01 5.000000000000000000e+00
8.500000238418579102e-01 5.000000000000000000e+00
8.500000238418579102e-01 5.000000000000000000e+00
9.250000119209289551e-01 5.000000000000000000e+00
9.250000119209289551e-01 5.000000000000000000e+00
1.000000000000000000e+00 5.000000000000000000e+00
1.000000000000000000e+00 5.000000000000000000e+00
1.075000047683715820e+00 5.000000000000000000e+00
1.075000047683715820e+00 5.000000000000000000e+00
1.149999976158142090e+00 5.000000000000000000e+00
1.149999976158142090e+00 5.000000000000000000e+00
1.225000023841857910e+00 5.000000000000000000e+00
1.225000023841857910e+00 5.000000000000000000e+00
1.299999952316284180e+00 5.000000000000000000e+00
1.299999952316284180e+00 5.000000000000000000e+00
1.375000000000000000e+00 5.000000000000000000e+00
1.375000000000000000e+00 5.000000000000000000e+00
1.450000047683715820e+00 5.000000000000000000e+00
1.450000047683715820e+00 5.000000000000000000e+00
1.524999976158142090e+00 5.000000000000000000e+00
1.524999976158142090e+00 5.000000000000000000e+00
1.600000023841857910e+00 5.000000000000000000e+00
1.600000023841857910e+00 5.000000000000000000e+00
1.674999952316284180e+00 5.000000000000000000e+00
1.674999952316284180e+00 5.000000000000000000e+00
1.750000000000000000e+00 5.000000000000000000e+00
1.750000000000000000e+00 5.000000000000000000e+00
1.825000047683715820e+00 5.000000000000000000e+00
1.825000047683715820e+00 5.000000000000000000e+00
1.899999976158142090e+00 5.000000000000000000e+00
1.899999976158142090e+00 5.000000000000000000e+00
1.975000023841857910e+00 5.000000000000000000e+00
1.975000023841857910e+00 5.000000000000000000e+00
2.049999952316284180e+00 5.000000000000000000e+00
2.049999952316284180e+00 5.000000000000000000e+00
2.125000000000000000e+00 5.000000000000000000e+00
2.125000000000000000e+00 5.000000000000000000e+00
2.200000047683715820e+00 5.000000000000000000e+00
2.200000047683715820e+00 5.000000000000000000e+00
2.275000095367431641e+00 5.000000000000000000e+00
2.275000095367431641e+00 5.000000000000000000e+00
2.349999904632568359e+00 5.000000000000000000e+00
2.349999904632568359e+00 5.000000000000000000e+00
2.424999952316284180e+00 5.000000000000000000e+00
2.424999952316284180e+00 5.000000000000000000e+00
2.500000000000000000e+00 5.000000000000000000e+00
2.500000000000000000e+00 5.000000000000000000e+00
2.575000047683715820e+00 5.000000000000000000e+00
2.575000047683715820e+00 5.000000000000000000e+00
2.650000095367431641e+00 5.000000000000000000e+00
2.650000095367431641e+00 5.000000000000000000e+00
2.724999904632568359e+00 5.000000000000000000e+00
2.724999904632568359e+00 5.000000000000000000e+00
2.799999952316284180e+00 5.000000000000000000e+00
2.799999952316284180e+00 5.000000000000000000e+00
2.875000000000000000e+00 5.000000000000000000e+00
2.875000000000000000e+00 5.000000000000000000e+00
2.950000047683715820e+00 5.000000000000000000e+00
2.950000047683715820e+00 5.000000000000000000e+00
3.025000095367431641e+00 5.000000000000000000e+00
3.025000095367431641e+00 5.000000000000000000e+00
3.099999904632568359e+00 5.000000000000000000e+00
3.099999904632568359e+00 5.000000000000000000e+00
3.174999952316284180e+00 5.000000000000000000e+00
3.174999952316284180e+00 5.000000000000000000e+00
3.250000000000000000e+00 5.000000000000000000e+00
3.250000000000000000e+00 5.000000000000000000e+00
3.325000047683715820e+00 5.000000000000000000e+00
3.325000047683715820e+00 5.000000000000000000e+00
3.400000095367431641e+00 5.000000000000000000e+00
3.400000095367431641e+00 5.000000000000000000e+00
3.474999904632568359e+00 5.000000000000000000e+00
3.474999904632568359e+00 5.000000000000000000e+00
3.549999952316284180e+00 5.000000000000000000e+00
3.549999952316284180e+00 5.000000000000000000e+00
3.625000000000000000e+00 5.000000000000000000e+00
3.625000000000000000e+00 5.000000000000000000e+00
3.700000047683715820e+00 5.000000000000000000e+00
3.700000047683715820e+00 5.000000000000000000e+00
3.775000095367431641e+00 5.000000000000000000e+00
3.775000095367431641e+00 5.000000000000000000e+00
3.849999904632568359e+00 5.000000000000000000e+00
3.849999904632568359e+00 5.000000000000000000e+00
3.924999952316284180e+00 5.000000000000000000e+00
3.924999952316284180e+00 5.000000000000000000e+00
4.000000000000000000e+00 5.000000000000000000e+00
4.000000000000000000e+00 5.000000000000000000e+00
4.074999809265136719e+00 5.000000000000000000e+00
4.074999809265136719e+00 5.000000000000000000e+00
4.150000095367431641e+00 5.000000000000000000e+00
4.150000095367431641e+00 5.000000000000000000e+00
4.224999904632568359e+00 5.000000000000000000e+00
4.224999904632568359e+00 5.000000000000000000e+00
4.300000190734863281e+00 5.000000000000000000e+00
4.300000190734863281e+00 5.000000000000000000e+00
4.375000000000000000e+00 5.000000000000000000e+00
4.375000000000000000e+00 5.000000000000000000e+00
4.449999809265136719e+00 5.000000000000000000e+00
4.449999809265136719e+00 5.000000000000000000e+00
4.525000095367431641e+00 5.000000000000000000e+00
4.525000095367431641e+00 5.000000000000000000e+00
4.599999904632568359e+00 5.000000000000000000e+00
4.599999904632568359e+00 5.000000000000000000e+00
4.675000190734863281e+00 5.000000000000000000e+00
4.675000190734863281e+00 5.000000000000000000e+00
4.750000000000000000e+00 5.000000000000000000e+00
4.750000000000000000e+00 5.000000000000000000e+00
4.824999809265136719e+00 5.000000000000000000e+00
4.824999809265136719e+00 5.000000000000000000e+00
4.900000095367431641e+00 5.000000000000000000e+00
4.900000095367431641e+00 5.000000000000000000e+00
4.974999904632568359e+00 5.000000000000000000e+00
4.974999904632568359e+00 5.000000000000000000e+00
5.050000190734863281e+00 5.000000000000000000e+00
5.050000190734863281e+00 5.000000000000000000e+00
5.125000000000000000e+00 5.000000000000000000e+00
5.125000000000000000e+00 5.000000000000000000e+00
5.199999809265136719e+00 5.000000000000000000e+00
5.199999809265136719e+00 5.000000000000000000e+00
5.275000095367431641e+00 5.000000000000000000e+00
5.275000095367431641e+00 5.000000000000000000e+00
5.349999904632568359e+00 5.000000000000000000e+00
5.349999904632568359e+00 5.000000000000000000e+00
5.425000190734863281e+00 5.000000000000000000e+00
5.425000190734863281e+00 5.000000000000000000e+00
5.500000000000000000e+00 5.000000000000000000e+00
5.500000000000000000e+00 5.000000000000000000e+00
5.574999809265136719e+00 5.000000000000000000e+00
5.574999809265136719e+00 5.000000000000000000e+00
5.650000095367431641e+00 5.000000000000000000e+00
5.650000095367431641e+00 5.000000000000000000e+00
5.724999904632568359e+00 5.000000000000000000e+00
5.724999904632568359e+00 5.000000000000000000e+00
5.800000190734863281e+00 5.000000000000000000e+00
5.800000190734863281e+00 5.000000000000000000e+00
5.875000000000000000e+00 5.000000000000000000e+00
5.875000000000000000e+00 5.000000000000000000e+00
5.949999809265136719e+00 5.000000000000000000e+00
5.949999809265136719e+00 5.000000000000000000e+00
6.025000095367431641e+00 5.000000000000000000e+00
6.025000095367431641e+00 5.000000000000000000e+00
6.099999904632568359e+00 5.000000000000000000e+00
6.099999904632568359e+00 5.000000000000000000e+00
6.175000190734863281e+00 5.000000000000000000e+00
6.175000190734863281e+00 5.000000000000000000e+00
6.250000000000000000e+00 5.000000000000000000e+00
6.250000000000000000e+00 5.000000000000000000e+00
6.324999809265136719e+00 5.000000000000000000e+00
6.324999809265136719e+00 5.000000000000000000e+00
6.400000095367431641e+00 5.000000000000000000e+00
6.400000095367431641e+00 5.000000000000000000e+00
6.474999904632568359e+00 5.000000000000000000e+00
6.474999904632568359e+00 5.000000000000000000e+00
6.550000190734863281e+00 5.000000000000000000e+00
6.550000190734863281e+00 5.000000000000000000e+00
6.625000000000000000e+00 5.000000000000000000e+00
6.625000000000000000e+00 5.000000000000000000e+00
6.699999809265136719e+00 5.000000000000000000e+00
6.699999809265136719e+00 5.000000000000000000e+00
6.775000095367431641e+00 5.000000000000000000e+00
6.775000095367431641e+00 5.000000000000000000e+00
6.849999904632568359e+00 5.000000000000000000e+00
6.849999904632568359e+00 5.000000000000000000e+00
6.925000190734863281e+00 5.000000000000000000e+00
6.925000190734863281e+00 5.000000000000000000e+00
7.000000000000000000e+00 5.000000000000000000e+00
7.000000000000000000e+00 5.000000000000000000e+00
7.074999809265136719e+00 5.000000000000000000e+00
7.074999809265136719e+00 5.000000000000000000e+00
7.150000095367431641e+00 5.000000000000000000e+00
7.150000095367431641e+00 5.000000000000000000e+00
7.224999904632568359e+00 5.000000000000000000e+00
7.224999904632568359e+00 5.000000000000000000e+00
7.300000190734863281e+00 5.000000000000000000e+00
7.300000190734863281e+00 5.000000000000000000e+00
7.375000000000000000e+00 5.000000000000000000e+00
7.375000000000000000e+00 5.000000000000000000e+00
7.449999809265136719e+00 5.000000000000000000e+00
7.449999809265136719e+00 5.000000000000000000e+00
7.525000095367431641e+00 5.000000000000000000e+00
7.525000095367431641e+00 5.000000000000000000e+00
7.599999904632568359e+00 5.000000000000000000e+00
7.599999904632568359e+00 5.000000000000000000e+00
7.675000190734863281e+00 5.000000000000000000e+00
7.675000190734863281e+00 5.000000000000000000e+00
7.750000000000000000e+00 5.000000000000000000e+00
7.750000000000000000e+00 5.000000000000000000e+00
7.824999809265136719e+00 5.000000000000000000e+00
7.824999809265136719e+00 5.000000000000000000e+00
7.900000095367431641e+00 5.000000000000000000e+00
7.900000095367431641e+00 5.000000000000000000e+00
7.974999904632568359e+00 5.000000000000000000e+00
7.974999904632568359e+00 5.000000000000000000e+00
8.050000190734863281e+00 5.000000000000000000e+00
8.050000190734863281e+00 5.000000000000000000e+00
8.125000000000000000e+00 5.000000000000000000e+00
8.125000000000000000e+00 5.000000000000000000e+00
8.199999809265136719e+00 5.000000000000000000e+00
8.199999809265136719e+00 5.000000000000000000e+00
8.274999618530273438e+00 5.000000000000000000e+00
8.274999618530273438e+00 5.000000000000000000e+00
8.350000381469726562e+00 5.000000000000000000e+00
8.350000381469726562e+00 5.000000000000000000e+00
8.425000190734863281e+00 5.000000000000000000e+00
8.425000190734863281e+00 5.000000000000000000e+00
8.500000000000000000e+00 5.000000000000000000e+00
8.500000000000000000e+00 5.000000000000000000e+00
8.574999809265136719e+00 5.000000000000000000e+00
8.574999809265136719e+00 5.000000000000000000e+00
8.649999618530273438e+00 5.000000000000000000e+00
8.649999618530273438e+00 5.000000000000000000e+00
8.725000381469726562e+00 5.000000000000000000e+00
8.725000381469726562e+00 5.000000000000000000e+00
8.800000190734863281e+00 5.000000000000000000e+00
8.800000190734863281e+00 5.000000000000000000e+00
8.875000000000000000e+00 5.000000000000000000e+00
8.875000000000000000e+00 5.000000000000000000e+00
8.949999809265136719e+00 5.000000000000000000e+00
8.949999809265136719e+00 5.000000000000000000e+00
9.024999618530273438e+00 5.000000000000000000e+00
9.024999618530273438e+00 5.000000000000000000e+00
9.100000381469726562e+00 5.000000000000000000e+00
9.100000381469726562e+00 5.000000000000000000e+00
9.175000190734863281e+00 5.000000000000000000e+00
9.175000190734863281e+00 5.000000000000000000e+00
9.250000000000000000e+00 5.000000000000000000e+00
9.250000000000000000e+00 5.000000000000000000e+00
9.324999809265136719e+00 5.000000000000000000e+00
9.324999809265136719e+00 5.000000000000000000e+00
9.399999618530273438e+00 5.000000000000000000e+00
9.399999618530273438e+00 5.000000000000000000e+00
9.475000381469726562e+00 5.000000000000000000e+00
9.475000381469726562e+00 5.000000000000000000e+00
9.550000190734863281e+00 5.000000000000000000e+00
9.550000190734863281e+00 5.000000000000000000e+00
9.625000000000000000e+00 5.000000000000000000e+00
9.625000000000000000e+00 5.000000000000000000e+00
9.699999809265136719e+00 5.000000000000000000e+00
9.699999809265136719e+00 5.000000000000000000e+00
9.774999618530273438e+00 5.000000000000000000e+00
9.774999618530273438e+00 5.000000000000000000e+00
9.850000381469726562e+00 5.000000000000000000e+00
9.850000381469726562e+00 5.000000000000000000e+00
9.925000190734863281e+00 5.000000000000000000e+00
9.925000190734863281e+00 5.000000000000000000e+00
1.000000000000000000e+01 5.000000000000000000e+00
1.000000000000000000e+01 5.000000000000000000e+00
3.624942600727081299e-01 9.749891757965087891e-01
-9.124926328659057617e-01 1.749990731477737427e-01
2.950000047683715820e+00 -3.750000000000000000e-01
-1.587499976158142090e+00 -1.200000047683715820e+00
5.499510169029235840e-01 3.999773263931274414e-01
-2.599999904632568359e+00 1.000000000000000000e+00
-1.437412649393081665e-01 9.249316453933715820e-01
2.500000000000000000e+00 1.500000059604644775e-01
-5.560469031333923340e-01 5.498356223106384277e-01
9.812499880790710449e-01 1.000000000000000000e+00
5.874999761581420898e-01 1.850000023841857910e+00
-1.212499976158142090e+00 -3.000000119209289551e-01
3.040489256381988525e-01 -5.464286208152770996e-01
2.837500095367431641e+00 -9.499999880790710449e-01
6.400000095367431641e+00 -1.899999976158142090e+00
5.912499904632568359e+00 -2.049999952316284180e+00
4.074999809265136719e+00 -7.500000000000000000e-01
-8.562499880790710449e-01 8.000000119209289551e-01
3.887500047683715820e+00 -7.500000000000000000e-01
2.275000095367431641e+00 -1.749999970197677612e-01
2.499992698431015015e-01 -1.099997878074645996e+00
4.862500190734863281e+00 -4.000000059604644775e-01
-9.875000119209289551e-01 1.549999952316284180e+00
4.337500095367431641e+00 -4.000000059604644775e-01
2.650000095367431641e+00 1.100000023841857910e+00
2.181250095367431641e+00 -7.500000000000000000e-01
2.307045310735702515e-01 6.987924575805664062e-01
-7.246825695037841797e-01 2.249314635992050171e-01
-1.100000023841857910e+00 3.249999880790710449e-01
1.450000047683715820e+00 -1.750000000000000000e+00
-7.250000238418579102e-01 1.100000023841857910e+00
2.575000047683715820e+00 2.750000059604644775e-01
-8.937474489212036133e-01 -3.999992907047271729e-01
4.374828040599822998e-01 -8.749713897705078125e-01
-1.174999952316284180e+00 4.199999809265136719e+00
1.431249976158142090e+00 -1.149999976158142090e+00
-7.437484264373779297e-01 -6.999989151954650879e-01
1.918750047683715820e+00 4.749999940395355225e-01
3.624660968780517578e-01 -8.749388456344604492e-01
2.387500047683715820e+00 -7.749999761581420898e-01
4.224999904632568359e+00 -3.500000000000000000e+00
5.724999904632568359e+00 -3.599999904632568359e+00
9.024999618530273438e+00 1.299999952316284180e+00
3.437500000000000000e+00 1.549999952316284180e+00
-6.873957812786102295e-02 8.998543620109558105e-01
5.311650633811950684e-01 5.498396158218383789e-01
-4.250000119209289551e-01 3.099999904632568359e+00
-6.870052963495254517e-02 7.994102835655212402e-01
2.349999904632568359e+00 -9.750000238418579102e-01
1.881250023841857910e+00 -2.500000000000000000e-01
-5.149041414260864258e-01 -1.241119429469108582e-01
-9.875000119209289551e-01 6.499999761581420898e-01
-1.399999976158142090e+00 -3.099999904632568359e+00
2.593750000000000000e+00 6.999999880790710449e-01
-4.999998211860656738e-01 1.024999737739562988e+00
1.450000047683715820e+00 -3.599999904632568359e+00
-8.747335523366928101e-02 -8.497165441513061523e-01
2.818749904632568359e+00 7.250000238418579102e-01
2.650000095367431641e+00 2.700000047683715820e+00
1.937500000000000000e+00 -3.000000119209289551e-01
3.625000000000000000e+00 -6.499999761581420898e-01
3.061508536338806152e-01 8.248069882392883301e-01
2.650000095367431641e+00 -6.000000238418579102e-01
8.949999809265136719e+00 -2.400000095367431641e+00
-1.325000047683715820e+00 -1.100000023841857910e+00
-2.937342226505279541e-01 -8.499550819396972656e-01
1.600000023841857910e+00 8.750000000000000000e-01
1.899999976158142090e+00 -3.499999940395355225e-01
1.524999976158142090e+00 -5.000000000000000000e-01
6.998553872108459473e-01 -1.999499946832656860e-01
9.774999618530273438e+00 -4.500000000000000000e+00
-9.124998450279235840e-01 -5.999999642372131348e-01
3.887500047683715820e+00 2.049999952316284180e+00
-2.150000095367431641e+00 4.800000190734863281e+00
-8.000000119209289551e-01 -1.799999952316284180e+00
9.024999618530273438e+00 -3.500000000000000000e+00
-5.562453269958496094e-01 8.249952793121337891e-01
9.812499880790710449e-01 7.749999761581420898e-01
1.450000047683715820e+00 -7.749999761581420898e-01
-6.491610407829284668e-01 2.497678399085998535e-01
1.993749976158142090e+00 1.200000047683715820e+00
-4.435017108917236328e-01 6.247391104698181152e-01
1.806249976158142090e+00 8.750000000000000000e-01
3.059662878513336182e-01 -7.494721412658691406e-01
4.224999904632568359e+00 -3.499999940395355225e-01
8.274999618530273438e+00 4.300000190734863281e+00
-4.437498450279235840e-01 1.049999713897705078e+00
2.087500095367431641e+00 4.749999940395355225e-01
2.706249952316284180e+00 -3.249999880790710449e-01
2.762500047683715820e+00 -8.249999880790710449e-01
5.050000190734863281e+00 -4.800000190734863281e+00
2.068749904632568359e+00 -5.249999761581420898e-01
-7.436069846153259277e-01 -2.999616265296936035e-01
3.812468051910400391e-01 9.999940991401672363e-01
-7.624967098236083984e-01 -6.249980926513671875e-01
-4.400000095367431641e+00 -3.000000119209289551e-01
2.162499904632568359e+00 -1.024999976158142090e+00
2.875000000000000000e+00 4.099999904632568359e+00
-5.374999642372131348e-01 1.100000023841857910e+00
1.056249976158142090e+00 5.749999880790710449e-01
-6.499999761581420898e-01 -4.199999809265136719e+00
5.949999809265136719e+00 5.000000000000000000e-01
2.706249952316284180e+00 1.250000000000000000e-01
-4.550000190734863281e+00 -4.599999904632568359e+00
3.962500095367431641e+00 1.350000023841857910e+00
-9.499999880790710449e-01 -4.500000000000000000e+00
8.500000000000000000e+00 4.800000190734863281e+00
2.724999904632568359e+00 -2.799999952316284180e+00
3.549999952316284180e+00 1.100000023841857910e+00
2.837500095367431641e+00 3.000000119209289551e-01
9.624999761581420898e-01 -1.600000023841857910e+00
6.812395453453063965e-01 4.749963283538818359e-01
2.631249904632568359e+00 -2.500000000000000000e-01
5.724999904632568359e+00 4.500000000000000000e+00
1.112499952316284180e+00 -2.500000037252902985e-02
7.000000000000000000e+00 4.500000000000000000e+00
9.550000190734863281e+00 -3.799999952316284180e+00
1.149999976158142090e+00 7.500000000000000000e-01
5.012499809265136719e+00 -1.799999952316284180e+00
4.974999904632568359e+00 5.000000074505805969e-02
1.918750047683715820e+00 2.249999940395355225e-01
8.125000000000000000e-01 8.499999642372131348e-01
-1.512500047683715820e+00 5.000000000000000000e-01
1.225000023841857910e+00 7.500000000000000000e-01
3.887500047683715820e+00 -4.499999880790710449e-01
5.124987959861755371e-01 -4.249127209186553955e-01
1.656250000000000000e+00 -1.100000023841857910e+00
6.812456250190734863e-01 5.249966382980346680e-01
-2.750000000000000000e+00 -5.000000000000000000e-01
2.293750047683715820e+00 -6.750000119209289551e-01
1.093750000000000000e+00 1.250000000000000000e+00
2.500000037252902985e-02 4.199999809265136719e+00
2.256249904632568359e+00 -1.250000000000000000e-01
1.243749976158142090e+00 -6.250000000000000000e-01
1.543750047683715820e+00 8.249999880790710449e-01
2.124999761581420898e-01 -1.249999880790710449e+00
6.025000095367431641e+00 -1.549999952316284180e+00
-2.224999904632568359e+00 4.900000095367431641e+00
4.210315346717834473e-01 3.016689419746398926e-01
6.811691522598266602e-01 4.995733126997947693e-02
4.974999904632568359e+00 4.599999904632568359e+00
1.562500000000000000e+00 -1.749999970197677612e-01
7.749999761581420898e-01 1.399999976158142090e+00
2.106250047683715820e+00 -2.750000059604644775e-01
-1.624977439641952515e-01 9.999826550483703613e-01
-3.500000000000000000e+00 3.900000095367431641e+00
-1.812499761581420898e-01 -1.224999785423278809e+00
-2.075000047683715820e+00 4.199999809265136719e+00
1.933851391077041626e-01 -7.240077257156372070e-01
8.499955534934997559e-01 -2.749985456466674805e-01
4.599999904632568359e+00 9.499999880790710449e-01
2.424999952316284180e+00 -2.500000037252902985e-02
6.849999904632568359e+00 2.000000029802322388e-01
-2.299999952316284180e+00 -5.000000000000000000e-01
9.175000190734863281e+00 3.099999904632568359e+00
3.812500000000000000e+00 4.000000059604644775e-01
2.724999904632568359e+00 -3.750000000000000000e-01
5.349999904632568359e+00 2.900000095367431641e+00
-5.000000000000000000e+00 -4.099999904632568359e+00
3.062304854393005371e-01 -9.249595999717712402e-01
3.549999952316284180e+00 4.499999880790710449e-01
3.611765801906585693e-01 5.729604363441467285e-01
5.162499904632568359e+00 -1.399999976158142090e+00
-1.024999499320983887e+00 2.499999292194843292e-02
-4.400000095367431641e+00 2.700000047683715820e+00
-9.499999284744262695e-01 5.999999642372131348e-01
2.310965359210968018e-01 7.996281981468200684e-01
1.731250047683715820e+00 -4.250000119209289551e-01
-6.687258481979370117e-01 -5.999835729598999023e-01
6.249994784593582153e-02 1.174999117851257324e+00
1.637500047683715820e+00 -9.499999880790710449e-01
2.387500047683715820e+00 8.249999880790710449e-01
7.749701738357543945e-01 -1.249893605709075928e-01
3.625000000000000000e+00 4.900000095367431641e+00
-1.998269408941268921e-01 6.993292570114135742e-01
-1.475000023841857910e+00 2.700000047683715820e+00
2.200000047683715820e+00 -9.250000119209289551e-01
2.049999952316284180e+00 -1.225000023841857910e+00
1.299999952316284180e+00 7.250000238418579102e-01
6.400000095367431641e+00 -5.000000000000000000e+00
1.581249952316284180e+00 5.000000000000000000e-01
4.750000000000000000e+00 -3.099999904632568359e+00
-1.174999952316284180e+00 -2.000000029802322388e-01
6.437447667121887207e-01 5.749897956848144531e-01
2.012500047683715820e+00 1.100000023841857910e+00
3.887500047683715820e+00 5.000000000000000000e-01
6.849999904632568359e+00 3.700000047683715820e+00
2.799999952316284180e+00 -3.750000000000000000e-01
4.787499904632568359e+00 6.999999880790710449e-01
2.631249904632568359e+00 4.749999940395355225e-01
-5.562344193458557129e-01 7.499849796295166016e-01
2.049999952316284180e+00 2.200000047683715820e+00
-8.562452793121337891e-01 -4.249985516071319580e-01
-8.750000000000000000e-01 -8.999999761581420898e-01
2.312500000000000000e+00 1.000000000000000000e+00
-7.624955773353576660e-01 -5.999975800514221191e-01
1.581249952316284180e+00 8.999999761581420898e-01
-3.124939650297164917e-02 -1.024980664253234863e+00
1.562500000000000000e+00 -6.999999880790710449e-01
1.524999976158142090e+00 -8.000000119209289551e-01
2.706249952316284180e+00 -8.750000000000000000e-01
2.125000059604644775e-01 1.500000000000000000e+00
9.999997168779373169e-02 1.224999666213989258e+00
1.956249952316284180e+00 -2.750000059604644775e-01
-2.935772836208343506e-01 -6.746638417243957520e-01
2.049999952316284180e+00 -9.250000119209289551e-01
2.049999952316284180e+00 -5.249999761581420898e-01
-2.750000000000000000e+00 4.900000095367431641e+00
1.674999952316284180e+00 -3.500000000000000000e+00
-7.249142527580261230e-01 -3.999682664871215820e-01
2.443749904632568359e+00 -3.750000000000000000e-01
1.393749952316284180e+00 -7.250000238418579102e-01
-1.174999952316284180e+00 1.250000000000000000e-01
5.349999904632568359e+00 4.699999809265136719e+00
-1.812487095594406128e-01 -1.024990677833557129e+00
-8.187464475631713867e-01 5.249984860420227051e-01
2.462500095367431641e+00 1.049999952316284180e+00
2.406250000000000000e+00 -3.750000000000000000e-01
5.762499809265136719e+00 1.000000000000000000e+00
8.312473893165588379e-01 -3.999993205070495605e-01
2.781250000000000000e+00 1.075000047683715820e+00
-2.559560835361480713e-01 -6.243401169776916504e-01
-5.374999642372131348e-01 1.149999976158142090e+00
-4.099999904632568359e+00 -3.000000119209289551e-01
-2.150000095367431641e+00 1.899999976158142090e+00
6.436488032341003418e-01 -4.993873089551925659e-02
1.018749952316284180e+00 2.249999791383743286e-01
2.612499952316284180e+00 -2.249999940395355225e-01
2.875000000000000000e+00 -1.225000023841857910e+00
-7.250000238418579102e-01 -3.900000095367431641e+00
1.112499952316284180e+00 -6.000000238418579102e-01
-5.562499165534973145e-01 -1.049999952316284180e+00
2.443749904632568359e+00 1.149999976158142090e+00
5.949999809265136719e+00 6.499999761581420898e-01
1.037500023841857910e+00 1.950000047683715820e+00
-6.875000000000000000e-01 -1.149999976158142090e+00
-1.250000000000000000e+00 1.350000023841857910e+00
4.150000095367431641e+00 1.649999976158142090e+00
2.893749952316284180e+00 -9.499999880790710449e-01
9.999880939722061157e-02 1.049989461898803711e+00
2.087500095367431641e+00 -4.250000119209289551e-01
-3.125000000000000000e+00 -2.500000000000000000e+00
-3.575000047683715820e+00 2.000000000000000000e+00
2.500000000000000000e-01 -2.299999952316284180e+00
2.125000000000000000e+00 5.500000119209289551e-01
-2.375000000000000000e+00 1.299999952316284180e+00
2.537499904632568359e+00 -1.500000000000000000e+00
1.187500000000000000e+00 -8.000000119209289551e-01
2.668750047683715820e+00 -6.750000119209289551e-01
-1.062084063887596130e-01 8.246366381645202637e-01
-1.024999618530273438e+00 -7.499998062849044800e-02
7.937499880790710449e-01 9.250000119209289551e-01
2.631249904632568359e+00 8.750000000000000000e-01
-8.937332034111022949e-01 -5.732744834396896749e-10
9.550000190734863281e+00 -2.099999904632568359e+00
2.143749952316284180e+00 -1.250000000000000000e+00
-3.950000047683715820e+00 -3.700000047683715820e+00
1.656250000000000000e+00 -1.200000047683715820e+00
1.750000000000000000e+00 -5.749999880790710449e-01
3.062500000000000000e+00 1.299999952316284180e+00
-6.874718517065048218e-02 9.749566316604614258e-01
4.337500095367431641e+00 -1.200000047683715820e+00
-8.562451004981994629e-01 -4.249984920024871826e-01
4.862500190734863281e+00 1.200000047683715820e+00
5.199999809265136719e+00 4.599999904632568359e+00
3.662499904632568359e+00 -1.850000023841857910e+00
8.875000000000000000e+00 4.099999904632568359e+00
6.250000000000000000e-01 -1.600000023841857910e+00
1.018749952316284180e+00 6.499999761581420898e-01
3.025000095367431641e+00 3.499999940395355225e-01
-9.499978423118591309e-01 -2.249996811151504517e-01
1.806249976158142090e+00 -9.499999880790710449e-01
1.562500000000000000e+00 1.250000000000000000e-01
-1.700000047683715820e+00 5.000000000000000000e-01
2.312500000000000000e+00 -7.500000000000000000e-01
2.818749904632568359e+00 1.049999952316284180e+00
1.262500047683715820e+00 -1.149999976158142090e+00
3.549999952316284180e+00 1.799999952316284180e+00
5.724999904632568359e+00 -1.350000023841857910e+00
4.937500000000000000e+00 -1.450000047683715820e+00
8.312500119209289551e-01 -1.024999976158142090e+00
1.748185008764266968e-01 -7.744088172912597656e-01
3.249999880790710449e-01 -1.950000047683715820e+00
-2.000000029802322388e-01 -1.649999976158142090e+00
5.675258636474609375e-01 1.745882928371429443e-01
5.874795913696289062e-01 -5.499574542045593262e-01
4.937500059604644775e-01 -1.225000023841857910e+00
2.781250000000000000e+00 3.249999880790710449e-01
4.412499904632568359e+00 2.000000029802322388e-01
2.049999952316284180e+00 -5.000000000000000000e-01
-3.125000000000000000e+00 4.800000190734863281e+00
-5.916904807090759277e-01 -1.994533538818359375e-01
7.749999761581420898e-01 -8.499999642372131348e-01
7.374995946884155273e-01 6.249994039535522461e-01
3.625000000000000000e+00 2.200000047683715820e+00
2.349999904632568359e+00 -4.000000000000000000e+00
7.150000095367431641e+00 -4.400000095367431641e+00
1.768749952316284180e+00 7.500000298023223877e-02
-1.811447292566299438e-01 -7.494932413101196289e-01
1.562500000000000000e+00 1.049999952316284180e+00
2.537499904632568359e+00 6.999999880790710449e-01
-8.749849796295166016e-01 -2.249974906444549561e-01
5.012499809265136719e+00 6.999999880790710449e-01
-5.187394618988037109e-01 7.999891042709350586e-01
2.968750000000000000e+00 -8.500000238418579102e-01
7.562500238418579102e-01 -1.100000023841857910e+00
4.037499904632568359e+00 -1.000000000000000000e+00
-2.599999904632568359e+00 1.299999952316284180e+00
2.481250047683715820e+00 -3.000000119209289551e-01
7.900000095367431641e+00 1.600000023841857910e+00
5.312434434890747070e-01 -8.499894738197326660e-01
1.712499976158142090e+00 -4.499999880790710449e-01
8.125000000000000000e-01 1.149999976158142090e+00
1.524999976158142090e+00 -8.249999880790710449e-01
-3.122076392173767090e-01 6.245399117469787598e-01
1.412500023841857910e+00 8.000000119209289551e-01
-1.325000047683715820e+00 -4.800000190734863281e+00
-8.749969601631164551e-01 4.249990880489349365e-01
7.937499880790710449e-01 1.200000047683715820e+00
2.462500095367431641e+00 1.950000047683715820e+00
1.356250047683715820e+00 -1.024999976158142090e+00
-9.499999880790710449e-01 3.799999952316284180e+00
-2.937499880790710449e-01 -1.199999928474426270e+00
-3.724999904632568359e+00 -2.400000095367431641e+00
5.762499809265136719e+00 -3.000000119209289551e-01
5.987500190734863281e+00 -6.499999761581420898e-01
1.956249952316284180e+00 -3.000000119209289551e-01
7.675000190734863281e+00 4.599999904632568359e+00
-5.926307439804077148e-01 2.995801270008087158e-01
1.262500047683715820e+00 -5.749999880790710449e-01
3.212500095367431641e+00 -9.499999880790710449e-01
-2.825000047683715820e+00 -5.000000000000000000e+00
-2.599999904632568359e+00 -2.500000000000000000e+00
-9.687498807907104492e-01 -4.999999701976776123e-01
8.499987125396728516e-01 4.249996542930603027e-01
2.500000037252902985e-02 -3.700000047683715820e+00
-9.687491655349731445e-01 2.999998331069946289e-01
2.612499952316284180e+00 7.500000298023223877e-02
-4.985387325286865234e-01 3.490994870662689209e-01
1.787500023841857910e+00 -1.250000000000000000e+00
1.431249976158142090e+00 -3.000000119209289551e-01
3.625000000000000000e+00 3.000000000000000000e+00
1.075000047683715820e+00 3.249999880790710449e-01
1.993749976158142090e+00 -6.499999761581420898e-01
2.087500095367431641e+00 -2.500000037252902985e-02
-4.625000000000000000e+00 5.000000000000000000e-01
1.056249976158142090e+00 -1.075000047683715820e+00
7.074999809265136719e+00 -1.700000047683715820e+00
7.300000190734863281e+00 -3.700000047683715820e+00
4.712500095367431641e+00 1.950000047683715820e+00
6.062499284744262695e-01 -1.049999952316284180e+00
-4.474999904632568359e+00 2.700000047683715820e+00
-3.875000000000000000e+00 1.100000023841857910e+00
1.787500023841857910e+00 -2.000000029802322388e-01
3.436931073665618896e-01 -8.498955965042114258e-01
1.186212226748466492e-01 7.742990851402282715e-01
1.918750047683715820e+00 -6.250000000000000000e-01
2.724999904632568359e+00 4.599999904632568359e+00
2.668750047683715820e+00 -5.249999761581420898e-01
4.374477267265319824e-01 7.999148964881896973e-01
2.031250000000000000e+00 -8.249999880790710449e-01
3.250000000000000000e+00 2.799999952316284180e+00
2.256249904632568359e+00 -6.250000000000000000e-01
6.699999809265136719e+00 -4.000000000000000000e+00
-2.374990284442901611e-01 1.024994730949401855e+00
1.431249976158142090e+00 3.249999880790710449e-01
2.162499904632568359e+00 -8.750000000000000000e-01
-3.275000095367431641e+00 1.899999976158142090e+00
3.025000095367431641e+00 -1.750000000000000000e+00
5.800000190734863281e+00 5.500000119209289551e-01
1.149999976158142090e+00 8.999999761581420898e-01
4.487500190734863281e+00 -1.299999952316284180e+00
8.687499761581420898e-01 -9.499999880790710449e-01
6.437488198280334473e-01 -7.999978661537170410e-01
1.131250023841857910e+00 -3.023016212355678078e-11
-2.561436295509338379e-01 7.246994376182556152e-01
9.624999761581420898e-01 -4.749999940395355225e-01
2.837500095367431641e+00 1.500000059604644775e-01
4.562365114688873291e-01 8.749778270721435547e-01
3.587500095367431641e+00 1.500000000000000000e+00
4.525000095367431641e+00 1.000000014901161194e-01
5.687451958656311035e-01 8.249922394752502441e-01
2.837500095367431641e+00 -3.000000119209289551e-01
2.968750000000000000e+00 -8.999999761581420898e-01
2.087500095367431641e+00 -4.250000119209289551e-01
4.000000059604644775e-01 -1.649999976158142090e+00
-5.749999880790710449e-01 -4.599999904632568359e+00
3.400000095367431641e+00 5.000000000000000000e-01
2.125000000000000000e+00 -2.249999940395355225e-01
2.349999904632568359e+00 3.299999952316284180e+00
-3.867907226085662842e-01 5.492150187492370605e-01
8.800000190734863281e+00 -1.100000023841857910e+00
-2.974999904632568359e+00 -1.899999976158142090e+00
5.724999904632568359e+00 -6.000000238418579102e-01
3.512500047683715820e+00 -8.000000119209289551e-01
-1.062465161085128784e-01 9.749626517295837402e-01
1.637500047683715820e+00 -1.549999952316284180e+00
2.968750000000000000e+00 3.000000119209289551e-01
6.999990344047546387e-01 6.249981522560119629e-01
1.975000023841857910e+00 5.000000000000000000e-01
9.699999809265136719e+00 -3.500000000000000000e+00
3.474999904632568359e+00 2.500000000000000000e+00
-4.249522089958190918e-01 -7.499432563781738281e-01
7.187500000000000000e-01 9.749999642372131348e-01
5.875000000000000000e+00 -4.500000000000000000e+00
1.750000000000000000e+00 1.075000047683715820e+00
1.056249976158142090e+00 -1.250000000000000000e+00
5.650000095367431641e+00 -6.000000238418579102e-01
2.406250000000000000e+00 -1.250000000000000000e+00
-7.437489032745361328e-01 -7.249992489814758301e-01
2.875000000000000000e+00 -0.000000000000000000e+00
4.187500000000000000e+00 -1.000000014901161194e-01
-2.000000000000000000e+00 -2.500000000000000000e+00
2.237499952316284180e+00 1.299999952316284180e+00
1.037500023841857910e+00 4.999999329447746277e-02
3.249990344047546387e-01 1.074997901916503906e+00
3.775000095367431641e+00 -8.000000119209289551e-01
2.687500000000000000e+00 -2.000000000000000000e+00
1.975000023841857910e+00 5.749999880790710449e-01
3.249994516372680664e-01 -1.099998831748962402e+00
1.937416642904281616e-01 9.749707579612731934e-01
-1.081249952316284180e+00 -3.750000000000000000e-01
-2.559584081172943115e-01 6.243455410003662109e-01
-3.124999701976776123e-01 1.174999833106994629e+00
2.143749952316284180e+00 -4.000000059604644775e-01
2.575000047683715820e+00 -2.000000029802322388e-01
2.049999952316284180e+00 2.249999940395355225e-01
2.612499952316284180e+00 1.700000047683715820e+00
1.000000000000000000e+00 -1.700000047683715820e+00
2.706249952316284180e+00 1.000000000000000000e+00
-8.749973028898239136e-02 1.099996089935302734e+00
-4.775000095367431641e+00 3.000000119209289551e-01
3.512500047683715820e+00 4.499999880790710449e-01
-9.312490820884704590e-01 3.999997377395629883e-01
2.443749904632568359e+00 5.749999880790710449e-01
-6.687470078468322754e-01 -7.499975562095642090e-01
4.900000095367431641e+00 -1.799999952316284180e+00
-2.000000000000000000e+00 -2.700000047683715820e+00
1.600000023841857910e+00 4.599999904632568359e+00
1.281250000000000000e+00 1.174999952316284180e+00
-8.749875426292419434e-02 -1.024983406066894531e+00
3.137500047683715820e+00 1.649999976158142090e+00
8.874999880790710449e-01 1.500000000000000000e+00
2.631249904632568359e+00 -3.000000119209289551e-01
-1.249943375587463379e-01 -9.499485492706298828e-01
5.237500190734863281e+00 1.250000000000000000e+00
-4.999967291951179504e-02 1.074992656707763672e+00
8.574999809265136719e+00 3.500000000000000000e+00
8.800000190734863281e+00 5.000000000000000000e+00
7.898636162281036377e-02 -4.931455552577972412e-01
4.074999809265136719e+00 -5.500000119209289551e-01
7.749826312065124512e-01 3.249945938587188721e-01
6.625000000000000000e+00 -3.200000047683715820e+00
5.949999809265136719e+00 -1.850000023841857910e+00
-1.399999976158142090e+00 -3.400000095367431641e+00
1.375000000000000000e+00 2.249999940395355225e-01
2.912499904632568359e+00 -1.225000023841857910e+00
1.899999976158142090e+00 -3.249999880790710449e-01
1.243749976158142090e+00 -3.499999940395355225e-01
2.968750000000000000e+00 -2.249999940395355225e-01
-4.699999809265136719e+00 2.700000047683715820e+00
2.724999904632568359e+00 1.250000000000000000e+00
1.956249952316284180e+00 8.999999761581420898e-01
2.500000000000000000e+00 1.225000023841857910e+00
3.099999904632568359e+00 -3.700000047683715820e+00
2.987499952316284180e+00 6.750000119209289551e-01
-8.750000000000000000e-01 -1.600000023841857910e+00
2.743750095367431641e+00 7.749999761581420898e-01
5.724999904632568359e+00 1.850000023841857910e+00
-5.374913811683654785e-01 -7.999912500381469727e-01
-1.325000047683715820e+00 1.799999952316284180e+00
5.312017798423767090e-01 4.748751223087310791e-01
5.682885050773620605e-01 7.469338178634643555e-02
2.537499904632568359e+00 -1.000000000000000000e+00
7.375000119209289551e-01 -1.125000000000000000e+00
2.612499952316284180e+00 -6.499999761581420898e-01
-3.680447340011596680e-01 -5.491891503334045410e-01
1.375000000000000000e+00 -3.000000119209289551e-01
2.305315136909484863e-01 6.734434366226196289e-01
2.368750095367431641e+00 -2.000000029802322388e-01
7.937491536140441895e-01 5.249997973442077637e-01
7.749999761581420898e-01 -1.500000000000000000e+00
1.075000047683715820e+00 4.499999880790710449e-01
-1.137500047683715820e+00 4.250000119209289551e-01
7.074999809265136719e+00 -3.500000000000000000e+00
2.687500000000000000e+00 9.250000119209289551e-01
5.125000000000000000e+00 -1.850000023841857910e+00
1.149999976158142090e+00 -6.750000119209289551e-01
1.899999976158142090e+00 -5.249999761581420898e-01
5.349999904632568359e+00 -1.350000023841857910e+00
2.556250095367431641e+00 -0.000000000000000000e+00
2.724999904632568359e+00 4.800000190734863281e+00
2.275000095367431641e+00 -2.000000000000000000e+00
2.218750000000000000e+00 4.000000059604644775e-01
-1.475000023841857910e+00 -9.499999880790710449e-01
-1.700000047683715820e+00 -1.899999976158142090e+00
6.474999904632568359e+00 -6.000000238418579102e-01
-7.999421954154968262e-01 -2.749870121479034424e-01
1.431249976158142090e+00 -7.500000000000000000e-01
2.987499952316284180e+00 -9.250000119209289551e-01
3.212500095367431641e+00 -0.000000000000000000e+00
4.375000000000000000e+00 6.000000238418579102e-01
1.181185692548751831e-01 5.472936034202575684e-01
4.525000095367431641e+00 1.950000047683715820e+00
1.562500000000000000e+00 1.649999976158142090e+00
3.512500047683715820e+00 9.499999880790710449e-01
2.987499952316284180e+00 -1.000000000000000000e+00
-1.062444224953651428e-01 9.499420523643493652e-01
4.749999940395355225e-01 3.000000000000000000e+00
3.624858558177947998e-01 -9.249739050865173340e-01
1.112499952316284180e+00 8.249999880790710449e-01
1.749999970197677612e-01 -4.900000095367431641e+00
6.025000095367431641e+00 -9.499999880790710449e-01
3.249823153018951416e-01 9.249650239944458008e-01
-3.575000047683715820e+00 2.299999952316284180e+00
2.724999904632568359e+00 2.500000037252902985e-02
2.312500000000000000e+00 -7.500000000000000000e-01
9.925000190734863281e+00 -5.000000000000000000e+00
2.631249904632568359e+00 -1.500000059604644775e-01
-6.124999523162841797e-01 -1.049999952316284180e+00
-3.200000047683715820e+00 3.799999952316284180e+00
3.399091064929962158e-01 -4.200111627578735352e-01
5.087500095367431641e+00 -1.649999976158142090e+00
2.575000047683715820e+00 6.750000119209289551e-01
2.781250000000000000e+00 -3.499999940395355225e-01
1.674999952316284180e+00 9.250000119209289551e-01
2.950000047683715820e+00 -1.250000000000000000e-01
3.700000047683715820e+00 -2.000000029802322388e-01
5.762499809265136719e+00 -6.499999761581420898e-01
5.162499904632568359e+00 4.499999880790710449e-01
6.437272429466247559e-01 4.499915540218353271e-01
9.100000381469726562e+00 -3.200000047683715820e+00
2.349999904632568359e+00 -7.749999761581420898e-01
1.000000000000000000e+00 1.200000047683715820e+00
1.075000047683715820e+00 -3.500000000000000000e+00
1.787500023841857910e+00 4.749999940395355225e-01
7.937498688697814941e-01 -6.249998807907104492e-01
2.837500095367431641e+00 -3.499999940395355225e-01
3.809331953525543213e-01 -3.233444392681121826e-01
5.462500095367431641e+00 6.000000238418579102e-01
-4.099999904632568359e+00 -3.799999952316284180e+00
4.562442004680633545e-01 9.249903559684753418e-01
-2.299999952316284180e+00 -1.399999976158142090e+00
7.074999809265136719e+00 1.100000023841857910e+00
1.506250023841857910e+00 8.750000000000000000e-01
5.687489509582519531e-01 9.249982833862304688e-01
6.175000190734863281e+00 -4.599999904632568359e+00
4.375000000000000000e+00 -5.500000119209289551e-01
2.687500000000000000e+00 -4.250000119209289551e-01
1.787500023841857910e+00 6.499999761581420898e-01
-9.125000238418579102e-01 -8.999999761581420898e-01
-1.249943375587463379e-01 9.499485492706298828e-01
1.112499952316284180e+00 1.100000023841857910e+00
1.018749952316284180e+00 -2.749999761581420898e-01
2.275000095367431641e+00 5.749999880790710449e-01
1.206249952316284180e+00 8.750000000000000000e-01
1.018749952316284180e+00 -6.000000238418579102e-01
1.356250047683715820e+00 -8.500000238418579102e-01
-2.900000095367431641e+00 1.899999976158142090e+00
5.574999809265136719e+00 1.149999976158142090e+00
-3.724999904632568359e+00 -1.767342899491847149e-33
3.737499952316284180e+00 -1.450000047683715820e+00
-8.749992847442626953e-01 5.499997138977050781e-01
3.437500000000000000e+00 1.899999976158142090e+00
-4.025000095367431641e+00 4.699999809265136719e+00
2.799999952316284180e+00 2.500000000000000000e+00
3.031992018222808838e-01 4.952953755855560303e-01
8.425000190734863281e+00 -8.000000119209289551e-01
2.912499904632568359e+00 -1.749999970197677612e-01
2.125000000000000000e+00 1.100000023841857910e+00
-1.625000000000000000e+00 2.799999952316284180e+00
1.468750000000000000e+00 1.125000000000000000e+00
-7.062500119209289551e-01 -1.049999952316284180e+00
2.575000047683715820e+00 7.500000000000000000e-01
2.687500000000000000e+00 8.999999761581420898e-01
1.843750000000000000e+00 -5.000000000000000000e-01
1.899999976158142090e+00 -1.024999976158142090e+00
1.487499952316284180e+00 -9.750000238418579102e-01
4.752708673477172852e-01 3.751180469989776611e-01
-1.399999976158142090e+00 4.499999880790710449e-01
-4.999999403953552246e-01 1.074999928474426270e+00
1.750000000000000000e+00 -5.000000000000000000e-01
5.500000119209289551e-01 3.900000095367431641e+00
5.462500095367431641e+00 1.600000023841857910e+00
1.768749952316284180e+00 4.000000059604644775e-01
1.562500000000000000e+00 -1.100000023841857910e+00
-4.978726208209991455e-01 2.739934623241424561e-01
-4.061407744884490967e-01 -6.998698711395263672e-01
-2.747737467288970947e-01 -6.495259404182434082e-01
1.862499952316284180e+00 -1.950000047683715820e+00
2.068749904632568359e+00 1.100000023841857910e+00
-7.624729275703430176e-01 -4.499894380569458008e-01
1.637500047683715820e+00 1.500000059604644775e-01
1.168750047683715820e+00 -8.000000119209289551e-01
2.743750095367431641e+00 -3.499999940395355225e-01
8.425000190734863281e+00 2.700000047683715820e+00
-3.496929109096527100e-01 6.245965361595153809e-01
-1.100000023841857910e+00 -4.749999940395355225e-01
2.181250095367431641e+00 6.750000119209289551e-01
3.137500047683715820e+00 8.000000119209289551e-01
-4.925000190734863281e+00 -5.000000000000000000e-01
1.637500047683715820e+00 -1.086282115712388321e-21
-8.000000119209289551e-01 -4.599999904632568359e+00
8.050000190734863281e+00 -4.000000059604644775e-01
2.275000095367431641e+00 -1.200000047683715820e+00
2.482235431671142578e-02 4.987805485725402832e-01
2.181250095367431641e+00 4.499999880790710449e-01
-1.625000000000000000e+00 3.499999940395355225e-01
1.075000047683715820e+00 -2.799999952316284180e+00
1.862499952316284180e+00 1.750000000000000000e+00
-7.062264680862426758e-01 -5.499867200851440430e-01
2.874999940395355225e-01 1.500000000000000000e+00
9.902917593717575073e-02 -5.206095576286315918e-01
8.125000000000000000e+00 -2.099999904632568359e+00
6.250000000000000000e-01 4.099999904632568359e+00
-4.474999904632568359e+00 2.400000095367431641e+00
4.150000095367431641e+00 -1.899999976158142090e+00
1.187500000000000000e+00 -2.249999940395355225e-01
7.675000190734863281e+00 -2.700000047683715820e+00
1.149999976158142090e+00 1.225000023841857910e+00
2.200000047683715820e+00 -7.250000238418579102e-01
7.000000000000000000e+00 -2.500000000000000000e+00
7.224999904632568359e+00 1.600000023841857910e+00
4.937500000000000000e+00 1.799999952316284180e+00
2.275000095367431641e+00 1.149999976158142090e+00
6.055238246917724609e-01 1.497320234775543213e-01
1.750000000000000000e+00 -1.200000047683715820e+00
-4.175000190734863281e+00 -4.900000095367431641e+00
6.811056137084960938e-01 -2.749548852443695068e-01
4.562500000000000000e+00 -8.500000238418579102e-01
5.650000095367431641e+00 -4.699999809265136719e+00
4.487500190734863281e+00 1.700000047683715820e+00
3.512500047683715820e+00 -1.649999976158142090e+00
8.687499761581420898e-01 6.499999761581420898e-01
1.243749976158142090e+00 -1.024999976158142090e+00
2.743750095367431641e+00 -3.750000000000000000e-01
-9.874998927116394043e-01 -4.749999642372131348e-01
3.099999904632568359e+00 1.399999976158142090e+00
2.125000000000000000e+00 -4.599999904632568359e+00
1.600000023841857910e+00 -1.075000047683715820e+00
5.312500000000000000e+00 -2.049999952316284180e+00
9.624999761581420898e-01 6.499999761581420898e-01
-1.549999952316284180e+00 -1.200000047683715820e+00
8.499999046325683594e-01 -5.999999642372131348e-01
1.581249952316284180e+00 7.250000238418579102e-01
1.618749976158142090e+00 4.499999880790710449e-01
-1.193750023841857910e+00 -2.750000059604644775e-01
1.581249952316284180e+00 -7.500000000000000000e-01
-6.682751774787902832e-01 -2.998518645763397217e-01
1.825000047683715820e+00 -1.225000023841857910e+00
3.999990224838256836e-01 1.049998164176940918e+00
6.474999904632568359e+00 8.999999761581420898e-01
5.349999904632568359e+00 -1.299999952316284180e+00
2.668750047683715820e+00 1.749999970197677612e-01
2.499744854867458344e-02 9.248911142349243164e-01
-3.118556737899780273e-01 5.241234898567199707e-01
3.099999904632568359e+00 -6.999999880790710449e-01
6.062369942665100098e-01 -5.499733090400695801e-01
-1.325000047683715820e+00 1.350000023841857910e+00
1.825000047683715820e+00 -1.049999952316284180e+00
1.000000000000000000e+00 -9.750000238418579102e-01
2.031250000000000000e+00 2.000000029802322388e-01
4.340929910540580750e-02 -5.198242664337158203e-01
-1.700000047683715820e+00 2.599999904632568359e+00
-6.484126448631286621e-01 4.989276453852653503e-02
8.499987721443176270e-01 4.249996840953826904e-01
7.562489509582519531e-01 -5.499995946884155273e-01
-6.499992012977600098e-01 8.499992489814758301e-01
-4.474999904632568359e+00 -4.300000190734863281e+00
2.612499952316284180e+00 -5.000000000000000000e-01
-4.953556507825851440e-02 5.704537630081176758e-01
9.437500238418579102e-01 8.249999880790710449e-01
4.749999940395355225e-01 -2.099999904632568359e+00
2.799999952316284180e+00 -5.000000074505805969e-02
2.256249904632568359e+00 4.250000119209289551e-01
-3.111510537564754486e-02 -6.727027893066406250e-01
2.724999904632568359e+00 -2.400000095367431641e+00
-6.685434579849243164e-01 -3.999130725860595703e-01
5.012499809265136719e+00 -1.000000014901161194e-01
1.693750023841857910e+00 1.125000000000000000e+00
-1.174999952316284180e+00 -3.799999952316284180e+00
1.806249976158142090e+00 -1.000000000000000000e+00
5.050000190734863281e+00 1.549999952316284180e+00
9.062499403953552246e-01 5.500000119209289551e-01
3.250000000000000000e+00 -4.500000000000000000e+00
3.662499904632568359e+00 -1.149999976158142090e+00
1.037500023841857910e+00 -1.299999952316284180e+00
2.443749904632568359e+00 -1.125000000000000000e+00
2.218750000000000000e+00 -3.249999880790710449e-01
-4.062496721744537354e-01 1.024999380111694336e+00
-1.399999976158142090e+00 4.599999904632568359e+00
4.375000000000000000e-01 -1.250000000000000000e+00
1.149999976158142090e+00 -4.000000059604644775e-01
3.241584002971649170e-01 6.485754847526550293e-01
-8.748175948858261108e-02 8.747985363006591797e-01
4.375000000000000000e+00 -1.750000000000000000e+00
2.068749904632568359e+00 -2.750000059604644775e-01
-2.150000095367431641e+00 1.399999976158142090e+00
5.800000190734863281e+00 6.499999761581420898e-01
8.125000000000000000e+00 -6.000000238418579102e-01
5.650000095367431641e+00 3.900000095367431641e+00
6.849999904632568359e+00 -3.500000000000000000e+00
6.062500000000000000e+00 1.350000023841857910e+00
-3.200000047683715820e+00 4.699999809265136719e+00
-3.125000000000000000e+00 -3.886721628180311159e-29
-4.437492489814758301e-01 9.749989509582519531e-01
-4.250000000000000000e+00 2.099999904632568359e+00
-8.000000119209289551e-01 1.350000023841857910e+00
3.512500047683715820e+00 -1.899999976158142090e+00
-2.187397032976150513e-01 8.999482989311218262e-01
4.749166071414947510e-01 7.248674035072326660e-01
1.862499952316284180e+00 -1.149999976158142090e+00
-4.812494218349456787e-01 -9.749993085861206055e-01
-2.937493026256561279e-01 -1.024997234344482422e+00
5.949999809265136719e+00 -2.299999952316284180e+00
4.712500095367431641e+00 7.500000000000000000e-01
-1.250000000000000000e+00 4.599999904632568359e+00
-1.887500047683715820e+00 -4.000000059604644775e-01
1.243749976158142090e+00 -1.000000000000000000e+00
2.406250000000000000e+00 -1.250000000000000000e-01
1.056249976158142090e+00 8.000000119209289551e-01
2.631249904632568359e+00 2.750000059604644775e-01
-4.602362513542175293e-01 2.737260460853576660e-01
-8.187413215637207031e-01 4.499969482421875000e-01
-4.062435030937194824e-01 8.749905228614807129e-01
6.550000190734863281e+00 1.299999952316284180e+00
-5.187497735023498535e-01 9.999997019767761230e-01
4.412499904632568359e+00 -1.299999952316284180e+00
-4.999913275241851807e-02 1.024981498718261719e+00
-7.812500000000000000e-01 -9.499999880790710449e-01
4.074999809265136719e+00 4.500000000000000000e+00
2.687500000000000000e+00 -2.500000037252902985e-02
-8.187500238418579102e-01 9.499999880790710449e-01
5.686377882957458496e-01 3.749753236770629883e-01
4.025874137878417969e-01 -3.269247710704803467e-01
1.318750023841857910e+00 -9.250000119209289551e-01
2.406250000000000000e+00 5.000000000000000000e-01
7.562499642372131348e-01 9.249999523162841797e-01
1.431249976158142090e+00 8.249999880790710449e-01
5.125000000000000000e+00 -1.250000000000000000e+00
2.818749904632568359e+00 -1.749999970197677612e-01
4.525000095367431641e+00 6.499999761581420898e-01
2.331249952316284180e+00 -1.100000023841857910e+00
1.750000000000000000e+00 1.549999952316284180e+00
9.812498688697814941e-01 2.249999493360519409e-01
6.624802350997924805e-01 -4.499939382076263428e-01
3.625000000000000000e+00 1.850000023841857910e+00
-3.687101006507873535e-01 7.749400734901428223e-01
-3.875000000000000000e+00 1.200000047683715820e+00
2.387500047683715820e+00 -2.000000029802322388e-01
9.998212754726409912e-02 8.998622298240661621e-01
2.310343682765960693e-01 -7.744893431663513184e-01
6.060154438018798828e-01 3.249346613883972168e-01
2.799999952316284180e+00 -3.400000095367431641e+00
1.825000047683715820e+00 -8.750000000000000000e-01
5.574999809265136719e+00 3.000000119209289551e-01
1.431249976158142090e+00 -9.499999880790710449e-01
1.131250023841857910e+00 8.750000000000000000e-01
4.553483128547668457e-01 2.496720999479293823e-01
2.443749904632568359e+00 7.500000000000000000e-01
2.312500000000000000e+00 7.250000238418579102e-01
2.181250095367431641e+00 -4.000000059604644775e-01
2.987499952316284180e+00 -7.749999761581420898e-01
-5.187003612518310547e-01 -6.999512314796447754e-01
-1.624999046325683594e-01 1.149999141693115234e+00
6.999998688697814941e-01 8.499997258186340332e-01
1.956249952316284180e+00 1.100000023841857910e+00
2.049999952316284180e+00 2.000000029802322388e-01
2.406250000000000000e+00 -6.750000119209289551e-01
9.624999165534973145e-01 3.999999761581420898e-01
-1.250000000000000000e-01 4.400000095367431641e+00
7.562499046325683594e-01 -6.999997496604919434e-01
9.399999618530273438e+00 -1.299999952316284180e+00
1.375000000000000000e+00 -3.499999940395355225e-01
-1.024999976158142090e+00 -4.599999904632568359e+00
7.224999904632568359e+00 2.500000000000000000e+00
-3.799999952316284180e+00 -4.800000190734863281e+00
-1.924999952316284180e+00 2.099999904632568359e+00
7.150000095367431641e+00 -2.299999952316284180e+00
7.300000190734863281e+00 -1.500000000000000000e+00
7.374632954597473145e-01 3.249887824058532715e-01
2.275000095367431641e+00 -2.249999940395355225e-01
8.874979615211486816e-01 9.999930113554000854e-02
-8.187358975410461426e-01 -3.999956250190734863e-01
2.387500047683715820e+00 -1.125000000000000000e+00
1.149999976158142090e+00 -4.749999940395355225e-01
7.374330759048461914e-01 2.249760180711746216e-01
3.549999952316284180e+00 -1.950000047683715820e+00
1.881250023841857910e+00 -2.750000059604644775e-01
-3.874999880790710449e-01 -1.500000000000000000e+00
1.037500023841857910e+00 1.075000047683715820e+00
2.218750000000000000e+00 -6.250000000000000000e-01
2.424999952316284180e+00 -4.250000119209289551e-01
9.437500238418579102e-01 6.499999761581420898e-01
-6.872672587633132935e-02 -8.496984243392944336e-01
-2.744832038879394531e-01 4.991221129894256592e-01
9.985385835170745850e-02 -7.490274906158447266e-01
-1.774999976158142090e+00 2.400000095367431641e+00
2.162499904632568359e+00 -5.000000074505805969e-02
-4.775000095367431641e+00 4.900000095367431641e+00
7.900000095367431641e+00 3.000000000000000000e+00
4.675000190734863281e+00 4.000000000000000000e+00
6.849999904632568359e+00 4.900000095367431641e+00
8.125000000000000000e-01 -8.499999642372131348e-01
1.187500000000000000e+00 -2.000000029802322388e-01
9.100000381469726562e+00 1.000000000000000000e+00
-1.700000047683715820e+00 5.000000074505805969e-02
6.849999904632568359e+00 2.000000000000000000e+00
6.999994516372680664e-01 -7.249988913536071777e-01
8.687499761581420898e-01 -1.024999976158142090e+00
2.012500047683715820e+00 1.149999976158142090e+00
2.837500095367431641e+00 -2.500000000000000000e-01
2.687500000000000000e+00 8.500000238418579102e-01
4.900000095367431641e+00 8.500000238418579102e-01
1.000000014901161194e-01 3.200000047683715820e+00
4.558646380901336670e-01 -5.743896961212158203e-01
2.593750000000000000e+00 3.499999940395355225e-01
1.075000047683715820e+00 1.000000000000000000e+00
-2.374993860721588135e-01 -1.049996495246887207e+00
1.318750023841857910e+00 1.100000023841857910e+00
1.393749952316284180e+00 1.000000014901161194e-01
-1.024999976158142090e+00 -6.250000000000000000e-01
5.650000095367431641e+00 3.000000119209289551e-01
-5.370987653732299805e-01 -4.996845126152038574e-01
-1.924999952316284180e+00 4.499999880790710449e-01
1.806249976158142090e+00 1.024999976158142090e+00
-2.187499850988388062e-01 -1.274999976158142090e+00
2.781250000000000000e+00 -3.000000119209289551e-01
1.862499952316284180e+00 2.500000000000000000e-01
2.387500047683715820e+00 1.549999952316284180e+00
2.200000047683715820e+00 7.500000000000000000e-01
-1.043750047683715820e+00 5.249999761581420898e-01
6.025000095367431641e+00 -6.999999880790710449e-01
1.956249952316284180e+00 -2.500000000000000000e-01
5.349999904632568359e+00 -3.000000000000000000e+00
8.500000000000000000e+00 4.300000190734863281e+00
1.206249952316284180e+00 -2.750000059604644775e-01
2.331249952316284180e+00 -1.000000000000000000e+00
-9.312472939491271973e-01 2.749994993209838867e-01
2.368750095367431641e+00 -3.249999880790710449e-01
8.949999809265136719e+00 -1.399999976158142090e+00
5.498246550559997559e-01 -3.499709367752075195e-01
-1.245976798236370087e-02 7.235350012779235840e-01
-7.061564326286315918e-01 -4.249613583087921143e-01
2.049999952316284180e+00 5.500000119209289551e-01
4.712500095367431641e+00 -1.899999976158142090e+00
1.524999976158142090e+00 -3.499999940395355225e-01
2.677849233150482178e-01 6.481693983078002930e-01
6.812487840652465820e-01 6.749974489212036133e-01
1.018749952316284180e+00 5.749999880790710449e-01
2.799999952316284180e+00 1.899999976158142090e+00
-6.499999761581420898e-01 -1.149999976158142090e+00
2.349999904632568359e+00 -1.049999952316284180e+00
2.575000047683715820e+00 -8.500000238418579102e-01
-3.500000000000000000e+00 1.500000000000000000e+00
-3.499965071678161621e-01 9.249922633171081543e-01
2.500000000000000000e+00 -6.750000119209289551e-01
7.937368750572204590e-01 -6.767280069652770180e-07
2.122891247272491455e-01 7.744548320770263672e-01
3.137500047683715820e+00 1.600000023841857910e+00
2.818749904632568359e+00 1.250000000000000000e-01
2.275000095367431641e+00 5.000000000000000000e-01
2.293750047683715820e+00 -1.024999976158142090e+00
2.349999904632568359e+00 -3.499999940395355225e-01
2.631249904632568359e+00 -8.999999761581420898e-01
4.750000000000000000e+00 4.099999904632568359e+00
-9.875000119209289551e-01 -1.149999976158142090e+00
3.849999904632568359e+00 -6.499999761581420898e-01
8.312497138977050781e-01 -5.499999523162841797e-01
1.862499952316284180e+00 2.000000029802322388e-01
1.656250000000000000e+00 3.249999880790710449e-01
3.512500047683715820e+00 1.850000023841857910e+00
9.999999403953552246e-02 -1.349999904632568359e+00
-1.811084151268005371e-01 7.243504524230957031e-01
7.374309897422790527e-01 1.499722450971603394e-01
9.250000119209289551e-01 8.999999761581420898e-01
1.318750023841857910e+00 7.250000238418579102e-01
-3.312463164329528809e-01 9.249905943870544434e-01
1.712499976158142090e+00 1.024999976158142090e+00
-8.750000000000000000e-01 8.750000000000000000e-01
1.487499952316284180e+00 -9.499999880790710449e-01
2.706249952316284180e+00 -8.500000238418579102e-01
7.375000119209289551e-01 -9.499999880790710449e-01
-7.999944686889648438e-01 -5.249975919723510742e-01
2.874947786331176758e-01 9.999880790710449219e-01
5.050000190734863281e+00 3.900000095367431641e+00
6.249967813491821289e-01 -7.499942779541015625e-01
1.299999952316284180e+00 8.750000000000000000e-01
2.012500047683715820e+00 -9.750000238418579102e-01
-5.936523079872131348e-01 5.749247074127197266e-01
-5.718598365783691406e-01 -2.485847659409046173e-02
6.249998807907104492e-01 9.749997854232788086e-01
2.968750000000000000e+00 -5.749999880790710449e-01
-3.124963678419589996e-02 -1.049988031387329102e+00
2.462500095367431641e+00 9.499999880790710449e-01
2.912499904632568359e+00 -9.499999880790710449e-01
1.037500023841857910e+00 1.100000023841857910e+00
1.600000023841857910e+00 -1.049999952316284180e+00
1.506250023841857910e+00 -9.750000238418579102e-01
-9.874994158744812012e-01 2.749998867511749268e-01
5.762499809265136719e+00 -2.000000029802322388e-01
2.256249904632568359e+00 -6.750000119209289551e-01
-2.974999904632568359e+00 6.999999880790710449e-01
9.250000000000000000e+00 2.000000029802322388e-01
1.281250000000000000e+00 4.000000059604644775e-01
5.800000190734863281e+00 -1.500000000000000000e+00
4.224999904632568359e+00 -1.000000000000000000e+00
3.425206243991851807e-01 -5.980374813079833984e-01
5.237500190734863281e+00 -1.549999952316284180e+00
-6.311191916465759277e-01 4.999204576015472412e-01
2.968750000000000000e+00 5.000000000000000000e-01
6.248482502996921539e-03 5.461681485176086426e-01
2.987499952316284180e+00 -3.249999880790710449e-01
4.525000095367431641e+00 8.999999761581420898e-01
2.462500095367431641e+00 4.749999940395355225e-01
3.400000095367431641e+00 3.700000047683715820e+00
5.762499809265136719e+00 3.000000119209289551e-01
-4.947687685489654541e-01 -1.731951534748077393e-01
3.250000000000000000e+00 1.899999976158142090e+00
1.318750023841857910e+00 8.999999761581420898e-01
4.300000190734863281e+00 5.000000000000000000e-01
7.675000190734863281e+00 -2.900000095367431641e+00
2.650000095367431641e+00 4.749999940395355225e-01
2.368750095367431641e+00 -8.500000238418579102e-01
-2.599999904632568359e+00 3.000000000000000000e+00
2.424999952316284180e+00 -4.900000095367431641e+00
2.724999904632568359e+00 1.549999952316284180e+00
2.781250000000000000e+00 3.499999940395355225e-01
7.750000000000000000e+00 3.200000047683715820e+00
2.893749952316284180e+00 4.749999940395355225e-01
2.987499952316284180e+00 1.125000000000000000e+00
9.699999809265136719e+00 -4.000000000000000000e+00
2.462500095367431641e+00 -1.950000047683715820e+00
7.525000095367431641e+00 4.699999809265136719e+00
4.824999809265136719e+00 2.500000000000000000e+00
3.549999952316284180e+00 1.100000023841857910e+00
1.337499976158142090e+00 7.500000000000000000e-01
1.524999976158142090e+00 2.000000029802322388e-01
3.737499952316284180e+00 9.499999880790710449e-01
2.650000095367431641e+00 1.549999952316284180e+00
2.837500095367431641e+00 1.250000000000000000e-01
1.131250023841857910e+00 -6.250000000000000000e-01
7.749857902526855469e-01 -3.499959409236907959e-01
1.937500000000000000e+00 -1.149999976158142090e+00
4.935560822486877441e-01 5.246484875679016113e-01
6.624070405960083008e-01 -3.499749302864074707e-01
-1.399999976158142090e+00 -5.000000074505805969e-02
4.000000000000000000e+00 3.799999952316284180e+00
2.387500047683715820e+00 1.024999976158142090e+00
6.057466268539428711e-01 9.976563602685928345e-02
7.074999809265136719e+00 3.200000047683715820e+00
-4.624999761581420898e-01 1.149999976158142090e+00
6.099999904632568359e+00 4.699999809265136719e+00
-7.056079506874084473e-01 1.249136924743652344e-01
1.206249952316284180e+00 1.250000000000000000e-01
-7.437499761581420898e-01 -9.499999880790710449e-01
-5.000000000000000000e-01 4.699999809265136719e+00
1.543750047683715820e+00 -1.274999976158142090e+00
4.300000190734863281e+00 -2.700000047683715820e+00
2.893749952316284180e+00 -5.500000119209289551e-01
4.000000000000000000e+00 2.000000029802322388e-01
8.687499761581420898e-01 -8.500000238418579102e-01
-1.193750023841857910e+00 -1.250000000000000000e-01
1.131250023841857910e+00 7.749999761581420898e-01
1.918750047683715820e+00 -8.000000119209289551e-01
-4.045315980911254883e-01 3.484233915805816650e-01
1.000000014901161194e-01 -2.400000095367431641e+00
4.000000000000000000e+00 -2.500000000000000000e-01
5.762499809265136719e+00 -1.600000023841857910e+00
1.393749952316284180e+00 9.250000119209289551e-01
-1.512500047683715820e+00 8.500000238418579102e-01
6.775000095367431641e+00 4.900000095367431641e+00
-7.624999880790710449e-01 -1.399999976158142090e+00
4.974999904632568359e+00 -3.099999904632568359e+00
3.474999904632568359e+00 2.900000095367431641e+00
-1.924999952316284180e+00 -3.900000095367431641e+00
2.724999904632568359e+00 -6.750000119209289551e-01
6.699999809265136719e+00 -4.599999904632568359e+00
-1.774999976158142090e+00 3.499999940395355225e-01
3.400000095367431641e+00 4.900000095367431641e+00
1.431249976158142090e+00 9.250000119209289551e-01
3.474999904632568359e+00 4.800000190734863281e+00
3.174999952316284180e+00 1.750000000000000000e+00
5.574999809265136719e+00 -4.300000190734863281e+00
2.406250000000000000e+00 -9.750000238418579102e-01
1.225000023841857910e+00 5.000000000000000000e-01
6.025000095367431641e+00 -3.099999904632568359e+00
-6.685841679573059082e-01 -4.249250590801239014e-01
5.425000190734863281e+00 5.500000119209289551e-01
1.956249952316284180e+00 -2.750000059604644775e-01
1.299999952316284180e+00 7.500000000000000000e-01
1.262500047683715820e+00 1.024999976158142090e+00
1.243749976158142090e+00 1.000000014901161194e-01
2.950000047683715820e+00 -6.000000238418579102e-01
2.968750000000000000e+00 5.000000074505805969e-02
1.374958455562591553e-01 -9.999766945838928223e-01
-5.909049510955810547e-01 -7.466581463813781738e-02
1.543750047683715820e+00 -4.499999880790710449e-01
8.312500119209289551e-01 -7.249999642372131348e-01
1.552477627992630005e-01 5.472560524940490723e-01
1.093750000000000000e+00 7.250000238418579102e-01
-4.812499284744262695e-01 1.074999928474426270e+00
4.525000095367431641e+00 -3.700743525707936808e-17
4.525000095367431641e+00 -3.499999940395355225e-01
7.375000119209289551e-01 1.700000047683715820e+00
9.100000381469726562e+00 -1.799999952316284180e+00
-1.174999952316284180e+00 -2.099999904632568359e+00
6.400000095367431641e+00 3.000000000000000000e+00
8.125000000000000000e-01 8.750000000000000000e-01
3.212500095367431641e+00 -1.000000014901161194e-01
2.950000047683715820e+00 1.100000023841857910e+00
3.243498802185058594e-01 6.738820672035217285e-01
-4.811800718307495117e-01 6.999276280403137207e-01
-8.374357223510742188e-01 -4.224681937614604976e-09
8.125000000000000000e-01 2.000000000000000000e+00
2.724999904632568359e+00 3.599999904632568359e+00
2.143749952316284180e+00 5.249999761581420898e-01
-9.499999880790710449e-01 2.700000047683715820e+00
2.237499952316284180e+00 3.000000119209289551e-01
7.224999904632568359e+00 -5.000000000000000000e-01
7.300000190734863281e+00 2.500000000000000000e+00
1.356250047683715820e+00 3.000000119209289551e-01
1.562500000000000000e+00 1.125000000000000000e+00
1.393749952316284180e+00 -5.249999761581420898e-01
5.012499809265136719e+00 -6.000000238418579102e-01
-1.587499976158142090e+00 -8.999999761581420898e-01
4.074999809265136719e+00 1.350000023841857910e+00
7.150000095367431641e+00 1.100000023841857910e+00
7.187500000000000000e-01 1.200000047683715820e+00
3.099999904632568359e+00 8.000000119209289551e-01
-1.274266988039016724e-01 4.829077124595642090e-01
7.937491536140441895e-01 -5.249997973442077637e-01
-4.999978244304656982e-01 8.999975323677062988e-01
-8.374819755554199219e-01 3.249955475330352783e-01
6.550000190734863281e+00 -3.599999904632568359e+00
-1.399999976158142090e+00 -1.500000059604644775e-01
2.012500047683715820e+00 -1.200000047683715820e+00
1.393749952316284180e+00 1.500000059604644775e-01
1.862499952316284180e+00 2.500000037252902985e-02
-7.061330676078796387e-01 -3.999549150466918945e-01
1.000000000000000000e+01 -4.400000095367431641e+00
4.750000000000000000e+00 2.000000029802322388e-01
4.375000000000000000e+00 -5.000000074505805969e-02
-1.774999976158142090e+00 -3.499999940395355225e-01
-9.687478542327880859e-01 9.999985247850418091e-02
2.518749952316284180e+00 -6.750000119209289551e-01
6.812499761581420898e-01 -1.100000023841857910e+00
8.312420248985290527e-01 -2.499973326921463013e-01
1.412500023841857910e+00 5.000000000000000000e-01
-5.744877457618713379e-01 4.246964752674102783e-01
1.712499976158142090e+00 -1.450000047683715820e+00
-9.312474131584167480e-01 2.749995291233062744e-01
7.449999809265136719e+00 1.700000047683715820e+00
4.262499809265136719e+00 -5.000000000000000000e-01
2.499780952930450439e-01 9.249454736709594727e-01
-5.000000000000000000e-01 -2.099999904632568359e+00
2.556250095367431641e+00 -6.000000238418579102e-01
2.518749952316284180e+00 -1.125000000000000000e+00
6.775000095367431641e+00 -1.299999952316284180e+00
-1.118749976158142090e+00 5.749999880790710449e-01
-1.810635179281234741e-01 -6.991872191429138184e-01
4.749999940395355225e-01 -1.600000023841857910e+00
1.243749976158142090e+00 3.249999880790710449e-01
-5.000000000000000000e-01 -1.600000023841857910e+00
2.049999952316284180e+00 -7.500000000000000000e-01
2.181250095367431641e+00 8.249999880790710449e-01
8.500000238418579102e-01 1.350000023841857910e+00
5.237500190734863281e+00 8.999999761581420898e-01
2.537499904632568359e+00 -4.749999940395355225e-01
-8.750000000000000000e-01 1.649999976158142090e+00
2.049999952316284180e+00 -2.249999940395355225e-01
9.774999618530273438e+00 -4.800000190734863281e+00
4.449999809265136719e+00 -1.899999976158142090e+00
5.837500095367431641e+00 -6.499999761581420898e-01
5.688400268554687500e-01 4.978909716010093689e-02
1.149999976158142090e+00 2.000000029802322388e-01
1.299999952316284180e+00 5.000000074505805969e-02
5.949999809265136719e+00 -8.999999761581420898e-01
4.178396761417388916e-01 -4.735761880874633789e-01
9.249994158744812012e-01 2.999998033046722412e-01
-7.622367143630981445e-01 9.997466951608657837e-02
2.743750095367431641e+00 -1.749999970197677612e-01
2.575000047683715820e+00 8.249999880790710449e-01
5.875000000000000000e+00 -4.000000000000000000e+00
6.249999403953552246e-01 1.049999952316284180e+00
1.373937278985977173e-01 7.995114922523498535e-01
-1.812499761581420898e-01 -1.224999785423278809e+00
-7.250000238418579102e-01 3.700000047683715820e+00
1.281250000000000000e+00 -7.500000298023223877e-02
5.650000095367431641e+00 -3.000000119209289551e-01
5.612500190734863281e+00 -5.500000119209289551e-01
2.818749904632568359e+00 -2.750000059604644775e-01
6.249882578849792480e-01 4.999859035015106201e-01
2.668750047683715820e+00 2.000000029802322388e-01
-2.000000000000000000e+00 2.599999904632568359e+00
-4.324999809265136719e+00 1.100000023841857910e+00
7.824999809265136719e+00 -4.500000000000000000e+00
5.425000190734863281e+00 2.099999904632568359e+00
5.125000000000000000e+00 -3.799999952316284180e+00
1.543750047683715820e+00 -3.750000000000000000e-01
5.762499809265136719e+00 3.499999940395355225e-01
-1.432456523180007935e-01 5.977768301963806152e-01
9.250000000000000000e+00 4.500000000000000000e+00
5.762499809265136719e+00 -1.000000000000000000e+00
2.837500095367431641e+00 1.899999976158142090e+00
2.873510420322418213e-01 7.997015118598937988e-01
5.874999761581420898e-01 -1.350000023841857910e+00
4.037499904632568359e+00 -1.000000014901161194e-01
4.150000095367431641e+00 3.900000095367431641e+00
-4.175000190734863281e+00 4.800000190734863281e+00
7.187500000000000000e-01 1.075000047683715820e+00
1.731250047683715820e+00 -1.850372093726213425e-17
1.552430242300033569e-01 -5.223067998886108398e-01
-1.024999976158142090e+00 -1.600000023841857910e+00
-1.174999952316284180e+00 2.500000000000000000e-01
-2.750000000000000000e+00 -4.500000000000000000e+00
1.618749976158142090e+00 -3.249999880790710449e-01
2.931250095367431641e+00 1.749999970197677612e-01
5.574999809265136719e+00 3.000000000000000000e+00
4.675000190734863281e+00 5.500000119209289551e-01
9.812498688697814941e-01 2.749999463558197021e-01
-1.437500000000000000e+00 2.500000000000000000e-01
9.774999618530273438e+00 6.999999880790710449e-01
-4.474999904632568359e+00 -4.400000095367431641e+00
2.762500047683715820e+00 7.500000298023223877e-02
2.706249952316284180e+00 -9.499999880790710449e-01
7.375000119209289551e-01 1.250000000000000000e+00
5.650000095367431641e+00 4.000000000000000000e+00
-2.187345772981643677e-01 8.749256134033203125e-01
1.262500047683715820e+00 -7.749999761581420898e-01
4.112500190734863281e+00 1.649999976158142090e+00
1.750000000000000000e+00 5.000000074505805969e-02
-2.320992201566696167e-01 -4.426628947257995605e-01
1.337499976158142090e+00 1.225000023841857910e+00
2.106250047683715820e+00 7.250000238418579102e-01
-1.249991506338119507e-01 1.049991369247436523e+00
9.999997168779373169e-02 1.224999666213989258e+00
-1.924999952316284180e+00 2.500000000000000000e+00
1.299999952316284180e+00 5.500000119209289551e-01
1.618749976158142090e+00 -1.500000059604644775e-01
-5.749998688697814941e-01 9.999998807907104492e-01
-7.250000238418579102e-01 2.200000047683715820e+00
-7.250000238418579102e-01 1.649999976158142090e+00
4.747925996780395508e-01 -6.246694326400756836e-01
9.437495470046997070e-01 2.499994449317455292e-02
3.812480568885803223e-01 -1.024996399879455566e+00
-1.811732500791549683e-01 -7.746133208274841309e-01
-2.075000047683715820e+00 4.800000190734863281e+00
5.275000095367431641e+00 -3.499999940395355225e-01
-6.499999761581420898e-01 -4.900000095367431641e+00
8.274999618530273438e+00 -2.000000000000000000e+00
3.415603637695312500e-01 5.217197537422180176e-01
4.224999904632568359e+00 1.500000000000000000e+00
8.274999618530273438e+00 4.800000190734863281e+00
-2.750000000000000000e+00 5.000000000000000000e+00
4.375000000000000000e-01 -2.000000000000000000e+00
7.750000000000000000e+00 -8.000000119209289551e-01
1.993749976158142090e+00 5.000000000000000000e-01
-1.325000047683715820e+00 1.399999976158142090e+00
2.125000000000000000e+00 1.100000023841857910e+00
4.675000190734863281e+00 -8.999999761581420898e-01
1.937366276979446411e-01 9.499542117118835449e-01
-4.699999809265136719e+00 -1.299999952316284180e+00
2.631249904632568359e+00 -4.250000119209289551e-01
-1.325000047683715820e+00 1.299999952316284180e+00
5.312479734420776367e-01 -9.249966740608215332e-01
4.765022993087768555e-01 1.506421715021133423e-01
3.099999904632568359e+00 -3.900000095367431641e+00
3.250000000000000000e+00 1.200000047683715820e+00
-4.250000000000000000e+00 -2.200000047683715820e+00
-6.868086010217666626e-02 7.742121815681457520e-01
1.000000014901161194e-01 -4.699999809265136719e+00
1.993749976158142090e+00 -1.250000000000000000e-01
-3.297615945339202881e-01 -4.232795536518096924e-01
-3.875000000000000000e+00 3.299999952316284180e+00
-6.685408353805541992e-01 3.999119400978088379e-01
2.650000095367431641e+00 -6.999999880790710449e-01
1.412500023841857910e+00 1.000000000000000000e+00
4.599999904632568359e+00 4.699999809265136719e+00
5.837500095367431641e+00 -1.250000000000000000e+00
3.924999952316284180e+00 -1.500000000000000000e+00
1.581249952316284180e+00 1.100000023841857910e+00
1.487499952316284180e+00 1.049999952316284180e+00
-1.100000023841857910e+00 -3.000000000000000000e+00
9.437495470046997070e-01 -2.249998450279235840e-01
1.168750047683715820e+00 3.249999880790710449e-01
-2.374999970197677612e-01 -1.500000000000000000e+00
-8.937342762947082520e-01 7.499910145998001099e-02
1.562500000000000000e+00 -7.500000298023223877e-02
3.625000000000000000e+00 8.000000119209289551e-01
4.599999904632568359e+00 1.149999976158142090e+00
2.106250047683715820e+00 7.250000238418579102e-01
-1.812318861484527588e-01 8.748927116394042969e-01
4.900000095367431641e+00 -1.200000047683715820e+00
2.424999952316284180e+00 -1.000000014901161194e-01
2.143749952316284180e+00 3.000000119209289551e-01
3.062205612659454346e-01 -8.999400138854980469e-01
4.449999809265136719e+00 -5.000000074505805969e-02
8.687499761581420898e-01 1.274999976158142090e+00
-3.499999940395355225e-01 -3.000000000000000000e+00
-1.024999618530273438e+00 -2.499999292194843292e-02
2.575000047683715820e+00 2.000000000000000000e+00
4.112500190734863281e+00 2.049999952316284180e+00
4.599999904632568359e+00 -1.200000047683715820e+00
1.356250047683715820e+00 6.750000119209289551e-01
-5.000000000000000000e+00 -3.799999952316284180e+00
4.750000000000000000e+00 6.000000238418579102e-01
-6.783076375722885132e-02 4.948003590106964111e-01
2.162499904632568359e+00 -6.499999761581420898e-01
-2.187431901693344116e-01 -9.249644875526428223e-01
4.937500000000000000e+00 6.499999761581420898e-01
2.424999952316284180e+00 -3.500000000000000000e+00
1.731250047683715820e+00 -1.749999970197677612e-01
6.624873876571655273e-01 4.749945104122161865e-01
-4.550000190734863281e+00 -4.000000059604644775e-01
7.675000190734863281e+00 -1.700000047683715820e+00
1.375000000000000000e+00 -2.099999904632568359e+00
5.387499809265136719e+00 8.999999761581420898e-01
1.656250000000000000e+00 -8.999999761581420898e-01
2.162499904632568359e+00 1.100000023841857910e+00
6.324999809265136719e+00 -2.000000000000000000e+00
2.575000047683715820e+00 -1.500000059604644775e-01
8.725000381469726562e+00 2.799999952316284180e+00
5.462500095367431641e+00 2.500000000000000000e-01
4.224999904632568359e+00 1.399999976158142090e+00
9.699999809265136719e+00 8.000000119209289551e-01
-3.950000047683715820e+00 -2.137174860109173181e-35
8.874978423118591309e-01 1.249992176890373230e-01
5.537499904632568359e+00 1.000000000000000000e+00
-6.874991953372955322e-02 -1.149998545646667480e+00
1.225000023841857910e+00 1.250000000000000000e+00
8.199999809265136719e+00 3.799999952316284180e+00
-4.961262643337249756e-02 -5.960773825645446777e-01
6.849999904632568359e+00 -8.999999761581420898e-01
5.871196985244750977e-01 -2.998904585838317871e-01
3.512500047683715820e+00 -7.500000000000000000e-01
9.100000381469726562e+00 2.000000029802322388e-01
-4.624982178211212158e-01 -9.249977469444274902e-01
5.237500190734863281e+00 4.000000059604644775e-01
1.637500047683715820e+00 -1.700000047683715820e+00
3.924999952316284180e+00 2.099999904632568359e+00
4.675000190734863281e+00 -4.000000059604644775e-01
2.087500095367431641e+00 -5.249999761581420898e-01
1.206249952316284180e+00 1.000000014901161194e-01
5.800000190734863281e+00 1.500000059604644775e-01
2.331249952316284180e+00 -6.000000238418579102e-01
2.293750047683715820e+00 -1.749999970197677612e-01
2.575000047683715820e+00 -4.250000119209289551e-01
2.706249952316284180e+00 1.125000000000000000e+00
2.406250000000000000e+00 4.499999880790710449e-01
1.262500047683715820e+00 -1.149999976158142090e+00
1.186212152242660522e-01 -7.742990851402282715e-01
3.474999904632568359e+00 -1.850000023841857910e+00
-3.495989441871643066e-01 -5.994893312454223633e-01
2.387500047683715820e+00 -1.500000059604644775e-01
5.687499642372131348e-01 -1.149999976158142090e+00
-4.699999809265136719e+00 1.500000000000000000e+00
-3.875000000000000000e+00 -3.400000095367431641e+00
1.862499952316284180e+00 1.100000023841857910e+00
4.375000000000000000e-01 1.700000047683715820e+00
-6.124999523162841797e-01 9.999999403953552246e-01
8.125000000000000000e+00 -1.000000014901161194e-01
-4.699999809265136719e+00 -1.100000023841857910e+00
2.237499952316284180e+00 -6.499999761581420898e-01
4.936890602111816406e-01 7.249028086662292480e-01
7.187494635581970215e-01 -6.499990224838256836e-01
-1.962499976158142090e+00 2.000000029802322388e-01
9.437500238418579102e-01 1.200000047683715820e+00
8.113203197717666626e-02 -7.489782571792602539e-01
-3.124999701976776123e-01 1.174999833106994629e+00
2.874867320060729980e-01 9.499706029891967773e-01
1.600000023841857910e+00 -2.000000029802322388e-01
2.799999952316284180e+00 -4.099999904632568359e+00
5.425000190734863281e+00 4.500000000000000000e+00
6.812499761581420898e-01 -1.250000000000000000e+00
1.337499976158142090e+00 -7.500000000000000000e-01
2.518749952316284180e+00 -3.499999940395355225e-01
-1.999988108873367310e-01 -1.024992227554321289e+00
3.212500095367431641e+00 1.700000047683715820e+00
1.369981318712234497e-01 5.237477421760559082e-01
4.749981164932250977e-01 -9.749968647956848145e-01
4.262499809265136719e+00 -1.600000023841857910e+00
9.100000381469726562e+00 -3.400000095367431641e+00
1.543750047683715820e+00 -6.499999761581420898e-01
2.424999952316284180e+00 1.600000023841857910e+00
2.106250047683715820e+00 1.749999970197677612e-01
7.562483549118041992e-01 -5.249994993209838867e-01
2.912499904632568359e+00 5.000000000000000000e-01
2.293750047683715820e+00 1.749999970197677612e-01
1.337499976158142090e+00 -1.174999952316284180e+00
-2.562498152256011963e-01 -1.099998950958251953e+00
2.125000000000000000e+00 -2.500000000000000000e-01
2.049999952316284180e+00 6.999999880790710449e-01
3.587500095367431641e+00 1.500000059604644775e-01
4.224999904632568359e+00 -4.599999904632568359e+00
2.462500095367431641e+00 1.075000047683715820e+00
2.312500000000000000e+00 9.750000238418579102e-01
9.907300770282745361e-02 5.207343697547912598e-01
2.143749952316284180e+00 6.250000000000000000e-01
-7.623990178108215332e-01 2.999738156795501709e-01
1.185779124498367310e-01 7.490856647491455078e-01
2.743750095367431641e+00 -3.750000000000000000e-01
2.087500095367431641e+00 -1.350000023841857910e+00
9.250000119209289551e-01 2.799999952316284180e+00
1.825000047683715820e+00 -8.249999880790710449e-01
4.449999809265136719e+00 4.499999880790710449e-01
-6.867057085037231445e-01 -1.498692631721496582e-01
9.999999403953552246e-02 -1.299999952316284180e+00
1.524999976158142090e+00 7.500000000000000000e-01
-1.625000000000000000e+00 2.400000095367431641e+00
2.349999904632568359e+00 3.000000000000000000e+00
9.624999761581420898e-01 7.500000000000000000e-01
-3.874999880790710449e-01 -1.174999952316284180e+00
4.412499904632568359e+00 1.750000000000000000e+00
2.912499904632568359e+00 4.000000059604644775e-01
1.806249976158142090e+00 -9.250000119209289551e-01
9.999998807907104492e-01 1.999999582767486572e-01
5.500000000000000000e+00 -3.900000095367431641e+00
2.799999952316284180e+00 6.250000000000000000e-01
-8.937500119209289551e-01 -8.249999880790710449e-01
-9.312499761581420898e-01 8.500000238418579102e-01
5.087500095367431641e+00 5.000000074505805969e-02
1.712499976158142090e+00 -5.000000000000000000e-01
-4.699999809265136719e+00 -1.200000047683715820e+00
1.225000023841857910e+00 1.950000047683715820e+00
1.375000000000000000e+00 5.749999880790710449e-01
3.287499904632568359e+00 -4.499999880790710449e-01
7.300000190734863281e+00 2.400000095367431641e+00
2.102625668048858643e-01 5.202974677085876465e-01
-9.687497615814208984e-01 -4.249999225139617920e-01
1.112499952316284180e+00 6.750000119209289551e-01
4.937499761581420898e-01 -1.199999928474426270e+00
1.056249976158142090e+00 1.174999952316284180e+00
1.375000000000000000e+00 1.075000047683715820e+00
2.987499952316284180e+00 6.750000119209289551e-01
1.768749952316284180e+00 -7.749999761581420898e-01
8.687491416931152344e-01 -4.249997735023498535e-01
1.112499952316284180e+00 6.499999761581420898e-01
2.556250095367431641e+00 -3.499999940395355225e-01
-8.562498688697814941e-01 6.999999284744262695e-01
5.650000095367431641e+00 -4.900000095367431641e+00
2.668750047683715820e+00 5.249999761581420898e-01
-5.375000238418579102e-01 1.350000023841857910e+00
2.200000047683715820e+00 3.000000119209289551e-01
-1.249989587813615799e-02 -1.074992537498474121e+00
2.631249904632568359e+00 -1.125000000000000000e+00
4.369065761566162109e-01 -4.739996492862701416e-01
3.987425863742828369e-01 -4.481069147586822510e-01
9.999998807907104492e-01 -1.249999701976776123e-01
-4.025000095367431641e+00 1.500000000000000000e+00
2.987499952316284180e+00 1.500000000000000000e+00
6.622394919395446777e-01 -2.249136567115783691e-01
1.937192827463150024e-01 -8.998997211456298828e-01
6.055250763893127441e-01 1.497326642274856567e-01
2.575000047683715820e+00 1.250000000000000000e-01
1.787500023841857910e+00 -1.049999952316284180e+00
5.500000000000000000e+00 -3.400000095367431641e+00
2.500000000000000000e+00 1.225000023841857910e+00
1.656250000000000000e+00 5.000000000000000000e-01
2.349999904632568359e+00 -5.749999880790710449e-01
5.987500190734863281e+00 1.100000023841857910e+00
1.450000047683715820e+00 6.499999761581420898e-01
9.999997913837432861e-02 1.249999761581420898e+00
-7.624999880790710449e-01 -9.249999523162841797e-01
2.275000095367431641e+00 -1.075000047683715820e+00
1.056249976158142090e+00 -6.750000119209289551e-01
6.400000095367431641e+00 -4.000000059604644775e-01
-3.499999940395355225e-01 1.750000000000000000e+00
-1.024999976158142090e+00 -3.099999904632568359e+00
-7.249476909637451172e-01 4.499778747558593750e-01
2.500000000000000000e+00 -1.250000000000000000e-01
5.949999809265136719e+00 4.400000095367431641e+00
1.843750000000000000e+00 -1.250000000000000000e+00
2.931250095367431641e+00 -1.274999976158142090e+00
9.850000381469726562e+00 -4.300000190734863281e+00
4.449999809265136719e+00 -4.499999880790710449e-01
-1.737499952316284180e+00 6.999999880790710449e-01
-4.249908030033111572e-01 8.499879240989685059e-01
-5.562430024147033691e-01 7.999930977821350098e-01
-4.062500000000000000e-01 1.174999952316284180e+00
5.873840451240539551e-01 3.749722242355346680e-01
1.356250047683715820e+00 -7.250000238418579102e-01
2.837500095367431641e+00 -1.749999970197677612e-01
1.806249976158142090e+00 9.499999880790710449e-01
1.674999952316284180e+00 -2.500000000000000000e-01
1.862499952316284180e+00 -4.000000059604644775e-01
5.949999809265136719e+00 4.499999880790710449e-01
-9.499999880790710449e-01 1.200000047683715820e+00
-4.324999809265136719e+00 -2.599999904632568359e+00
8.050000190734863281e+00 -3.299999952316284180e+00
-1.212499976158142090e+00 -4.499999880790710449e-01
5.987500190734863281e+00 -8.500000238418579102e-01
-4.025000095367431641e+00 -4.400000095367431641e+00
1.131250023841857910e+00 9.499999880790710449e-01
-8.937495350837707520e-01 -5.499998331069946289e-01
2.200000047683715820e+00 -1.024999976158142090e+00
9.624997377395629883e-01 -8.822104824446341809e-09
-1.212499976158142090e+00 8.000000119209289551e-01
1.037500023841857910e+00 1.249999925494194031e-01
6.062448024749755859e-01 7.499910593032836914e-01
1.187500000000000000e+00 -9.499999880790710449e-01
5.425000190734863281e+00 -2.500000000000000000e-01
2.556250095367431641e+00 2.750000059604644775e-01
2.049999952316284180e+00 -2.500000037252902985e-02
-4.940926730632781982e-01 7.260160148143768311e-02
1.937500000000000000e+00 -4.000000059604644775e-01
1.281250000000000000e+00 -3.750000000000000000e-01
-4.625000000000000000e+00 -3.599999904632568359e+00
2.668750047683715820e+00 -5.500000119209289551e-01
7.525000095367431641e+00 -1.000000014901161194e-01
3.436295092105865479e-01 -7.997843623161315918e-01
-4.249985814094543457e-01 9.499979019165039062e-01
7.974999904632568359e+00 1.799999952316284180e+00
4.370414316654205322e-01 4.491337835788726807e-01
6.775000095367431641e+00 4.800000190734863281e+00
-7.624657154083251953e-01 4.249874353408813477e-01
2.668750047683715820e+00 -1.225000023841857910e+00
3.549999952316284180e+00 2.700000047683715820e+00
2.537499904632568359e+00 -5.000000000000000000e-01
-1.924999952316284180e+00 4.400000095367431641e+00
1.018749952316284180e+00 2.249999791383743286e-01
2.762500047683715820e+00 3.000000119209289551e-01
2.556250095367431641e+00 4.749999940395355225e-01
3.174999952316284180e+00 -1.149999976158142090e+00
2.237499952316284180e+00 -1.250000000000000000e-01
-2.900000095367431641e+00 -1.100000023841857910e+00
2.275000095367431641e+00 1.500000059604644775e-01
1.206249952316284180e+00 -1.075000047683715820e+00
9.624999761581420898e-01 1.100000023841857910e+00
5.650000095367431641e+00 1.649999976158142090e+00
-1.174999952316284180e+00 1.200000047683715820e+00
3.549999952316284180e+00 -6.000000238418579102e-01
1.243749976158142090e+00 5.249999761581420898e-01
2.312500000000000000e+00 2.000000029802322388e-01
-3.349999904632568359e+00 -3.000000000000000000e+00
5.987500190734863281e+00 1.500000059604644775e-01
5.124999880790710449e-01 1.149999976158142090e+00
-2.000000000000000000e+00 -5.000000000000000000e-01
-2.185877561569213867e-01 -6.994427442550659180e-01
1.374998986721038818e-01 -1.174999356269836426e+00
1.131250023841857910e+00 4.000000059604644775e-01
5.499588847160339355e-01 4.999061822891235352e-01
1.806249976158142090e+00 5.249999761581420898e-01
2.931250095367431641e+00 -1.125000000000000000e+00
1.712499976158142090e+00 -1.174999952316284180e+00
6.925000190734863281e+00 -4.800000190734863281e+00
1.787500023841857910e+00 -2.750000059604644775e-01
-2.937394678592681885e-01 -8.749684095382690430e-01
7.375000000000000000e+00 5.000000000000000000e+00
-1.100000023841857910e+00 2.000000029802322388e-01
3.625000000000000000e+00 -2.900000095367431641e+00
2.162499904632568359e+00 1.250000000000000000e-01
1.843750000000000000e+00 -4.250000119209289551e-01
1.243749976158142090e+00 -7.500000000000000000e-01
7.937321066856384277e-01 -9.999407082796096802e-02
2.724999904632568359e+00 -6.250000000000000000e-01
3.992539942264556885e-01 -5.988495945930480957e-01
2.837500095367431641e+00 9.499999880790710449e-01
5.574999809265136719e+00 4.900000095367431641e+00
8.949999809265136719e+00 1.700000047683715820e+00
2.743750095367431641e+00 -5.000000000000000000e-01
1.075000047683715820e+00 1.700000047683715820e+00
-3.874997794628143311e-01 1.049999475479125977e+00
5.912499904632568359e+00 -1.750000000000000000e+00
-3.424999952316284180e+00 8.999999761581420898e-01
-2.150000095367431641e+00 3.000000000000000000e+00
-3.124983310699462891e-01 9.749946594238281250e-01
2.931250095367431641e+00 1.149999976158142090e+00
9.249991774559020996e-01 -1.749997287988662720e-01
1.112499952316284180e+00 9.750000238418579102e-01
6.249806284904479980e-02 -9.999707937240600586e-01
-2.374960035085678101e-01 9.499804973602294922e-01
2.106250047683715820e+00 -1.174999952316284180e+00
4.375000000000000000e+00 -1.100000023841857910e+00
2.012500047683715820e+00 -5.749999880790710449e-01
-4.849999904632568359e+00 -5.000000000000000000e-01
-3.114790841937065125e-02 -6.981547474861145020e-01
2.012500047683715820e+00 -2.500000037252902985e-02
7.000000000000000000e+00 -4.300000190734863281e+00
-1.700000047683715820e+00 1.799999952316284180e+00
1.899999976158142090e+00 4.699999809265136719e+00
-4.099999904632568359e+00 -8.999999761581420898e-01
5.875000000000000000e+00 8.000000119209289551e-01
9.625000000000000000e+00 2.200000047683715820e+00
2.462500095367431641e+00 -8.750000000000000000e-01
3.250000000000000000e+00 -8.000000119209289551e-01
-1.437499821186065674e-01 1.249999880790710449e+00
-6.484957933425903320e-01 -9.980916976928710938e-02
-3.724999904632568359e+00 1.600000023841857910e+00
1.243749976158142090e+00 -1.075000047683715820e+00
6.625000238418579102e-01 1.174999952316284180e+00
1.037500023841857910e+00 4.999999329447746277e-02
4.749376475811004639e-01 -7.499005794525146484e-01
1.618749976158142090e+00 3.249999880790710449e-01
-5.736824870109558105e-01 2.994786202907562256e-01
-7.999323010444641113e-01 2.499860078096389771e-01
1.712499976158142090e+00 -1.799999952316284180e+00
4.150000095367431641e+00 4.699999809265136719e+00
2.987499952316284180e+00 3.499999940395355225e-01
3.998469114303588867e-01 7.497489452362060547e-01
3.962500095367431641e+00 -1.799999952316284180e+00
-4.625000000000000000e+00 -4.400000095367431641e+00
1.225000023841857910e+00 1.250000000000000000e+00
9.937024116516113281e-02 -5.713996887207031250e-01
7.375000119209289551e-01 -1.049999952316284180e+00
-2.936559021472930908e-01 7.247959971427917480e-01
-1.624996960163116455e-01 -1.099997401237487793e+00
1.637500047683715820e+00 -6.250000000000000000e-01
2.875000000000000000e+00 -1.200000047683715820e+00
-2.000000000000000000e+00 1.399999976158142090e+00
-8.562499880790710449e-01 8.750000000000000000e-01
1.000000000000000000e+01 3.500000000000000000e+00
-1.475000023841857910e+00 -2.200000047683715820e+00
1.600000023841857910e+00 3.499999940395355225e-01
-1.043749809265136719e+00 -1.499999761581420898e-01
-3.675802648067474365e-01 -4.986996054649353027e-01
-1.062494888901710510e-01 1.074993968009948730e+00
2.443749904632568359e+00 -1.749999970197677612e-01
4.562499523162841797e-01 -1.149999856948852539e+00
-3.500000000000000000e+00 8.999999761581420898e-01
2.612499952316284180e+00 1.174999952316284180e+00
1.337499976158142090e+00 -7.500000298023223877e-02
1.825000047683715820e+00 -1.549999952316284180e+00
2.818749904632568359e+00 5.000000074505805969e-02
5.012499809265136719e+00 -1.600000023841857910e+00
5.612500190734863281e+00 -1.600000023841857910e+00
1.712499976158142090e+00 6.499999761581420898e-01
5.837500095367431641e+00 2.500000000000000000e-01
-9.124895334243774414e-01 2.499980479478836060e-02
-8.748208731412887573e-02 8.748021721839904785e-01
-4.243644475936889648e-01 5.493395924568176270e-01
-7.624448537826538086e-01 -3.749822974205017090e-01
1.450000047683715820e+00 -9.750000238418579102e-01
2.312500000000000000e+00 8.500000238418579102e-01
8.649999618530273438e+00 1.000000000000000000e+00
1.524999976158142090e+00 6.000000238418579102e-01
2.312500000000000000e+00 8.999999761581420898e-01
5.425000190734863281e+00 1.750000000000000000e+00
4.712500095367431641e+00 1.049999952316284180e+00
1.225000023841857910e+00 -1.899999976158142090e+00
1.899999976158142090e+00 -4.699999809265136719e+00
4.748623669147491455e-01 -6.747816801071166992e-01
1.487499952316284180e+00 -2.049999952316284180e+00
1.375000000000000000e+00 3.499999940395355225e-01
5.949999809265136719e+00 -1.450000047683715820e+00
-9.874992370605468750e-01 2.249998897314071655e-01
4.112500190734863281e+00 -1.399999976158142090e+00
7.749917507171630859e-01 3.999978005886077881e-01
2.912499904632568359e+00 3.499999940395355225e-01
1.337499976158142090e+00 4.749999940395355225e-01
1.674999952316284180e+00 -2.500000037252902985e-02
5.724999904632568359e+00 -8.000000119209289551e-01
4.900000095367431641e+00 2.599999904632568359e+00
-6.872577667236328125e-01 3.499155938625335693e-01
-9.125000238418579102e-01 1.750000000000000000e+00
1.281250000000000000e+00 1.200000047683715820e+00
9.999999403953552246e-01 4.999998211860656738e-02
8.649999618530273438e+00 4.900000095367431641e+00
5.762499809265136719e+00 -6.999999880790710449e-01
-1.924999952316284180e+00 -1.899999976158142090e+00
1.712499976158142090e+00 -6.999999880790710449e-01
6.622481942176818848e-01 -1.249023154377937317e-01
7.150000095367431641e+00 -3.900000095367431641e+00
2.106250047683715820e+00 1.200000047683715820e+00
4.862500190734863281e+00 -8.500000238418579102e-01
3.624906837940216064e-01 -9.499825835227966309e-01
1.281250000000000000e+00 5.000000000000000000e-01
-7.437499761581420898e-01 9.249999523162841797e-01
4.736003875732421875e-01 -2.494287937879562378e-01
1.956249952316284180e+00 -3.499999940395355225e-01
2.837500095367431641e+00 6.000000238418579102e-01
4.562500000000000000e+00 5.000000074505805969e-02
-5.935842394828796387e-01 5.248824954032897949e-01
-1.061322093009948730e-01 7.490918636322021484e-01
-1.174999952316284180e+00 -4.099999904632568359e+00
-5.749999880790710449e-01 4.400000095367431641e+00
1.225000023841857910e+00 8.249999880790710449e-01
2.762500047683715820e+00 9.250000119209289551e-01
1.131250023841857910e+00 -6.250000000000000000e-01
-4.999998211860656738e-01 -1.024999737739562988e+00
8.312500119209289551e-01 9.250000119209289551e-01
1.262500047683715820e+00 -1.500000059604644775e-01
-1.100000023841857910e+00 3.799999952316284180e+00
1.243749976158142090e+00 5.749999880790710449e-01
4.374916106462478638e-02 1.024980425834655762e+00
2.049999952316284180e+00 -6.750000119209289551e-01
5.724999904632568359e+00 -8.999999761581420898e-01
-4.025000095367431641e+00 1.700000047683715820e+00
-6.687499284744262695e-01 -9.749999642372131348e-01
1.450000047683715820e+00 5.000000000000000000e+00
5.687499642372131348e-01 1.125000000000000000e+00
2.496148273348808289e-02 7.235499024391174316e-01
9.437497854232788086e-01 -3.499999344348907471e-01
8.687499165534973145e-01 -5.749999880790710449e-01
2.593750000000000000e+00 -6.750000119209289551e-01
1.637500047683715820e+00 1.225000023841857910e+00
5.312185287475585938e-01 -7.249488830566406250e-01
3.250000000000000000e+00 -3.500000000000000000e+00
1.806249976158142090e+00 8.999999761581420898e-01
3.099999904632568359e+00 -3.000000000000000000e+00
2.494392544031143188e-01 6.988369822502136230e-01
-7.062477469444274902e-01 7.249982953071594238e-01
-2.749013602733612061e-01 -7.247557044029235840e-01
7.300000190734863281e+00 4.400000095367431641e+00
-7.624999880790710449e-01 -1.200000047683715820e+00
-8.187486529350280762e-01 5.999993085861206055e-01
2.200000047683715820e+00 3.799999952316284180e+00
3.624999821186065674e-01 -1.350000023841857910e+00
2.612499952316284180e+00 1.174999952316284180e+00
2.312500000000000000e+00 -1.549999952316284180e+00
-5.562430024147033691e-01 7.999930977821350098e-01
2.612499952316284180e+00 -8.500000238418579102e-01
7.900000095367431641e+00 -3.000000119209289551e-01
9.925000190734863281e+00 3.099999904632568359e+00
1.431249976158142090e+00 -9.499999880790710449e-01
-1.812500000000000000e+00 -3.000000119209289551e-01
3.962500095367431641e+00 3.000000119209289551e-01
2.181250095367431641e+00 -8.750000000000000000e-01
2.500000000000000000e+00 -4.900000095367431641e+00
2.387500047683715820e+00 -1.000000000000000000e+00
1.131250023841857910e+00 -5.000000074505805969e-02
-9.124997854232788086e-01 -5.749999284744262695e-01
5.499516725540161133e-01 -5.248978734016418457e-01
-5.937499403953552246e-01 -1.024999976158142090e+00
2.987499952316284180e+00 -1.399999976158142090e+00
4.224999904632568359e+00 1.250000000000000000e+00
2.368750095367431641e+00 -1.274999976158142090e+00
1.225000023841857910e+00 7.500000000000000000e-01
3.924999952316284180e+00 2.500000000000000000e+00
2.498427405953407288e-02 -7.993708848953247070e-01
2.556250095367431641e+00 1.500000059604644775e-01
6.250000000000000000e+00 -3.400000095367431641e+00
4.412499904632568359e+00 2.500000000000000000e-01
1.918750047683715820e+00 3.750000000000000000e-01
-4.025000095367431641e+00 -3.599999904632568359e+00
2.481250047683715820e+00 -1.225000023841857910e+00
-5.749990940093994141e-01 8.999990820884704590e-01
3.212500095367431641e+00 1.149999976158142090e+00
-3.686303198337554932e-01 -6.998389959335327148e-01
6.250000000000000000e+00 -3.000000119209289551e-01
2.743750095367431641e+00 -5.500000119209289551e-01
6.775000095367431641e+00 -3.900000095367431641e+00
-1.156250000000000000e+00 2.750000059604644775e-01
5.500000000000000000e+00 -1.200000047683715820e+00
-3.499999940395355225e-01 -4.300000190734863281e+00
1.225000023841857910e+00 -8.750000000000000000e-01
1.993749976158142090e+00 4.499999880790710449e-01
1.206249952316284180e+00 -1.500000059604644775e-01
3.775000095367431641e+00 4.000000000000000000e+00
1.862499952316284180e+00 -1.299999952316284180e+00
-1.587499976158142090e+00 -6.999999880790710449e-01
1.037500023841857910e+00 4.499999880790710449e-01
2.124997675418853760e-01 1.149999141693115234e+00
5.387499809265136719e+00 1.700000047683715820e+00
-8.374999761581420898e-01 -9.499999880790710449e-01
2.124508768320083618e-01 8.748599886894226074e-01
-3.124983608722686768e-01 9.749947786331176758e-01
2.331249952316284180e+00 -6.750000119209289551e-01
7.374997138977050781e-01 6.499994397163391113e-01
-2.562415599822998047e-01 8.999658823013305664e-01
9.437500238418579102e-01 -6.250000000000000000e-01
-1.024999976158142090e+00 -4.000000000000000000e+00
3.212500095367431641e+00 1.549999952316284180e+00
8.124995827674865723e-01 -5.499998927116394043e-01
3.062500000000000000e+00 -4.499999880790710449e-01
3.962500095367431641e+00 8.000000119209289551e-01
2.275000095367431641e+00 -3.750000000000000000e-01
6.062352657318115234e-01 -4.999770224094390869e-01
3.474999904632568359e+00 8.500000238418579102e-01
-1.399999976158142090e+00 2.000000029802322388e-01
6.998707056045532227e-01 -1.249505579471588135e-01
2.668750047683715820e+00 1.225000023841857910e+00
6.324999809265136719e+00 1.700000047683715820e+00
5.387499809265136719e+00 -1.549999952316284180e+00
5.237500190734863281e+00 3.499999940395355225e-01
2.462500095367431641e+00 1.000000014901161194e-01
3.174999952316284180e+00 1.149999976158142090e+00
1.412500023841857910e+00 -6.999999880790710449e-01
5.387499809265136719e+00 -1.149999976158142090e+00
3.737499952316284180e+00 1.399999976158142090e+00
1.911555528640747070e-01 4.943462312221527100e-01
5.987500190734863281e+00 -1.549999952316284180e+00
2.218750000000000000e+00 -1.100000023841857910e+00
2.556250095367431641e+00 -1.149999976158142090e+00
4.375000000000000000e+00 -1.600000023841857910e+00
6.437265276908874512e-01 4.499911665916442871e-01
-1.248370110988616943e-01 -7.239452600479125977e-01
2.500000000000000000e+00 1.350000023841857910e+00
4.750000000000000000e+00 3.799999952316284180e+00
2.875000000000000000e+00 -2.500000000000000000e-01
1.524999976158142090e+00 8.249999880790710449e-01
-2.937498390674591064e-01 1.099999308586120605e+00
6.699999809265136719e+00 1.100000023841857910e+00
-1.549999952316284180e+00 3.499999940395355225e-01
4.180530011653900146e-01 -5.739308595657348633e-01
1.693750023841857910e+00 -2.249999940395355225e-01
2.443749904632568359e+00 8.000000119209289551e-01
7.749999165534973145e-01 -6.749998331069946289e-01
1.393749952316284180e+00 -2.249999940395355225e-01
2.237499952316284180e+00 1.000000000000000000e+00
4.637499809265136719e+00 -7.500000000000000000e-01
-8.749996423721313477e-01 -5.999998450279235840e-01
-1.100000023841857910e+00 -1.549999952316284180e+00
-1.362499952316284180e+00 -1.399999976158142090e+00
1.674999952316284180e+00 -6.750000119209289551e-01
2.650000095367431641e+00 5.500000119209289551e-01
1.750000000000000000e+00 6.000000238418579102e-01
1.750000000000000000e+00 6.499999761581420898e-01
-1.193750023841857910e+00 1.250000000000000000e-01
-1.024999976158142090e+00 5.000000000000000000e-01
1.000000000000000000e+01 -4.800000190734863281e+00
8.500000238418579102e-01 1.250000000000000000e+00
2.575000047683715820e+00 -8.500000238418579102e-01
9.812499880790710449e-01 -1.149999976158142090e+00
-3.049999952316284180e+00 -2.000000029802322388e-01
5.868641138076782227e-01 2.497925609350204468e-01
2.124999910593032837e-01 1.399999976158142090e+00
5.949999809265136719e+00 -1.450000047683715820e+00
1.356250047683715820e+00 -5.500000119209289551e-01
2.664397358894348145e-01 -5.459102392196655273e-01
2.443749904632568359e+00 -8.000000119209289551e-01
5.162499904632568359e+00 -1.000000014901161194e-01
6.175000190734863281e+00 -3.400000095367431641e+00
9.812499880790710449e-01 5.500000119209289551e-01
-3.312291800975799561e-01 -8.249569535255432129e-01
4.787499904632568359e+00 1.100000023841857910e+00
-8.562499880790710449e-01 -8.999999761581420898e-01
3.474999904632568359e+00 5.000000074505805969e-02
4.562500000000000000e+00 1.350000023841857910e+00
4.074999809265136719e+00 -1.500000000000000000e+00
-6.124998927116394043e-01 9.749998450279235840e-01
5.275000095367431641e+00 3.500000000000000000e+00
6.437498927116394043e-01 9.749998450279235840e-01
2.012500047683715820e+00 -4.499999880790710449e-01
-1.250000000000000000e-01 -4.800000190734863281e+00
1.056249976158142090e+00 -1.749999970197677612e-01
4.179490208625793457e-01 -5.487768650054931641e-01
1.450000047683715820e+00 8.750000000000000000e-01
-4.699999809265136719e+00 5.000000000000000000e+00
1.056249976158142090e+00 7.749999761581420898e-01
4.000000000000000000e+00 -1.500000000000000000e+00
1.318750023841857910e+00 1.024999976158142090e+00
2.331249952316284180e+00 -1.500000059604644775e-01
4.974999904632568359e+00 -4.900000095367431641e+00
2.856250047683715820e+00 -3.499999940395355225e-01
1.600000023841857910e+00 -6.499999761581420898e-01
-1.062486544251441956e-01 -1.024984836578369141e+00
7.749858498573303223e-01 3.499957919120788574e-01
1.131250023841857910e+00 9.499999880790710449e-01
-1.850000023841857910e+00 -1.200000047683715820e+00
2.424999952316284180e+00 -6.499999761581420898e-01
1.899999976158142090e+00 -2.750000059604644775e-01
2.275000095367431641e+00 -1.000000000000000000e+00
-1.212499976158142090e+00 2.000000029802322388e-01
1.750000000000000000e+00 -1.750000000000000000e+00
-3.124853372573852539e-01 -8.499634861946105957e-01
4.187500000000000000e+00 -2.000000000000000000e+00
5.912499904632568359e+00 -1.250000000000000000e+00
8.500000000000000000e+00 3.200000047683715820e+00
2.556250095367431641e+00 1.000000000000000000e+00
1.168750047683715820e+00 -5.000000074505805969e-02
1.356250047683715820e+00 1.174999952316284180e+00
6.175000190734863281e+00 4.300000190734863281e+00
1.393749952316284180e+00 -1.125000000000000000e+00
2.143749952316284180e+00 -5.749999880790710449e-01
4.637499809265136719e+00 5.000000074505805969e-02
2.518749952316284180e+00 -1.749999970197677612e-01
9.250000119209289551e-01 8.500000238418579102e-01
5.199999809265136719e+00 4.900000095367431641e+00
2.556250095367431641e+00 -7.749999761581420898e-01
3.812420666217803955e-01 -9.499856233596801758e-01
-8.749906420707702637e-01 2.999979555606842041e-01
4.787499904632568359e+00 1.600000023841857910e+00
1.506250023841857910e+00 -2.500000000000000000e-01
4.337500095367431641e+00 8.000000119209289551e-01
7.375000000000000000e+00 1.200000047683715820e+00
3.025000095367431641e+00 3.400000095367431641e+00
2.106250047683715820e+00 -1.100000023841857910e+00
8.274999618530273438e+00 2.000000029802322388e-01
6.062352657318115234e-01 -4.999770224094390869e-01
4.487500190734863281e+00 3.000000119209289551e-01
1.056249976158142090e+00 3.750000000000000000e-01
1.899999976158142090e+00 1.899999976158142090e+00
2.349999904632568359e+00 4.499999880790710449e-01
1.674999952316284180e+00 -1.225000023841857910e+00
4.712500095367431641e+00 -1.450000047683715820e+00
1.262500047683715820e+00 -1.350000023841857910e+00
1.581249952316284180e+00 1.225000023841857910e+00
2.293750047683715820e+00 -8.750000000000000000e-01
-2.931549251079559326e-01 -4.991156458854675293e-01
8.124860525131225586e-01 1.499945372343063354e-01
-2.224999904632568359e+00 1.299999952316284180e+00
2.612499952316284180e+00 1.149999976158142090e+00
2.368750095367431641e+00 -6.999999880790710449e-01
2.950000047683715820e+00 -2.299999952316284180e+00
-8.562405109405517578e-01 3.499975502490997314e-01
2.687500000000000000e+00 -1.000000014901161194e-01
3.512500047683715820e+00 -8.999999761581420898e-01
2.724999904632568359e+00 4.000000059604644775e-01
2.162499904632568359e+00 7.500000298023223877e-02
1.656250000000000000e+00 -1.500000059604644775e-01
9.175000190734863281e+00 3.500000000000000000e+00
2.368750095367431641e+00 -8.500000238418579102e-01
3.062500000000000000e+00 1.149999976158142090e+00
1.000000014901161194e-01 -2.000000000000000000e+00
5.087500095367431641e+00 -6.499999761581420898e-01
4.750000000000000000e+00 -1.600000023841857910e+00
5.500000119209289551e-01 2.000000000000000000e+00
9.624999761581420898e-01 7.250000238418579102e-01
-5.937499403953552246e-01 1.049999952316284180e+00
3.549999952316284180e+00 -4.199999809265136719e+00
6.250000000000000000e-01 1.450000047683715820e+00
2.181250095367431641e+00 6.000000238418579102e-01
-7.999999523162841797e-01 -8.249999284744262695e-01
2.293750047683715820e+00 -5.000000000000000000e-01
-1.081249952316284180e+00 4.250000119209289551e-01
-3.875000000000000000e+00 2.799999952316284180e+00
2.125000000000000000e+00 2.750000059604644775e-01
1.825000047683715820e+00 1.000000000000000000e+00
2.875000000000000000e+00 -2.200000047683715820e+00
1.375000000000000000e+00 9.750000238418579102e-01
2.781250000000000000e+00 -1.250000000000000000e+00
1.975000023841857910e+00 -3.499999940395355225e-01
4.525000095367431641e+00 -5.000000074505805969e-02
5.124999880790710449e-01 -1.700000047683715820e+00
1.450000047683715820e+00 -3.500000000000000000e+00
9.100000381469726562e+00 2.400000095367431641e+00
1.375000000000000000e+00 -1.500000000000000000e+00
8.499945402145385742e-01 1.249979361891746521e-01
1.375000000000000000e+00 1.299999952316284180e+00
-5.159273147583007812e-01 2.239931821823120117e-01
2.950000047683715820e+00 6.750000119209289551e-01
7.937332391738891602e-01 -2.749945819377899170e-01
-6.677043437957763672e-01 -1.498199254274368286e-01
2.031250000000000000e+00 -8.999999761581420898e-01
-2.937499880790710449e-01 -1.199999928474426270e+00
5.312500000000000000e+00 -1.950000047683715820e+00
1.243749976158142090e+00 5.000000000000000000e-01
2.762500047683715820e+00 -1.100000023841857910e+00
5.574999809265136719e+00 -4.000000000000000000e+00
-8.374819755554199219e-01 -3.249955475330352783e-01
2.200000047683715820e+00 -1.399999976158142090e+00
6.062499880790710449e-01 -1.174999952316284180e+00
-1.475000023841857910e+00 2.200000047683715820e+00
5.574999809265136719e+00 -2.000000029802322388e-01
3.437485396862030029e-01 -1.049996972084045410e+00
1.000000014901161194e-01 -1.950000047683715820e+00
-8.186543583869934082e-01 -2.499791607260704041e-02
-4.999999403953552246e-01 -1.074999928474426270e+00
2.950000047683715820e+00 -5.249999761581420898e-01
8.687499761581420898e-01 -7.500000000000000000e-01
2.950000047683715820e+00 -3.099999904632568359e+00
-3.724999904632568359e+00 3.299999952316284180e+00
1.225000023841857910e+00 6.000000238418579102e-01
5.012499809265136719e+00 -1.049999952316284180e+00
8.687499761581420898e-01 1.200000047683715820e+00
8.687486648559570312e-01 3.749995827674865723e-01
-5.158888697624206543e-01 2.239755988121032715e-01
2.875000000000000000e+00 -1.950000047683715820e+00
2.424999952316284180e+00 2.500000000000000000e+00
6.249999403953552246e-01 -1.024999856948852539e+00
3.474999904632568359e+00 3.200000047683715820e+00
2.724999904632568359e+00 4.749999940395355225e-01
7.375000119209289551e-01 -1.750000000000000000e+00
2.818749904632568359e+00 8.249999880790710449e-01
-4.699999809265136719e+00 1.299999952316284180e+00
-1.250000000000000000e+00 8.000000119209289551e-01
2.762500047683715820e+00 -5.500000119209289551e-01
-2.224999904632568359e+00 3.799999952316284180e+00
2.837500095367431641e+00 -5.000000000000000000e-01
3.099999904632568359e+00 -8.500000238418579102e-01
-3.275000095367431641e+00 -4.000000059604644775e-01
6.025000095367431641e+00 3.700000047683715820e+00
1.112499952316284180e+00 1.500000000000000000e+00
1.937499642372131348e-01 -1.249999880790710449e+00
-3.875000000000000000e+00 1.299999952316284180e+00
2.593750000000000000e+00 2.000000029802322388e-01
4.675000190734863281e+00 5.000000000000000000e+00
2.537499904632568359e+00 5.249999761581420898e-01
6.849999904632568359e+00 -1.000000000000000000e+00
-3.950000047683715820e+00 -2.000000000000000000e+00
1.225000023841857910e+00 -7.749999761581420898e-01
4.750000000000000000e+00 -3.400000095367431641e+00
2.500000000000000000e+00 -4.749999940395355225e-01
4.900000095367431641e+00 2.799999952316284180e+00
-4.250000119209289551e-01 1.500000000000000000e+00
-1.250000000000000000e+00 -1.250000000000000000e-01
1.937500000000000000e+00 3.499999940395355225e-01
6.699999809265136719e+00 -4.900000095367431641e+00
2.650000095367431641e+00 -1.200000047683715820e+00
-1.434038579463958740e-01 6.482810378074645996e-01
4.412499904632568359e+00 -3.000000119209289551e-01
2.481250047683715820e+00 1.024999976158142090e+00
7.300000190734863281e+00 1.899999976158142090e+00
-7.622183561325073242e-01 -4.998622462153434753e-02
-3.500000000000000000e+00 -3.900000095367431641e+00
3.433113992214202881e-01 6.992555856704711914e-01
2.706249952316284180e+00 -1.250000000000000000e-01
3.775000095367431641e+00 1.750000000000000000e+00
-2.562097311019897461e-01 7.998660802841186523e-01
4.370661452412605286e-02 -7.741732001304626465e-01
6.550000190734863281e+00 -3.299999952316284180e+00
1.600000023841857910e+00 -1.399999976158142090e+00
1.262500047683715820e+00 2.249999940395355225e-01
-4.437069892883300781e-01 -7.499511241912841797e-01
1.487499952316284180e+00 1.649999976158142090e+00
1.075000047683715820e+00 -4.500000000000000000e+00
2.424999952316284180e+00 -1.000000014901161194e-01
1.431249976158142090e+00 7.500000000000000000e-01
2.875000000000000000e+00 5.249999761581420898e-01
4.300000190734863281e+00 1.899999976158142090e+00
-7.812500000000000000e-01 9.750000238418579102e-01
1.037500023841857910e+00 1.000000000000000000e+00
1.674999952316284180e+00 4.749999940395355225e-01
3.099999904632568359e+00 1.049999952316284180e+00
-5.562469959259033203e-01 -8.499969244003295898e-01
-2.937267124652862549e-01 8.249371051788330078e-01
-6.499997973442077637e-01 9.249998331069946289e-01
3.250000000000000000e+00 4.000000000000000000e+00
1.562500000000000000e+00 -1.225000023841857910e+00
2.424999952316284180e+00 4.300000190734863281e+00
4.374888241291046143e-01 8.999813199043273926e-01
-1.006249308586120605e+00 7.499996572732925415e-02
4.449999809265136719e+00 4.699999809265136719e+00
1.374958157539367676e-01 -9.999765157699584961e-01
1.862499952316284180e+00 6.999999880790710449e-01
9.437499642372131348e-01 -5.000000000000000000e-01
-6.874998807907104492e-01 9.249998927116394043e-01
2.687500000000000000e+00 -1.049999952316284180e+00
4.074999809265136719e+00 -5.000000074505805969e-02
-5.000000074505805969e-02 1.950000047683715820e+00
6.436687707901000977e-01 3.749789595603942871e-01
8.125000000000000000e-01 -1.225000023841857910e+00
-8.937484622001647949e-01 4.499995112419128418e-01
1.131250023841857910e+00 -1.000000000000000000e+00
1.000000000000000000e+01 -3.000000000000000000e+00
-1.774999976158142090e+00 -1.000000014901161194e-01
9.625000000000000000e+00 1.399999976158142090e+00
5.687500000000000000e+00 -1.700000047683715820e+00
4.562500000000000000e+00 -1.799999952316284180e+00
-4.324999809265136719e+00 -1.100000023841857910e+00
3.924999952316284180e+00 -2.500000000000000000e-01
-1.362499952316284180e+00 -8.500000238418579102e-01
9.550000190734863281e+00 -1.899999976158142090e+00
4.749166071414947510e-01 7.248674035072326660e-01
1.825000047683715820e+00 4.000000000000000000e+00
3.625000000000000000e+00 -1.350000023841857910e+00
3.025000095367431641e+00 8.500000238418579102e-01
2.987499952316284180e+00 -1.024999976158142090e+00
2.837500095367431641e+00 2.750000059604644775e-01
2.931250095367431641e+00 9.250000119209289551e-01
9.249998331069946289e-01 -4.499999582767486572e-01
3.924999952316284180e+00 2.500000000000000000e-01
4.412499904632568359e+00 3.499999940395355225e-01
-5.000000074505805969e-02 -1.649999976158142090e+00
3.999996483325958252e-01 -1.099999308586120605e+00
2.518749952316284180e+00 2.500000000000000000e-01
1.825000047683715820e+00 1.950000047683715820e+00
1.206249952316284180e+00 3.499999940395355225e-01
1.637500047683715820e+00 -1.700000047683715820e+00
1.187500000000000000e+00 -2.750000059604644775e-01
1.075000047683715820e+00 -1.149999976158142090e+00
-3.049999952316284180e+00 3.500000000000000000e+00
2.874988615512847900e-01 1.074997186660766602e+00
7.562248110771179199e-01 -3.249925673007965088e-01
2.706249952316284180e+00 5.500000119209289551e-01
-9.874988198280334473e-01 1.249999031424522400e-01
6.250000000000000000e+00 0.000000000000000000e+00
2.200000047683715820e+00 1.000000014901161194e-01
1.618749976158142090e+00 7.500000298023223877e-02
-5.360860228538513184e-01 3.243090808391571045e-01
-1.156250000000000000e+00 -3.249999880790710449e-01
-3.499999940395355225e-01 2.900000095367431641e+00
6.435431241989135742e-01 -2.999386191368103027e-01
8.874999880790710449e-01 -6.999999880790710449e-01
6.255701184272766113e-03 -6.472753286361694336e-01
5.500000119209289551e-01 4.500000000000000000e+00
2.106250047683715820e+00 2.500000037252902985e-02
7.562499642372131348e-01 -8.249999284744262695e-01
1.918750047683715820e+00 -5.749999880790710449e-01
-1.924999952316284180e+00 -1.000000014901161194e-01
4.749969542026519775e-01 -9.499949812889099121e-01
2.462500095367431641e+00 -2.500000000000000000e-01
2.968750000000000000e+00 8.500000238418579102e-01
3.662499904632568359e+00 1.000000000000000000e+00
-9.124998450279235840e-01 5.999999642372131348e-01
1.600000023841857910e+00 -3.799999952316284180e+00
1.712499976158142090e+00 -7.250000238418579102e-01
2.049999952316284180e+00 4.749999940395355225e-01
2.631249904632568359e+00 -1.149999976158142090e+00
2.837500095367431641e+00 -5.500000119209289551e-01
2.950000047683715820e+00 7.749999761581420898e-01
2.781250000000000000e+00 -1.250000000000000000e-01
3.408186435699462891e-01 -4.708610475063323975e-01
-1.812500000000000000e+00 5.000000000000000000e-01
2.031250000000000000e+00 -5.000000000000000000e-01
-5.740780830383300781e-01 -3.495677113533020020e-01
2.312500000000000000e+00 6.250000000000000000e-01
-8.750000000000000000e-01 -2.400000095367431641e+00
6.062492728233337402e-01 -8.999988436698913574e-01
3.624942600727081299e-01 9.749891757965087891e-01
-9.124926328659057617e-01 1.749990731477737427e-01
2.950000047683715820e+00 -3.750000000000000000e-01
-1.587499976158142090e+00 -1.200000047683715820e+00
5.499510169029235840e-01 3.999773263931274414e-01
-2.599999904632568359e+00 1.000000000000000000e+00
-1.437412649393081665e-01 9.249316453933715820e-01
2.500000000000000000e+00 1.500000059604644775e-01
-5.560469031333923340e-01 5.498356223106384277e-01
9.812499880790710449e-01 1.000000000000000000e+00
5.874999761581420898e-01 1.850000023841857910e+00
-1.212499976158142090e+00 -3.000000119209289551e-01
3.040489256381988525e-01 -5.464286208152770996e-01
2.837500095367431641e+00 -9.499999880790710449e-01
6.400000095367431641e+00 -1.899999976158142090e+00
5.912499904632568359e+00 -2.049999952316284180e+00
4.074999809265136719e+00 -7.500000000000000000e-01
-8.562499880790710449e-01 8.000000119209289551e-01
3.887500047683715820e+00 -7.500000000000000000e-01
2.275000095367431641e+00 -1.749999970197677612e-01
2.499992698431015015e-01 -1.099997878074645996e+00
4.862500190734863281e+00 -4.000000059604644775e-01
-9.875000119209289551e-01 1.549999952316284180e+00
4.337500095367431641e+00 -4.000000059604644775e-01
2.650000095367431641e+00 1.100000023841857910e+00
2.181250095367431641e+00 -7.500000000000000000e-01
2.307045310735702515e-01 6.987924575805664062e-01
-7.246825695037841797e-01 2.249314635992050171e-01
-1.100000023841857910e+00 3.249999880790710449e-01
1.450000047683715820e+00 -1.750000000000000000e+00
-7.250000238418579102e-01 1.100000023841857910e+00
2.575000047683715820e+00 2.750000059604644775e-01
-8.937474489212036133e-01 -3.999992907047271729e-01
4.374828040599822998e-01 -8.749713897705078125e-01
-1.174999952316284180e+00 4.199999809265136719e+00
1.431249976158142090e+00 -1.149999976158142090e+00
-7.437484264373779297e-01 -6.999989151954650879e-01
1.918750047683715820e+00 4.749999940395355225e-01
3.624660968780517578e-01 -8.749388456344604492e-01
2.387500047683715820e+00 -7.749999761581420898e-01
4.224999904632568359e+00 -3.500000000000000000e+00
5.724999904632568359e+00 -3.599999904632568359e+00
9.024999618530273438e+00 1.299999952316284180e+00
3.437500000000000000e+00 1.549999952316284180e+00
-6.873957812786102295e-02 8.998543620109558105e-01
5.311650633811950684e-01 5.498396158218383789e-01
-4.250000119209289551e-01 3.099999904632568359e+00
-6.870052963495254517e-02 7.994102835655212402e-01
2.349999904632568359e+00 -9.750000238418579102e-01
1.881250023841857910e+00 -2.500000000000000000e-01
-5.149041414260864258e-01 -1.241119429469108582e-01
-9.875000119209289551e-01 6.499999761581420898e-01
-1.399999976158142090e+00 -3.099999904632568359e+00
2.593750000000000000e+00 6.999999880790710449e-01
-4.999998211860656738e-01 1.024999737739562988e+00
1.450000047683715820e+00 -3.599999904632568359e+00
-8.747335523366928101e-02 -8.497165441513061523e-01
2.818749904632568359e+00 7.250000238418579102e-01
2.650000095367431641e+00 2.700000047683715820e+00
1.937500000000000000e+00 -3.000000119209289551e-01
3.625000000000000000e+00 -6.499999761581420898e-01
3.061508536338806152e-01 8.248069882392883301e-01
2.650000095367431641e+00 -6.000000238418579102e-01
8.949999809265136719e+00 -2.400000095367431641e+00
-1.325000047683715820e+00 -1.100000023841857910e+00
-2.937342226505279541e-01 -8.499550819396972656e-01
1.600000023841857910e+00 8.750000000000000000e-01
1.899999976158142090e+00 -3.499999940395355225e-01
1.524999976158142090e+00 -5.000000000000000000e-01
6.998553872108459473e-01 -1.999499946832656860e-01
9.774999618530273438e+00 -4.500000000000000000e+00
-9.124998450279235840e-01 -5.999999642372131348e-01
3.887500047683715820e+00 2.049999952316284180e+00
-2.150000095367431641e+00 4.800000190734863281e+00
-8.000000119209289551e-01 -1.799999952316284180e+00
9.024999618530273438e+00 -3.500000000000000000e+00
-5.562453269958496094e-01 8.249952793121337891e-01
9.812499880790710449e-01 7.749999761581420898e-01
1.450000047683715820e+00 -7.749999761581420898e-01
-6.491610407829284668e-01 2.497678399085998535e-01
1.993749976158142090e+00 1.200000047683715820e+00
-4.435017108917236328e-01 6.247391104698181152e-01
1.806249976158142090e+00 8.750000000000000000e-01
3.059662878513336182e-01 -7.494721412658691406e-01
4.224999904632568359e+00 -3.499999940395355225e-01
8.274999618530273438e+00 4.300000190734863281e+00
-4.437498450279235840e-01 1.049999713897705078e+00
2.087500095367431641e+00 4.749999940395355225e-01
2.706249952316284180e+00 -3.249999880790710449e-01
2.762500047683715820e+00 -8.249999880790710449e-01
5.050000190734863281e+00 -4.800000190734863281e+00
2.068749904632568359e+00 -5.249999761581420898e-01
-7.436069846153259277e-01 -2.999616265296936035e-01
3.812468051910400391e-01 9.999940991401672363e-01
-7.624967098236083984e-01 -6.249980926513671875e-01
-4.400000095367431641e+00 -3.000000119209289551e-01
2.162499904632568359e+00 -1.024999976158142090e+00
2.875000000000000000e+00 4.099999904632568359e+00
-5.374999642372131348e-01 1.100000023841857910e+00
1.056249976158142090e+00 5.749999880790710449e-01
-6.499999761581420898e-01 -4.199999809265136719e+00
5.949999809265136719e+00 5.000000000000000000e-01
2.706249952316284180e+00 1.250000000000000000e-01
-4.550000190734863281e+00 -4.599999904632568359e+00
3.962500095367431641e+00 1.350000023841857910e+00
-9.499999880790710449e-01 -4.500000000000000000e+00
8.500000000000000000e+00 4.800000190734863281e+00
2.724999904632568359e+00 -2.799999952316284180e+00
3.549999952316284180e+00 1.100000023841857910e+00
2.837500095367431641e+00 3.000000119209289551e-01
9.624999761581420898e-01 -1.600000023841857910e+00
6.812395453453063965e-01 4.749963283538818359e-01
2.631249904632568359e+00 -2.500000000000000000e-01
5.724999904632568359e+00 4.500000000000000000e+00
1.112499952316284180e+00 -2.500000037252902985e-02
7.000000000000000000e+00 4.500000000000000000e+00
9.550000190734863281e+00 -3.799999952316284180e+00
1.149999976158142090e+00 7.500000000000000000e-01
5.012499809265136719e+00 -1.799999952316284180e+00
4.974999904632568359e+00 5.000000074505805969e-02
1.918750047683715820e+00 2.249999940395355225e-01
8.125000000000000000e-01 8.499999642372131348e-01
-1.512500047683715820e+00 5.000000000000000000e-01
1.225000023841857910e+00 7.500000000000000000e-01
3.887500047683715820e+00 -4.499999880790710449e-01
5.124987959861755371e-01 -4.249127209186553955e-01
1.656250000000000000e+00 -1.100000023841857910e+00
6.812456250190734863e-01 5.249966382980346680e-01
-2.750000000000000000e+00 -5.000000000000000000e-01
2.293750047683715820e+00 -6.750000119209289551e-01
1.093750000000000000e+00 1.250000000000000000e+00
2.500000037252902985e-02 4.199999809265136719e+00
2.256249904632568359e+00 -1.250000000000000000e-01
1.243749976158142090e+00 -6.250000000000000000e-01
1.543750047683715820e+00 8.249999880790710449e-01
2.124999761581420898e-01 -1.249999880790710449e+00
6.025000095367431641e+00 -1.549999952316284180e+00
-2.224999904632568359e+00 4.900000095367431641e+00
4.210315346717834473e-01 3.016689419746398926e-01
6.811691522598266602e-01 4.995733126997947693e-02
4.974999904632568359e+00 4.599999904632568359e+00
1.562500000000000000e+00 -1.749999970197677612e-01
7.749999761581420898e-01 1.399999976158142090e+00
2.106250047683715820e+00 -2.750000059604644775e-01
-1.624977439641952515e-01 9.999826550483703613e-01
-3.500000000000000000e+00 3.900000095367431641e+00
-1.812499761581420898e-01 -1.224999785423278809e+00
-2.075000047683715820e+00 4.199999809265136719e+00
1.933851391077041626e-01 -7.240077257156372070e-01
8.499955534934997559e-01 -2.749985456466674805e-01
4.599999904632568359e+00 9.499999880790710449e-01
2.424999952316284180e+00 -2.500000037252902985e-02
6.849999904632568359e+00 2.000000029802322388e-01
-2.299999952316284180e+00 -5.000000000000000000e-01
9.175000190734863281e+00 3.099999904632568359e+00
3.812500000000000000e+00 4.000000059604644775e-01
2.724999904632568359e+00 -3.750000000000000000e-01
5.349999904632568359e+00 2.900000095367431641e+00
-5.000000000000000000e+00 -4.099999904632568359e+00
3.062304854393005371e-01 -9.249595999717712402e-01
3.549999952316284180e+00 4.499999880790710449e-01
3.611765801906585693e-01 5.729604363441467285e-01
5.162499904632568359e+00 -1.399999976158142090e+00
-1.024999499320983887e+00 2.499999292194843292e-02
-4.400000095367431641e+00 2.700000047683715820e+00
-9.499999284744262695e-01 5.999999642372131348e-01
2.310965359210968018e-01 7.996281981468200684e-01
1.731250047683715820e+00 -4.250000119209289551e-01
-6.687258481979370117e-01 -5.999835729598999023e-01
6.249994784593582153e-02 1.174999117851257324e+00
1.637500047683715820e+00 -9.499999880790710449e-01
2.387500047683715820e+00 8.249999880790710449e-01
7.749701738357543945e-01 -1.249893605709075928e-01
3.625000000000000000e+00 4.900000095367431641e+00
-1.998269408941268921e-01 6.993292570114135742e-01
-1.475000023841857910e+00 2.700000047683715820e+00
2.200000047683715820e+00 -9.250000119209289551e-01
2.049999952316284180e+00 -1.225000023841857910e+00
1.299999952316284180e+00 7.250000238418579102e-01
6.400000095367431641e+00 -5.000000000000000000e+00
1.581249952316284180e+00 5.000000000000000000e-01
4.750000000000000000e+00 -3.099999904632568359e+00
-1.174999952316284180e+00 -2.000000029802322388e-01
6.437447667121887207e-01 5.749897956848144531e-01
2.012500047683715820e+00 1.100000023841857910e+00
3.887500047683715820e+00 5.000000000000000000e-01
6.849999904632568359e+00 3.700000047683715820e+00
2.799999952316284180e+00 -3.750000000000000000e-01
4.787499904632568359e+00 6.999999880790710449e-01
2.631249904632568359e+00 4.749999940395355225e-01
-5.562344193458557129e-01 7.499849796295166016e-01
2.049999952316284180e+00 2.200000047683715820e+00
-8.562452793121337891e-01 -4.249985516071319580e-01
-8.750000000000000000e-01 -8.999999761581420898e-01
2.312500000000000000e+00 1.000000000000000000e+00
-7.624955773353576660e-01 -5.999975800514221191e-01
1.581249952316284180e+00 8.999999761581420898e-01
-3.124939650297164917e-02 -1.024980664253234863e+00
1.562500000000000000e+00 -6.999999880790710449e-01
1.524999976158142090e+00 -8.000000119209289551e-01
2.706249952316284180e+00 -8.750000000000000000e-01
2.125000059604644775e-01 1.500000000000000000e+00
9.999997168779373169e-02 1.224999666213989258e+00
1.956249952316284180e+00 -2.750000059604644775e-01
-2.935772836208343506e-01 -6.746638417243957520e-01
2.049999952316284180e+00 -9.250000119209289551e-01
2.049999952316284180e+00 -5.249999761581420898e-01
-2.750000000000000000e+00 4.900000095367431641e+00
1.674999952316284180e+00 -3.500000000000000000e+00
-7.249142527580261230e-01 -3.999682664871215820e-01
2.443749904632568359e+00 -3.750000000000000000e-01
1.393749952316284180e+00 -7.250000238418579102e-01
-1.174999952316284180e+00 1.250000000000000000e-01
5.349999904632568359e+00 4.699999809265136719e+00
-1.812487095594406128e-01 -1.024990677833557129e+00
-8.187464475631713867e-01 5.249984860420227051e-01
2.462500095367431641e+00 1.049999952316284180e+00
2.406250000000000000e+00 -3.750000000000000000e-01
5.762499809265136719e+00 1.000000000000000000e+00
8.312473893165588379e-01 -3.999993205070495605e-01
2.781250000000000000e+00 1.075000047683715820e+00
-2.559560835361480713e-01 -6.243401169776916504e-01
-5.374999642372131348e-01 1.149999976158142090e+00
-4.099999904632568359e+00 -3.000000119209289551e-01
-2.150000095367431641e+00 1.899999976158142090e+00
6.436488032341003418e-01 -4.993873089551925659e-02
1.018749952316284180e+00 2.249999791383743286e-01
2.612499952316284180e+00 -2.249999940395355225e-01
2.875000000000000000e+00 -1.225000023841857910e+00
-7.250000238418579102e-01 -3.900000095367431641e+00
1.112499952316284180e+00 -6.000000238418579102e-01
-5.562499165534973145e-01 -1.049999952316284180e+00
2.443749904632568359e+00 1.149999976158142090e+00
5.949999809265136719e+00 6.499999761581420898e-01
1.037500023841857910e+00 1.950000047683715820e+00
-6.875000000000000000e-01 -1.149999976158142090e+00
-1.250000000000000000e+00 1.350000023841857910e+00
4.150000095367431641e+00 1.649999976158142090e+00
2.893749952316284180e+00 -9.499999880790710449e-01
9.999880939722061157e-02 1.049989461898803711e+00
2.087500095367431641e+00 -4.250000119209289551e-01
-3.125000000000000000e+00 -2.500000000000000000e+00
-3.575000047683715820e+00 2.000000000000000000e+00
2.500000000000000000e-01 -2.299999952316284180e+00
2.125000000000000000e+00 5.500000119209289551e-01
-2.375000000000000000e+00 1.299999952316284180e+00
2.537499904632568359e+00 -1.500000000000000000e+00
1.187500000000000000e+00 -8.000000119209289551e-01
2.668750047683715820e+00 -6.750000119209289551e-01
-1.062084063887596130e-01 8.246366381645202637e-01
-1.024999618530273438e+00 -7.499998062849044800e-02
7.937499880790710449e-01 9.250000119209289551e-01
2.631249904632568359e+00 8.750000000000000000e-01
-8.937332034111022949e-01 -5.732744834396896749e-10
9.550000190734863281e+00 -2.099999904632568359e+00
2.143749952316284180e+00 -1.250000000000000000e+00
-3.950000047683715820e+00 -3.700000047683715820e+00
1.656250000000000000e+00 -1.200000047683715820e+00
1.750000000000000000e+00 -5.749999880790710449e-01
3.062500000000000000e+00 1.299999952316284180e+00
-6.874718517065048218e-02 9.749566316604614258e-01
4.337500095367431641e+00 -1.200000047683715820e+00
-8.562451004981994629e-01 -4.249984920024871826e-01
4.862500190734863281e+00 1.200000047683715820e+00
5.199999809265136719e+00 4.599999904632568359e+00
3.662499904632568359e+00 -1.850000023841857910e+00
8.875000000000000000e+00 4.099999904632568359e+00
6.250000000000000000e-01 -1.600000023841857910e+00
1.018749952316284180e+00 6.499999761581420898e-01
3.025000095367431641e+00 3.499999940395355225e-01
-9.499978423118591309e-01 -2.249996811151504517e-01
1.806249976158142090e+00 -9.499999880790710449e-01
1.562500000000000000e+00 1.250000000000000000e-01
-1.700000047683715820e+00 5.000000000000000000e-01
2.312500000000000000e+00 -7.500000000000000000e-01
2.818749904632568359e+00 1.049999952316284180e+00
1.262500047683715820e+00 -1.149999976158142090e+00
3.549999952316284180e+00 1.799999952316284180e+00
5.724999904632568359e+00 -1.350000023841857910e+00
4.937500000000000000e+00 -1.450000047683715820e+00
8.312500119209289551e-01 -1.024999976158142090e+00
1.748185008764266968e-01 -7.744088172912597656e-01
3.249999880790710449e-01 -1.950000047683715820e+00
-2.000000029802322388e-01 -1.649999976158142090e+00
5.675258636474609375e-01 1.745882928371429443e-01
5.874795913696289062e-01 -5.499574542045593262e-01
4.937500059604644775e-01 -1.225000023841857910e+00
2.781250000000000000e+00 3.249999880790710449e-01
4.412499904632568359e+00 2.000000029802322388e-01
2.049999952316284180e+00 -5.000000000000000000e-01
-3.125000000000000000e+00 4.800000190734863281e+00
-5.916904807090759277e-01 -1.994533538818359375e-01
7.749999761581420898e-01 -8.499999642372131348e-01
7.374995946884155273e-01 6.249994039535522461e-01
3.625000000000000000e+00 2.200000047683715820e+00
2.349999904632568359e+00 -4.000000000000000000e+00
7.150000095367431641e+00 -4.400000095367431641e+00
1.768749952316284180e+00 7.500000298023223877e-02
-1.811447292566299438e-01 -7.494932413101196289e-01
1.562500000000000000e+00 1.049999952316284180e+00
2.537499904632568359e+00 6.999999880790710449e-01
-8.749849796295166016e-01 -2.249974906444549561e-01
5.012499809265136719e+00 6.999999880790710449e-01
-5.187394618988037109e-01 7.999891042709350586e-01
2.968750000000000000e+00 -8.500000238418579102e-01
7.562500238418579102e-01 -1.100000023841857910e+00
4.037499904632568359e+00 -1.000000000000000000e+00
-2.599999904632568359e+00 1.299999952316284180e+00
2.481250047683715820e+00 -3.000000119209289551e-01
7.900000095367431641e+00 1.600000023841857910e+00
5.312434434890747070e-01 -8.499894738197326660e-01
1.712499976158142090e+00 -4.499999880790710449e-01
8.125000000000000000e-01 1.149999976158142090e+00
1.524999976158142090e+00 -8.249999880790710449e-01
-3.122076392173767090e-01 6.245399117469787598e-01
1.412500023841857910e+00 8.000000119209289551e-01
-1.325000047683715820e+00 -4.800000190734863281e+00
-8.749969601631164551e-01 4.249990880489349365e-01
7.937499880790710449e-01 1.200000047683715820e+00
2.462500095367431641e+00 1.950000047683715820e+00
1.356250047683715820e+00 -1.024999976158142090e+00
-9.499999880790710449e-01 3.799999952316284180e+00
-2.937499880790710449e-01 -1.199999928474426270e+00
-3.724999904632568359e+00 -2.400000095367431641e+00
5.762499809265136719e+00 -3.000000119209289551e-01
5.987500190734863281e+00 -6.499999761581420898e-01
1.956249952316284180e+00 -3.000000119209289551e-01
7.675000190734863281e+00 4.599999904632568359e+00
-5.926307439804077148e-01 2.995801270008087158e-01
1.262500047683715820e+00 -5.749999880790710449e-01
3.212500095367431641e+00 -9.499999880790710449e-01
-2.825000047683715820e+00 -5.000000000000000000e+00
-2.599999904632568359e+00 -2.500000000000000000e+00
-9.687498807907104492e-01 -4.999999701976776123e-01
8.499987125396728516e-01 4.249996542930603027e-01
2.500000037252902985e-02 -3.700000047683715820e+00
-9.687491655349731445e-01 2.999998331069946289e-01
2.612499952316284180e+00 7.500000298023223877e-02
-4.985387325286865234e-01 3.490994870662689209e-01
1.787500023841857910e+00 -1.250000000000000000e+00
1.431249976158142090e+00 -3.000000119209289551e-01
3.625000000000000000e+00 3.000000000000000000e+00
1.075000047683715820e+00 3.249999880790710449e-01
1.993749976158142090e+00 -6.499999761581420898e-01
2.087500095367431641e+00 -2.500000037252902985e-02
-4.625000000000000000e+00 5.000000000000000000e-01
1.056249976158142090e+00 -1.075000047683715820e+00
7.074999809265136719e+00 -1.700000047683715820e+00
7.300000190734863281e+00 -3.700000047683715820e+00
4.712500095367431641e+00 1.950000047683715820e+00
6.062499284744262695e-01 -1.049999952316284180e+00
-4.474999904632568359e+00 2.700000047683715820e+00
-3.875000000000000000e+00 1.100000023841857910e+00
1.787500023841857910e+00 -2.000000029802322388e-01
3.436931073665618896e-01 -8.498955965042114258e-01
1.186212226748466492e-01 7.742990851402282715e-01
1.918750047683715820e+00 -6.250000000000000000e-01
2.724999904632568359e+00 4.599999904632568359e+00
2.668750047683715820e+00 -5.249999761581420898e-01
4.374477267265319824e-01 7.999148964881896973e-01
2.031250000000000000e+00 -8.249999880790710449e-01
3.250000000000000000e+00 2.799999952316284180e+00
2.256249904632568359e+00 -6.250000000000000000e-01
6.699999809265136719e+00 -4.000000000000000000e+00
-2.374990284442901611e-01 1.024994730949401855e+00
1.431249976158142090e+00 3.249999880790710449e-01
2.162499904632568359e+00 -8.750000000000000000e-01
-3.275000095367431641e+00 1.899999976158142090e+00
3.025000095367431641e+00 -1.750000000000000000e+00
5.800000190734863281e+00 5.500000119209289551e-01
1.149999976158142090e+00 8.999999761581420898e-01
4.487500190734863281e+00 -1.299999952316284180e+00
8.687499761581420898e-01 -9.499999880790710449e-01
6.437488198280334473e-01 -7.999978661537170410e-01
1.131250023841857910e+00 -3.023016212355678078e-11
-2.561436295509338379e-01 7.246994376182556152e-01
9.624999761581420898e-01 -4.749999940395355225e-01
2.837500095367431641e+00 1.500000059604644775e-01
4.562365114688873291e-01 8.749778270721435547e-01
3.587500095367431641e+00 1.500000000000000000e+00
4.525000095367431641e+00 1.000000014901161194e-01
5.687451958656311035e-01 8.249922394752502441e-01
2.837500095367431641e+00 -3.000000119209289551e-01
2.968750000000000000e+00 -8.999999761581420898e-01
2.087500095367431641e+00 -4.250000119209289551e-01
4.000000059604644775e-01 -1.649999976158142090e+00
-5.749999880790710449e-01 -4.599999904632568359e+00
3.400000095367431641e+00 5.000000000000000000e-01
2.125000000000000000e+00 -2.249999940395355225e-01
2.349999904632568359e+00 3.299999952316284180e+00
-3.867907226085662842e-01 5.492150187492370605e-01
8.800000190734863281e+00 -1.100000023841857910e+00
-2.974999904632568359e+00 -1.899999976158142090e+00
5.724999904632568359e+00 -6.000000238418579102e-01
3.512500047683715820e+00 -8.000000119209289551e-01
-1.062465161085128784e-01 9.749626517295837402e-01
1.637500047683715820e+00 -1.549999952316284180e+00
2.968750000000000000e+00 3.000000119209289551e-01
6.999990344047546387e-01 6.249981522560119629e-01
1.975000023841857910e+00 5.000000000000000000e-01
9.699999809265136719e+00 -3.500000000000000000e+00
3.474999904632568359e+00 2.500000000000000000e+00
-4.249522089958190918e-01 -7.499432563781738281e-01
7.187500000000000000e-01 9.749999642372131348e-01
5.875000000000000000e+00 -4.500000000000000000e+00
1.750000000000000000e+00 1.075000047683715820e+00
1.056249976158142090e+00 -1.250000000000000000e+00
5.650000095367431641e+00 -6.000000238418579102e-01
2.406250000000000000e+00 -1.250000000000000000e+00
-7.437489032745361328e-01 -7.249992489814758301e-01
2.875000000000000000e+00 -0.000000000000000000e+00
4.187500000000000000e+00 -1.000000014901161194e-01
-2.000000000000000000e+00 -2.500000000000000000e+00
2.237499952316284180e+00 1.299999952316284180e+00
1.037500023841857910e+00 4.999999329447746277e-02
3.249990344047546387e-01 1.074997901916503906e+00
3.775000095367431641e+00 -8.000000119209289551e-01
2.687500000000000000e+00 -2.000000000000000000e+00
1.975000023841857910e+00 5.749999880790710449e-01
3.249994516372680664e-01 -1.099998831748962402e+00
1.937416642904281616e-01 9.749707579612731934e-01
-1.081249952316284180e+00 -3.750000000000000000e-01
-2.559584081172943115e-01 6.243455410003662109e-01
-3.124999701976776123e-01 1.174999833106994629e+00
2.143749952316284180e+00 -4.000000059604644775e-01
2.575000047683715820e+00 -2.000000029802322388e-01
2.049999952316284180e+00 2.249999940395355225e-01
2.612499952316284180e+00 1.700000047683715820e+00
1.000000000000000000e+00 -1.700000047683715820e+00
2.706249952316284180e+00 1.000000000000000000e+00
-8.749973028898239136e-02 1.099996089935302734e+00
-4.775000095367431641e+00 3.000000119209289551e-01
3.512500047683715820e+00 4.499999880790710449e-01
-9.312490820884704590e-01 3.999997377395629883e-01
2.443749904632568359e+00 5.749999880790710449e-01
-6.687470078468322754e-01 -7.499975562095642090e-01
4.900000095367431641e+00 -1.799999952316284180e+00
-2.000000000000000000e+00 -2.700000047683715820e+00
1.600000023841857910e+00 4.599999904632568359e+00
1.281250000000000000e+00 1.174999952316284180e+00
-8.749875426292419434e-02 -1.024983406066894531e+00
3.137500047683715820e+00 1.649999976158142090e+00
8.874999880790710449e-01 1.500000000000000000e+00
2.631249904632568359e+00 -3.000000119209289551e-01
-1.249943375587463379e-01 -9.499485492706298828e-01
5.237500190734863281e+00 1.250000000000000000e+00
-4.999967291951179504e-02 1.074992656707763672e+00
8.574999809265136719e+00 3.500000000000000000e+00
8.800000190734863281e+00 5.000000000000000000e+00
7.898636162281036377e-02 -4.931455552577972412e-01
4.074999809265136719e+00 -5.500000119209289551e-01
7.749826312065124512e-01 3.249945938587188721e-01
6.625000000000000000e+00 -3.200000047683715820e+00
5.949999809265136719e+00 -1.850000023841857910e+00
-1.399999976158142090e+00 -3.400000095367431641e+00
1.375000000000000000e+00 2.249999940395355225e-01
2.912499904632568359e+00 -1.225000023841857910e+00
1.899999976158142090e+00 -3.249999880790710449e-01
1.243749976158142090e+00 -3.499999940395355225e-01
2.968750000000000000e+00 -2.249999940395355225e-01
-4.699999809265136719e+00 2.700000047683715820e+00
2.724999904632568359e+00 1.250000000000000000e+00
1.956249952316284180e+00 8.999999761581420898e-01
2.500000000000000000e+00 1.225000023841857910e+00
3.099999904632568359e+00 -3.700000047683715820e+00
2.987499952316284180e+00 6.750000119209289551e-01
-8.750000000000000000e-01 -1.600000023841857910e+00
2.743750095367431641e+00 7.749999761581420898e-01
5.724999904632568359e+00 1.850000023841857910e+00
-5.374913811683654785e-01 -7.999912500381469727e-01
-1.325000047683715820e+00 1.799999952316284180e+00
5.312017798423767090e-01 4.748751223087310791e-01
5.682885050773620605e-01 7.469338178634643555e-02
2.537499904632568359e+00 -1.000000000000000000e+00
7.375000119209289551e-01 -1.125000000000000000e+00
2.612499952316284180e+00 -6.499999761581420898e-01
-3.680447340011596680e-01 -5.491891503334045410e-01
1.375000000000000000e+00 -3.000000119209289551e-01
2.305315136909484863e-01 6.734434366226196289e-01
2.368750095367431641e+00 -2.000000029802322388e-01
7.937491536140441895e-01 5.249997973442077637e-01
7.749999761581420898e-01 -1.500000000000000000e+00
1.075000047683715820e+00 4.499999880790710449e-01
-1.137500047683715820e+00 4.250000119209289551e-01
7.074999809265136719e+00 -3.500000000000000000e+00
2.687500000000000000e+00 9.250000119209289551e-01
5.125000000000000000e+00 -1.850000023841857910e+00
1.149999976158142090e+00 -6.750000119209289551e-01
1.899999976158142090e+00 -5.249999761581420898e-01
5.349999904632568359e+00 -1.350000023841857910e+00
2.556250095367431641e+00 -0.000000000000000000e+00
2.724999904632568359e+00 4.800000190734863281e+00
2.275000095367431641e+00 -2.000000000000000000e+00
2.218750000000000000e+00 4.000000059604644775e-01
-1.475000023841857910e+00 -9.499999880790710449e-01
-1.700000047683715820e+00 -1.899999976158142090e+00
6.474999904632568359e+00 -6.000000238418579102e-01
-7.999421954154968262e-01 -2.749870121479034424e-01
1.431249976158142090e+00 -7.500000000000000000e-01
2.987499952316284180e+00 -9.250000119209289551e-01
3.212500095367431641e+00 -0.000000000000000000e+00
4.375000000000000000e+00 6.000000238418579102e-01
1.181185692548751831e-01 5.472936034202575684e-01
4.525000095367431641e+00 1.950000047683715820e+00
1.562500000000000000e+00 1.649999976158142090e+00
3.512500047683715820e+00 9.499999880790710449e-01
2.987499952316284180e+00 -1.000000000000000000e+00
-1.062444224953651428e-01 9.499420523643493652e-01
4.749999940395355225e-01 3.000000000000000000e+00
3.624858558177947998e-01 -9.249739050865173340e-01
1.112499952316284180e+00 8.249999880790710449e-01
1.749999970197677612e-01 -4.900000095367431641e+00
6.025000095367431641e+00 -9.499999880790710449e-01
3.249823153018951416e-01 9.249650239944458008e-01
-3.575000047683715820e+00 2.299999952316284180e+00
2.724999904632568359e+00 2.500000037252902985e-02
2.312500000000000000e+00 -7.500000000000000000e-01
9.925000190734863281e+00 -5.000000000000000000e+00
2.631249904632568359e+00 -1.500000059604644775e-01
-6.124999523162841797e-01 -1.049999952316284180e+00
-3.200000047683715820e+00 3.799999952316284180e+00
3.399091064929962158e-01 -4.200111627578735352e-01
5.087500095367431641e+00 -1.649999976158142090e+00
2.575000047683715820e+00 6.750000119209289551e-01
2.781250000000000000e+00 -3.499999940395355225e-01
1.674999952316284180e+00 9.250000119209289551e-01
2.950000047683715820e+00 -1.250000000000000000e-01
3.700000047683715820e+00 -2.000000029802322388e-01
5.762499809265136719e+00 -6.499999761581420898e-01
5.162499904632568359e+00 4.499999880790710449e-01
6.437272429466247559e-01 4.499915540218353271e-01
9.100000381469726562e+00 -3.200000047683715820e+00
2.349999904632568359e+00 -7.749999761581420898e-01
1.000000000000000000e+00 1.200000047683715820e+00
1.075000047683715820e+00 -3.500000000000000000e+00
1.787500023841857910e+00 4.749999940395355225e-01
7.937498688697814941e-01 -6.249998807907104492e-01
2.837500095367431641e+00 -3.499999940395355225e-01
3.809331953525543213e-01 -3.233444392681121826e-01
5.462500095367431641e+00 6.000000238418579102e-01
-4.099999904632568359e+00 -3.799999952316284180e+00
4.562442004680633545e-01 9.249903559684753418e-01
-2.299999952316284180e+00 -1.399999976158142090e+00
7.074999809265136719e+00 1.100000023841857910e+00
1.506250023841857910e+00 8.750000000000000000e-01
5.687489509582519531e-01 9.249982833862304688e-01
6.175000190734863281e+00 -4.599999904632568359e+00
4.375000000000000000e+00 -5.500000119209289551e-01
2.687500000000000000e+00 -4.250000119209289551e-01
1.787500023841857910e+00 6.499999761581420898e-01
-9.125000238418579102e-01 -8.999999761581420898e-01
-1.249943375587463379e-01 9.499485492706298828e-01
1.112499952316284180e+00 1.100000023841857910e+00
1.018749952316284180e+00 -2.749999761581420898e-01
2.275000095367431641e+00 5.749999880790710449e-01
1.206249952316284180e+00 8.750000000000000000e-01
1.018749952316284180e+00 -6.000000238418579102e-01
1.356250047683715820e+00 -8.500000238418579102e-01
-2.900000095367431641e+00 1.899999976158142090e+00
5.574999809265136719e+00 1.149999976158142090e+00
-3.724999904632568359e+00 -1.767342899491847149e-33
3.737499952316284180e+00 -1.450000047683715820e+00
-8.749992847442626953e-01 5.499997138977050781e-01
3.437500000000000000e+00 1.899999976158142090e+00
-4.025000095367431641e+00 4.699999809265136719e+00
2.799999952316284180e+00 2.500000000000000000e+00
3.031992018222808838e-01 4.952953755855560303e-01
8.425000190734863281e+00 -8.000000119209289551e-01
2.912499904632568359e+00 -1.749999970197677612e-01
2.125000000000000000e+00 1.100000023841857910e+00
-1.625000000000000000e+00 2.799999952316284180e+00
1.468750000000000000e+00 1.125000000000000000e+00
-7.062500119209289551e-01 -1.049999952316284180e+00
2.575000047683715820e+00 7.500000000000000000e-01
2.687500000000000000e+00 8.999999761581420898e-01
1.843750000000000000e+00 -5.000000000000000000e-01
1.899999976158142090e+00 -1.024999976158142090e+00
1.487499952316284180e+00 -9.750000238418579102e-01
4.752708673477172852e-01 3.751180469989776611e-01
-1.399999976158142090e+00 4.499999880790710449e-01
-4.999999403953552246e-01 1.074999928474426270e+00
1.750000000000000000e+00 -5.000000000000000000e-01
5.500000119209289551e-01 3.900000095367431641e+00
5.462500095367431641e+00 1.600000023841857910e+00
1.768749952316284180e+00 4.000000059604644775e-01
1.562500000000000000e+00 -1.100000023841857910e+00
-4.978726208209991455e-01 2.739934623241424561e-01
-4.061407744884490967e-01 -6.998698711395263672e-01
-2.747737467288970947e-01 -6.495259404182434082e-01
1.862499952316284180e+00 -1.950000047683715820e+00
2.068749904632568359e+00 1.100000023841857910e+00
-7.624729275703430176e-01 -4.499894380569458008e-01
1.637500047683715820e+00 1.500000059604644775e-01
1.168750047683715820e+00 -8.000000119209289551e-01
2.743750095367431641e+00 -3.499999940395355225e-01
8.425000190734863281e+00 2.700000047683715820e+00
-3.496929109096527100e-01 6.245965361595153809e-01
-1.100000023841857910e+00 -4.749999940395355225e-01
2.181250095367431641e+00 6.750000119209289551e-01
3.137500047683715820e+00 8.000000119209289551e-01
-4.925000190734863281e+00 -5.000000000000000000e-01
1.637500047683715820e+00 -1.086282115712388321e-21
-8.000000119209289551e-01 -4.599999904632568359e+00
8.050000190734863281e+00 -4.000000059604644775e-01
2.275000095367431641e+00 -1.200000047683715820e+00
2.482235431671142578e-02 4.987805485725402832e-01
2.181250095367431641e+00 4.499999880790710449e-01
-1.625000000000000000e+00 3.499999940395355225e-01
1.075000047683715820e+00 -2.799999952316284180e+00
1.862499952316284180e+00 1.750000000000000000e+00
-7.062264680862426758e-01 -5.499867200851440430e-01
2.874999940395355225e-01 1.500000000000000000e+00
9.902917593717575073e-02 -5.206095576286315918e-01
8.125000000000000000e+00 -2.099999904632568359e+00
6.250000000000000000e-01 4.099999904632568359e+00
-4.474999904632568359e+00 2.400000095367431641e+00
4.150000095367431641e+00 -1.899999976158142090e+00
1.187500000000000000e+00 -2.249999940395355225e-01
7.675000190734863281e+00 -2.700000047683715820e+00
1.149999976158142090e+00 1.225000023841857910e+00
2.200000047683715820e+00 -7.250000238418579102e-01
7.000000000000000000e+00 -2.500000000000000000e+00
7.224999904632568359e+00 1.600000023841857910e+00
4.937500000000000000e+00 1.799999952316284180e+00
2.275000095367431641e+00 1.149999976158142090e+00
6.055238246917724609e-01 1.497320234775543213e-01
1.750000000000000000e+00 -1.200000047683715820e+00
-4.175000190734863281e+00 -4.900000095367431641e+00
6.811056137084960938e-01 -2.749548852443695068e-01
4.562500000000000000e+00 -8.500000238418579102e-01
5.650000095367431641e+00 -4.699999809265136719e+00
4.487500190734863281e+00 1.700000047683715820e+00
3.512500047683715820e+00 -1.649999976158142090e+00
8.687499761581420898e-01 6.499999761581420898e-01
1.243749976158142090e+00 -1.024999976158142090e+00
2.743750095367431641e+00 -3.750000000000000000e-01
-9.874998927116394043e-01 -4.749999642372131348e-01
3.099999904632568359e+00 1.399999976158142090e+00
2.125000000000000000e+00 -4.599999904632568359e+00
1.600000023841857910e+00 -1.075000047683715820e+00
5.312500000000000000e+00 -2.049999952316284180e+00
9.624999761581420898e-01 6.499999761581420898e-01
-1.549999952316284180e+00 -1.200000047683715820e+00
8.499999046325683594e-01 -5.999999642372131348e-01
1.581249952316284180e+00 7.250000238418579102e-01
1.618749976158142090e+00 4.499999880790710449e-01
-1.193750023841857910e+00 -2.750000059604644775e-01
1.581249952316284180e+00 -7.500000000000000000e-01
-6.682751774787902832e-01 -2.998518645763397217e-01
1.825000047683715820e+00 -1.225000023841857910e+00
3.999990224838256836e-01 1.049998164176940918e+00
6.474999904632568359e+00 8.999999761581420898e-01
5.349999904632568359e+00 -1.299999952316284180e+00
2.668750047683715820e+00 1.749999970197677612e-01
2.499744854867458344e-02 9.248911142349243164e-01
-3.118556737899780273e-01 5.241234898567199707e-01
3.099999904632568359e+00 -6.999999880790710449e-01
6.062369942665100098e-01 -5.499733090400695801e-01
-1.325000047683715820e+00 1.350000023841857910e+00
1.825000047683715820e+00 -1.049999952316284180e+00
1.000000000000000000e+00 -9.750000238418579102e-01
2.031250000000000000e+00 2.000000029802322388e-01
4.340929910540580750e-02 -5.198242664337158203e-01
-1.700000047683715820e+00 2.599999904632568359e+00
-6.484126448631286621e-01 4.989276453852653503e-02
8.499987721443176270e-01 4.249996840953826904e-01
7.562489509582519531e-01 -5.499995946884155273e-01
-6.499992012977600098e-01 8.499992489814758301e-01
-4.474999904632568359e+00 -4.300000190734863281e+00
2.612499952316284180e+00 -5.000000000000000000e-01
-4.953556507825851440e-02 5.704537630081176758e-01
9.437500238418579102e-01 8.249999880790710449e-01
4.749999940395355225e-01 -2.099999904632568359e+00
2.799999952316284180e+00 -5.000000074505805969e-02
2.256249904632568359e+00 4.250000119209289551e-01
-3.111510537564754486e-02 -6.727027893066406250e-01
2.724999904632568359e+00 -2.400000095367431641e+00
-6.685434579849243164e-01 -3.999130725860595703e-01
5.012499809265136719e+00 -1.000000014901161194e-01
1.693750023841857910e+00 1.125000000000000000e+00
-1.174999952316284180e+00 -3.799999952316284180e+00
1.806249976158142090e+00 -1.000000000000000000e+00
5.050000190734863281e+00 1.549999952316284180e+00
9.062499403953552246e-01 5.500000119209289551e-01
3.250000000000000000e+00 -4.500000000000000000e+00
3.662499904632568359e+00 -1.149999976158142090e+00
1.037500023841857910e+00 -1.299999952316284180e+00
2.443749904632568359e+00 -1.125000000000000000e+00
2.218750000000000000e+00 -3.249999880790710449e-01
-4.062496721744537354e-01 1.024999380111694336e+00
-1.399999976158142090e+00 4.599999904632568359e+00
4.375000000000000000e-01 -1.250000000000000000e+00
1.149999976158142090e+00 -4.000000059604644775e-01
3.241584002971649170e-01 6.485754847526550293e-01
-8.748175948858261108e-02 8.747985363006591797e-01
4.375000000000000000e+00 -1.750000000000000000e+00
2.068749904632568359e+00 -2.750000059604644775e-01
-2.150000095367431641e+00 1.399999976158142090e+00
5.800000190734863281e+00 6.499999761581420898e-01
8.125000000000000000e+00 -6.000000238418579102e-01
5.650000095367431641e+00 3.900000095367431641e+00
6.849999904632568359e+00 -3.500000000000000000e+00
6.062500000000000000e+00 1.350000023841857910e+00
-3.200000047683715820e+00 4.699999809265136719e+00
-3.125000000000000000e+00 -3.886721628180311159e-29
-4.437492489814758301e-01 9.749989509582519531e-01
-4.250000000000000000e+00 2.099999904632568359e+00
-8.000000119209289551e-01 1.350000023841857910e+00
3.512500047683715820e+00 -1.899999976158142090e+00
-2.187397032976150513e-01 8.999482989311218262e-01
4.749166071414947510e-01 7.248674035072326660e-01
1.862499952316284180e+00 -1.149999976158142090e+00
-4.812494218349456787e-01 -9.749993085861206055e-01
-2.937493026256561279e-01 -1.024997234344482422e+00
5.949999809265136719e+00 -2.299999952316284180e+00
4.712500095367431641e+00 7.500000000000000000e-01
-1.250000000000000000e+00 4.599999904632568359e+00
-1.887500047683715820e+00 -4.000000059604644775e-01
1.243749976158142090e+00 -1.000000000000000000e+00
2.406250000000000000e+00 -1.250000000000000000e-01
1.056249976158142090e+00 8.000000119209289551e-01
2.631249904632568359e+00 2.750000059604644775e-01
-4.602362513542175293e-01 2.737260460853576660e-01
-8.187413215637207031e-01 4.499969482421875000e-01
-4.062435030937194824e-01 8.749905228614807129e-01
6.550000190734863281e+00 1.299999952316284180e+00
-5.187497735023498535e-01 9.999997019767761230e-01
4.412499904632568359e+00 -1.299999952316284180e+00
-4.999913275241851807e-02 1.024981498718261719e+00
-7.812500000000000000e-01 -9.499999880790710449e-01
4.074999809265136719e+00 4.500000000000000000e+00
2.687500000000000000e+00 -2.500000037252902985e-02
-8.187500238418579102e-01 9.499999880790710449e-01
5.686377882957458496e-01 3.749753236770629883e-01
4.025874137878417969e-01 -3.269247710704803467e-01
1.318750023841857910e+00 -9.250000119209289551e-01
2.406250000000000000e+00 5.000000000000000000e-01
7.562499642372131348e-01 9.249999523162841797e-01
1.431249976158142090e+00 8.249999880790710449e-01
5.125000000000000000e+00 -1.250000000000000000e+00
2.818749904632568359e+00 -1.749999970197677612e-01
4.525000095367431641e+00 6.499999761581420898e-01
2.331249952316284180e+00 -1.100000023841857910e+00
1.750000000000000000e+00 1.549999952316284180e+00
9.812498688697814941e-01 2.249999493360519409e-01
6.624802350997924805e-01 -4.499939382076263428e-01
3.625000000000000000e+00 1.850000023841857910e+00
-3.687101006507873535e-01 7.749400734901428223e-01
-3.875000000000000000e+00 1.200000047683715820e+00
2.387500047683715820e+00 -2.000000029802322388e-01
9.998212754726409912e-02 8.998622298240661621e-01
2.310343682765960693e-01 -7.744893431663513184e-01
6.060154438018798828e-01 3.249346613883972168e-01
2.799999952316284180e+00 -3.400000095367431641e+00
1.825000047683715820e+00 -8.750000000000000000e-01
5.574999809265136719e+00 3.000000119209289551e-01
1.431249976158142090e+00 -9.499999880790710449e-01
1.131250023841857910e+00 8.750000000000000000e-01
4.553483128547668457e-01 2.496720999479293823e-01
2.443749904632568359e+00 7.500000000000000000e-01
2.312500000000000000e+00 7.250000238418579102e-01
2.181250095367431641e+00 -4.000000059604644775e-01
2.987499952316284180e+00 -7.749999761581420898e-01
-5.187003612518310547e-01 -6.999512314796447754e-01
-1.624999046325683594e-01 1.149999141693115234e+00
6.999998688697814941e-01 8.499997258186340332e-01
1.956249952316284180e+00 1.100000023841857910e+00
2.049999952316284180e+00 2.000000029802322388e-01
2.406250000000000000e+00 -6.750000119209289551e-01
9.624999165534973145e-01 3.999999761581420898e-01
-1.250000000000000000e-01 4.400000095367431641e+00
7.562499046325683594e-01 -6.999997496604919434e-01
9.399999618530273438e+00 -1.299999952316284180e+00
1.375000000000000000e+00 -3.499999940395355225e-01
-1.024999976158142090e+00 -4.599999904632568359e+00
7.224999904632568359e+00 2.500000000000000000e+00
-3.799999952316284180e+00 -4.800000190734863281e+00
-1.924999952316284180e+00 2.099999904632568359e+00
7.150000095367431641e+00 -2.299999952316284180e+00
7.300000190734863281e+00 -1.500000000000000000e+00
7.374632954597473145e-01 3.249887824058532715e-01
2.275000095367431641e+00 -2.249999940395355225e-01
8.874979615211486816e-01 9.999930113554000854e-02
-8.187358975410461426e-01 -3.999956250190734863e-01
2.387500047683715820e+00 -1.125000000000000000e+00
1.149999976158142090e+00 -4.749999940395355225e-01
7.374330759048461914e-01 2.249760180711746216e-01
3.549999952316284180e+00 -1.950000047683715820e+00
1.881250023841857910e+00 -2.750000059604644775e-01
-3.874999880790710449e-01 -1.500000000000000000e+00
1.037500023841857910e+00 1.075000047683715820e+00
2.218750000000000000e+00 -6.250000000000000000e-01
2.424999952316284180e+00 -4.250000119209289551e-01
9.437500238418579102e-01 6.499999761581420898e-01
-6.872672587633132935e-02 -8.496984243392944336e-01
-2.744832038879394531e-01 4.991221129894256592e-01
9.985385835170745850e-02 -7.490274906158447266e-01
-1.774999976158142090e+00 2.400000095367431641e+00
2.162499904632568359e+00 -5.000000074505805969e-02
-4.775000095367431641e+00 4.900000095367431641e+00
7.900000095367431641e+00 3.000000000000000000e+00
4.675000190734863281e+00 4.000000000000000000e+00
6.849999904632568359e+00 4.900000095367431641e+00
8.125000000000000000e-01 -8.499999642372131348e-01
1.187500000000000000e+00 -2.000000029802322388e-01
9.100000381469726562e+00 1.000000000000000000e+00
-1.700000047683715820e+00 5.000000074505805969e-02
6.849999904632568359e+00 2.000000000000000000e+00
6.999994516372680664e-01 -7.249988913536071777e-01
8.687499761581420898e-01 -1.024999976158142090e+00
2.012500047683715820e+00 1.149999976158142090e+00
2.837500095367431641e+00 -2.500000000000000000e-01
2.687500000000000000e+00 8.500000238418579102e-01
4.900000095367431641e+00 8.500000238418579102e-01
1.000000014901161194e-01 3.200000047683715820e+00
4.558646380901336670e-01 -5.743896961212158203e-01
2.593750000000000000e+00 3.499999940395355225e-01
1.075000047683715820e+00 1.000000000000000000e+00
-2.374993860721588135e-01 -1.049996495246887207e+00
1.318750023841857910e+00 1.100000023841857910e+00
1.393749952316284180e+00 1.000000014901161194e-01
-1.024999976158142090e+00 -6.250000000000000000e-01
5.650000095367431641e+00 3.000000119209289551e-01
-5.370987653732299805e-01 -4.996845126152038574e-01
-1.924999952316284180e+00 4.499999880790710449e-01
1.806249976158142090e+00 1.024999976158142090e+00
-2.187499850988388062e-01 -1.274999976158142090e+00
2.781250000000000000e+00 -3.000000119209289551e-01
1.862499952316284180e+00 2.500000000000000000e-01
2.387500047683715820e+00 1.549999952316284180e+00
2.200000047683715820e+00 7.500000000000000000e-01
-1.043750047683715820e+00 5.249999761581420898e-01
6.025000095367431641e+00 -6.999999880790710449e-01
1.956249952316284180e+00 -2.500000000000000000e-01
5.349999904632568359e+00 -3.000000000000000000e+00
8.500000000000000000e+00 4.300000190734863281e+00
1.206249952316284180e+00 -2.750000059604644775e-01
2.331249952316284180e+00 -1.000000000000000000e+00
-9.312472939491271973e-01 2.749994993209838867e-01
2.368750095367431641e+00 -3.249999880790710449e-01
8.949999809265136719e+00 -1.399999976158142090e+00
5.498246550559997559e-01 -3.499709367752075195e-01
-1.245976798236370087e-02 7.235350012779235840e-01
-7.061564326286315918e-01 -4.249613583087921143e-01
2.049999952316284180e+00 5.500000119209289551e-01
4.712500095367431641e+00 -1.899999976158142090e+00
1.524999976158142090e+00 -3.499999940395355225e-01
2.677849233150482178e-01 6.481693983078002930e-01
6.812487840652465820e-01 6.749974489212036133e-01
1.018749952316284180e+00 5.749999880790710449e-01
2.799999952316284180e+00 1.899999976158142090e+00
-6.499999761581420898e-01 -1.149999976158142090e+00
2.349999904632568359e+00 -1.049999952316284180e+00
2.575000047683715820e+00 -8.500000238418579102e-01
-3.500000000000000000e+00 1.500000000000000000e+00
-3.499965071678161621e-01 9.249922633171081543e-01
2.500000000000000000e+00 -6.750000119209289551e-01
7.937368750572204590e-01 -6.767280069652770180e-07
2.122891247272491455e-01 7.744548320770263672e-01
3.137500047683715820e+00 1.600000023841857910e+00
2.818749904632568359e+00 1.250000000000000000e-01
2.275000095367431641e+00 5.000000000000000000e-01
2.293750047683715820e+00 -1.024999976158142090e+00
2.349999904632568359e+00 -3.499999940395355225e-01
2.631249904632568359e+00 -8.999999761581420898e-01
4.750000000000000000e+00 4.099999904632568359e+00
-9.875000119209289551e-01 -1.149999976158142090e+00
3.849999904632568359e+00 -6.499999761581420898e-01
8.312497138977050781e-01 -5.499999523162841797e-01
1.862499952316284180e+00 2.000000029802322388e-01
1.656250000000000000e+00 3.249999880790710449e-01
3.512500047683715820e+00 1.850000023841857910e+00
9.999999403953552246e-02 -1.349999904632568359e+00
-1.811084151268005371e-01 7.243504524230957031e-01
7.374309897422790527e-01 1.499722450971603394e-01
9.250000119209289551e-01 8.999999761581420898e-01
1.318750023841857910e+00 7.250000238418579102e-01
-3.312463164329528809e-01 9.249905943870544434e-01
1.712499976158142090e+00 1.024999976158142090e+00
-8.750000000000000000e-01 8.750000000000000000e-01
1.487499952316284180e+00 -9.499999880790710449e-01
2.706249952316284180e+00 -8.500000238418579102e-01
7.375000119209289551e-01 -9.499999880790710449e-01
-7.999944686889648438e-01 -5.249975919723510742e-01
2.874947786331176758e-01 9.999880790710449219e-01
5.050000190734863281e+00 3.900000095367431641e+00
6.249967813491821289e-01 -7.499942779541015625e-01
1.299999952316284180e+00 8.750000000000000000e-01
2.012500047683715820e+00 -9.750000238418579102e-01
-5.936523079872131348e-01 5.749247074127197266e-01
-5.718598365783691406e-01 -2.485847659409046173e-02
6.249998807907104492e-01 9.749997854232788086e-01
2.968750000000000000e+00 -5.749999880790710449e-01
-3.124963678419589996e-02 -1.049988031387329102e+00
2.462500095367431641e+00 9.499999880790710449e-01
2.912499904632568359e+00 -9.499999880790710449e-01
1.037500023841857910e+00 1.100000023841857910e+00
1.600000023841857910e+00 -1.049999952316284180e+00
1.506250023841857910e+00 -9.750000238418579102e-01
-9.874994158744812012e-01 2.749998867511749268e-01
5.762499809265136719e+00 -2.000000029802322388e-01
2.256249904632568359e+00 -6.750000119209289551e-01
-2.974999904632568359e+00 6.999999880790710449e-01
9.250000000000000000e+00 2.000000029802322388e-01
1.281250000000000000e+00 4.000000059604644775e-01
5.800000190734863281e+00 -1.500000000000000000e+00
4.224999904632568359e+00 -1.000000000000000000e+00
3.425206243991851807e-01 -5.980374813079833984e-01
5.237500190734863281e+00 -1.549999952316284180e+00
-6.311191916465759277e-01 4.999204576015472412e-01
2.968750000000000000e+00 5.000000000000000000e-01
6.248482502996921539e-03 5.461681485176086426e-01
2.987499952316284180e+00 -3.249999880790710449e-01
4.525000095367431641e+00 8.999999761581420898e-01
2.462500095367431641e+00 4.749999940395355225e-01
3.400000095367431641e+00 3.700000047683715820e+00
5.762499809265136719e+00 3.000000119209289551e-01
-4.947687685489654541e-01 -1.731951534748077393e-01
3.250000000000000000e+00 1.899999976158142090e+00
1.318750023841857910e+00 8.999999761581420898e-01
4.300000190734863281e+00 5.000000000000000000e-01
7.675000190734863281e+00 -2.900000095367431641e+00
2.650000095367431641e+00 4.749999940395355225e-01
2.368750095367431641e+00 -8.500000238418579102e-01
-2.599999904632568359e+00 3.000000000000000000e+00
2.424999952316284180e+00 -4.900000095367431641e+00
2.724999904632568359e+00 1.549999952316284180e+00
2.781250000000000000e+00 3.499999940395355225e-01
7.750000000000000000e+00 3.200000047683715820e+00
2.893749952316284180e+00 4.749999940395355225e-01
2.987499952316284180e+00 1.125000000000000000e+00
9.699999809265136719e+00 -4.000000000000000000e+00
2.462500095367431641e+00 -1.950000047683715820e+00
7.525000095367431641e+00 4.699999809265136719e+00
4.824999809265136719e+00 2.500000000000000000e+00
3.549999952316284180e+00 1.100000023841857910e+00
1.337499976158142090e+00 7.500000000000000000e-01
1.524999976158142090e+00 2.000000029802322388e-01
3.737499952316284180e+00 9.499999880790710449e-01
2.650000095367431641e+00 1.549999952316284180e+00
2.837500095367431641e+00 1.250000000000000000e-01
1.131250023841857910e+00 -6.250000000000000000e-01
7.749857902526855469e-01 -3.499959409236907959e-01
1.937500000000000000e+00 -1.149999976158142090e+00
4.935560822486877441e-01 5.246484875679016113e-01
6.624070405960083008e-01 -3.499749302864074707e-01
-1.399999976158142090e+00 -5.000000074505805969e-02
4.000000000000000000e+00 3.799999952316284180e+00
2.387500047683715820e+00 1.024999976158142090e+00
6.057466268539428711e-01 9.976563602685928345e-02
7.074999809265136719e+00 3.200000047683715820e+00
-4.624999761581420898e-01 1.149999976158142090e+00
6.099999904632568359e+00 4.699999809265136719e+00
-7.056079506874084473e-01 1.249136924743652344e-01
1.206249952316284180e+00 1.250000000000000000e-01
-7.437499761581420898e-01 -9.499999880790710449e-01
-5.000000000000000000e-01 4.699999809265136719e+00
1.543750047683715820e+00 -1.274999976158142090e+00
4.300000190734863281e+00 -2.700000047683715820e+00
2.893749952316284180e+00 -5.500000119209289551e-01
4.000000000000000000e+00 2.000000029802322388e-01
8.687499761581420898e-01 -8.500000238418579102e-01
-1.193750023841857910e+00 -1.250000000000000000e-01
1.131250023841857910e+00 7.749999761581420898e-01
1.918750047683715820e+00 -8.000000119209289551e-01
-4.045315980911254883e-01 3.484233915805816650e-01
1.000000014901161194e-01 -2.400000095367431641e+00
4.000000000000000000e+00 -2.500000000000000000e-01
5.762499809265136719e+00 -1.600000023841857910e+00
1.393749952316284180e+00 9.250000119209289551e-01
-1.512500047683715820e+00 8.500000238418579102e-01
6.775000095367431641e+00 4.900000095367431641e+00
-7.624999880790710449e-01 -1.399999976158142090e+00
4.974999904632568359e+00 -3.099999904632568359e+00
3.474999904632568359e+00 2.900000095367431641e+00
-1.924999952316284180e+00 -3.900000095367431641e+00
2.724999904632568359e+00 -6.750000119209289551e-01
6.699999809265136719e+00 -4.599999904632568359e+00
-1.774999976158142090e+00 3.499999940395355225e-01
3.400000095367431641e+00 4.900000095367431641e+00
1.431249976158142090e+00 9.250000119209289551e-01
3.474999904632568359e+00 4.800000190734863281e+00
3.174999952316284180e+00 1.750000000000000000e+00
5.574999809265136719e+00 -4.300000190734863281e+00
2.406250000000000000e+00 -9.750000238418579102e-01
1.225000023841857910e+00 5.000000000000000000e-01
6.025000095367431641e+00 -3.099999904632568359e+00
-6.685841679573059082e-01 -4.249250590801239014e-01
5.425000190734863281e+00 5.500000119209289551e-01
1.956249952316284180e+00 -2.750000059604644775e-01
1.299999952316284180e+00 7.500000000000000000e-01
1.262500047683715820e+00 1.024999976158142090e+00
1.243749976158142090e+00 1.000000014901161194e-01
2.950000047683715820e+00 -6.000000238418579102e-01
2.968750000000000000e+00 5.000000074505805969e-02
1.374958455562591553e-01 -9.999766945838928223e-01
-5.909049510955810547e-01 -7.466581463813781738e-02
1.543750047683715820e+00 -4.499999880790710449e-01
8.312500119209289551e-01 -7.249999642372131348e-01
1.552477627992630005e-01 5.472560524940490723e-01
1.093750000000000000e+00 7.250000238418579102e-01
-4.812499284744262695e-01 1.074999928474426270e+00
4.525000095367431641e+00 -3.700743525707936808e-17
4.525000095367431641e+00 -3.499999940395355225e-01
7.375000119209289551e-01 1.700000047683715820e+00
9.100000381469726562e+00 -1.799999952316284180e+00
-1.174999952316284180e+00 -2.099999904632568359e+00
6.400000095367431641e+00 3.000000000000000000e+00
8.125000000000000000e-01 8.750000000000000000e-01
3.212500095367431641e+00 -1.000000014901161194e-01
2.950000047683715820e+00 1.100000023841857910e+00
3.243498802185058594e-01 6.738820672035217285e-01
-4.811800718307495117e-01 6.999276280403137207e-01
-8.374357223510742188e-01 -4.224681937614604976e-09
8.125000000000000000e-01 2.000000000000000000e+00
2.724999904632568359e+00 3.599999904632568359e+00
2.143749952316284180e+00 5.249999761581420898e-01
-9.499999880790710449e-01 2.700000047683715820e+00
2.237499952316284180e+00 3.000000119209289551e-01
7.224999904632568359e+00 -5.000000000000000000e-01
7.300000190734863281e+00 2.500000000000000000e+00
1.356250047683715820e+00 3.000000119209289551e-01
1.562500000000000000e+00 1.125000000000000000e+00
1.393749952316284180e+00 -5.249999761581420898e-01
5.012499809265136719e+00 -6.000000238418579102e-01
-1.587499976158142090e+00 -8.999999761581420898e-01
4.074999809265136719e+00 1.350000023841857910e+00
7.150000095367431641e+00 1.100000023841857910e+00
7.187500000000000000e-01 1.200000047683715820e+00
3.099999904632568359e+00 8.000000119209289551e-01
-1.274266988039016724e-01 4.829077124595642090e-01
7.937491536140441895e-01 -5.249997973442077637e-01
-4.999978244304656982e-01 8.999975323677062988e-01
-8.374819755554199219e-01 3.249955475330352783e-01
6.550000190734863281e+00 -3.599999904632568359e+00
-1.399999976158142090e+00 -1.500000059604644775e-01
2.012500047683715820e+00 -1.200000047683715820e+00
1.393749952316284180e+00 1.500000059604644775e-01
1.862499952316284180e+00 2.500000037252902985e-02
-7.061330676078796387e-01 -3.999549150466918945e-01
1.000000000000000000e+01 -4.400000095367431641e+00
4.750000000000000000e+00 2.000000029802322388e-01
4.375000000000000000e+00 -5.000000074505805969e-02
-1.774999976158142090e+00 -3.499999940395355225e-01
-9.687478542327880859e-01 9.999985247850418091e-02
2.518749952316284180e+00 -6.750000119209289551e-01
6.812499761581420898e-01 -1.100000023841857910e+00
8.312420248985290527e-01 -2.499973326921463013e-01
1.412500023841857910e+00 5.000000000000000000e-01
-5.744877457618713379e-01 4.246964752674102783e-01
1.712499976158142090e+00 -1.450000047683715820e+00
-9.312474131584167480e-01 2.749995291233062744e-01
7.449999809265136719e+00 1.700000047683715820e+00
4.262499809265136719e+00 -5.000000000000000000e-01
2.499780952930450439e-01 9.249454736709594727e-01
-5.000000000000000000e-01 -2.099999904632568359e+00
2.556250095367431641e+00 -6.000000238418579102e-01
2.518749952316284180e+00 -1.125000000000000000e+00
6.775000095367431641e+00 -1.299999952316284180e+00
-1.118749976158142090e+00 5.749999880790710449e-01
-1.810635179281234741e-01 -6.991872191429138184e-01
4.749999940395355225e-01 -1.600000023841857910e+00
1.243749976158142090e+00 3.249999880790710449e-01
-5.000000000000000000e-01 -1.600000023841857910e+00
2.049999952316284180e+00 -7.500000000000000000e-01
2.181250095367431641e+00 8.249999880790710449e-01
8.500000238418579102e-01 1.350000023841857910e+00
5.237500190734863281e+00 8.999999761581420898e-01
2.537499904632568359e+00 -4.749999940395355225e-01
-8.750000000000000000e-01 1.649999976158142090e+00
2.049999952316284180e+00 -2.249999940395355225e-01
9.774999618530273438e+00 -4.800000190734863281e+00
4.449999809265136719e+00 -1.899999976158142090e+00
5.837500095367431641e+00 -6.499999761581420898e-01
5.688400268554687500e-01 4.978909716010093689e-02
1.149999976158142090e+00 2.000000029802322388e-01
1.299999952316284180e+00 5.000000074505805969e-02
5.949999809265136719e+00 -8.999999761581420898e-01
4.178396761417388916e-01 -4.735761880874633789e-01
9.249994158744812012e-01 2.999998033046722412e-01
-7.622367143630981445e-01 9.997466951608657837e-02
2.743750095367431641e+00 -1.749999970197677612e-01
2.575000047683715820e+00 8.249999880790710449e-01
5.875000000000000000e+00 -4.000000000000000000e+00
6.249999403953552246e-01 1.049999952316284180e+00
1.373937278985977173e-01 7.995114922523498535e-01
-1.812499761581420898e-01 -1.224999785423278809e+00
-7.250000238418579102e-01 3.700000047683715820e+00
1.281250000000000000e+00 -7.500000298023223877e-02
5.650000095367431641e+00 -3.000000119209289551e-01
5.612500190734863281e+00 -5.500000119209289551e-01
2.818749904632568359e+00 -2.750000059604644775e-01
6.249882578849792480e-01 4.999859035015106201e-01
2.668750047683715820e+00 2.000000029802322388e-01
-2.000000000000000000e+00 2.599999904632568359e+00
-4.324999809265136719e+00 1.100000023841857910e+00
7.824999809265136719e+00 -4.500000000000000000e+00
5.425000190734863281e+00 2.099999904632568359e+00
5.125000000000000000e+00 -3.799999952316284180e+00
1.543750047683715820e+00 -3.750000000000000000e-01
5.762499809265136719e+00 3.499999940395355225e-01
-1.432456523180007935e-01 5.977768301963806152e-01
9.250000000000000000e+00 4.500000000000000000e+00
5.762499809265136719e+00 -1.000000000000000000e+00
2.837500095367431641e+00 1.899999976158142090e+00
2.873510420322418213e-01 7.997015118598937988e-01
5.874999761581420898e-01 -1.350000023841857910e+00
4.037499904632568359e+00 -1.000000014901161194e-01
4.150000095367431641e+00 3.900000095367431641e+00
-4.175000190734863281e+00 4.800000190734863281e+00
7.187500000000000000e-01 1.075000047683715820e+00
1.731250047683715820e+00 -1.850372093726213425e-17
1.552430242300033569e-01 -5.223067998886108398e-01
-1.024999976158142090e+00 -1.600000023841857910e+00
-1.174999952316284180e+00 2.500000000000000000e-01
-2.750000000000000000e+00 -4.500000000000000000e+00
1.618749976158142090e+00 -3.249999880790710449e-01
2.931250095367431641e+00 1.749999970197677612e-01
5.574999809265136719e+00 3.000000000000000000e+00
4.675000190734863281e+00 5.500000119209289551e-01
9.812498688697814941e-01 2.749999463558197021e-01
-1.437500000000000000e+00 2.500000000000000000e-01
9.774999618530273438e+00 6.999999880790710449e-01
-4.474999904632568359e+00 -4.400000095367431641e+00
2.762500047683715820e+00 7.500000298023223877e-02
2.706249952316284180e+00 -9.499999880790710449e-01
7.375000119209289551e-01 1.250000000000000000e+00
5.650000095367431641e+00 4.000000000000000000e+00
-2.187345772981643677e-01 8.749256134033203125e-01
1.262500047683715820e+00 -7.749999761581420898e-01
4.112500190734863281e+00 1.649999976158142090e+00
1.750000000000000000e+00 5.000000074505805969e-02
-2.320992201566696167e-01 -4.426628947257995605e-01
1.337499976158142090e+00 1.225000023841857910e+00
2.106250047683715820e+00 7.250000238418579102e-01
-1.249991506338119507e-01 1.049991369247436523e+00
9.999997168779373169e-02 1.224999666213989258e+00
-1.924999952316284180e+00 2.500000000000000000e+00
1.299999952316284180e+00 5.500000119209289551e-01
1.618749976158142090e+00 -1.500000059604644775e-01
-5.749998688697814941e-01 9.999998807907104492e-01
-7.250000238418579102e-01 2.200000047683715820e+00
-7.250000238418579102e-01 1.649999976158142090e+00
4.747925996780395508e-01 -6.246694326400756836e-01
9.437495470046997070e-01 2.499994449317455292e-02
3.812480568885803223e-01 -1.024996399879455566e+00
-1.811732500791549683e-01 -7.746133208274841309e-01
-2.075000047683715820e+00 4.800000190734863281e+00
5.275000095367431641e+00 -3.499999940395355225e-01
-6.499999761581420898e-01 -4.900000095367431641e+00
8.274999618530273438e+00 -2.000000000000000000e+00
3.415603637695312500e-01 5.217197537422180176e-01
4.224999904632568359e+00 1.500000000000000000e+00
8.274999618530273438e+00 4.800000190734863281e+00
-2.750000000000000000e+00 5.000000000000000000e+00
4.375000000000000000e-01 -2.000000000000000000e+00
7.750000000000000000e+00 -8.000000119209289551e-01
1.993749976158142090e+00 5.000000000000000000e-01
-1.325000047683715820e+00 1.399999976158142090e+00
2.125000000000000000e+00 1.100000023841857910e+00
4.675000190734863281e+00 -8.999999761581420898e-01
1.937366276979446411e-01 9.499542117118835449e-01
-4.699999809265136719e+00 -1.299999952316284180e+00
2.631249904632568359e+00 -4.250000119209289551e-01
-1.325000047683715820e+00 1.299999952316284180e+00
5.312479734420776367e-01 -9.249966740608215332e-01
4.765022993087768555e-01 1.506421715021133423e-01
3.099999904632568359e+00 -3.900000095367431641e+00
3.250000000000000000e+00 1.200000047683715820e+00
-4.250000000000000000e+00 -2.200000047683715820e+00
-6.868086010217666626e-02 7.742121815681457520e-01
1.000000014901161194e-01 -4.699999809265136719e+00
1.993749976158142090e+00 -1.250000000000000000e-01
-3.297615945339202881e-01 -4.232795536518096924e-01
-3.875000000000000000e+00 3.299999952316284180e+00
-6.685408353805541992e-01 3.999119400978088379e-01
2.650000095367431641e+00 -6.999999880790710449e-01
1.412500023841857910e+00 1.000000000000000000e+00
4.599999904632568359e+00 4.699999809265136719e+00
5.837500095367431641e+00 -1.250000000000000000e+00
3.924999952316284180e+00 -1.500000000000000000e+00
1.581249952316284180e+00 1.100000023841857910e+00
1.487499952316284180e+00 1.049999952316284180e+00
-1.100000023841857910e+00 -3.000000000000000000e+00
9.437495470046997070e-01 -2.249998450279235840e-01
1.168750047683715820e+00 3.249999880790710449e-01
-2.374999970197677612e-01 -1.500000000000000000e+00
-8.937342762947082520e-01 7.499910145998001099e-02
1.562500000000000000e+00 -7.500000298023223877e-02
3.625000000000000000e+00 8.000000119209289551e-01
4.599999904632568359e+00 1.149999976158142090e+00
2.106250047683715820e+00 7.250000238418579102e-01
-1.812318861484527588e-01 8.748927116394042969e-01
4.900000095367431641e+00 -1.200000047683715820e+00
2.424999952316284180e+00 -1.000000014901161194e-01
2.143749952316284180e+00 3.000000119209289551e-01
3.062205612659454346e-01 -8.999400138854980469e-01
4.449999809265136719e+00 -5.000000074505805969e-02
8.687499761581420898e-01 1.274999976158142090e+00
-3.499999940395355225e-01 -3.000000000000000000e+00
-1.024999618530273438e+00 -2.499999292194843292e-02
2.575000047683715820e+00 2.000000000000000000e+00
4.112500190734863281e+00 2.049999952316284180e+00
4.599999904632568359e+00 -1.200000047683715820e+00
1.356250047683715820e+00 6.750000119209289551e-01
-5.000000000000000000e+00 -3.799999952316284180e+00
4.750000000000000000e+00 6.000000238418579102e-01
-6.783076375722885132e-02 4.948003590106964111e-01
2.162499904632568359e+00 -6.499999761581420898e-01
-2.187431901693344116e-01 -9.249644875526428223e-01
4.937500000000000000e+00 6.499999761581420898e-01
2.424999952316284180e+00 -3.500000000000000000e+00
1.731250047683715820e+00 -1.749999970197677612e-01
6.624873876571655273e-01 4.749945104122161865e-01
-4.550000190734863281e+00 -4.000000059604644775e-01
7.675000190734863281e+00 -1.700000047683715820e+00
1.375000000000000000e+00 -2.099999904632568359e+00
5.387499809265136719e+00 8.999999761581420898e-01
1.656250000000000000e+00 -8.999999761581420898e-01
2.162499904632568359e+00 1.100000023841857910e+00
6.324999809265136719e+00 -2.000000000000000000e+00
2.575000047683715820e+00 -1.500000059604644775e-01
8.725000381469726562e+00 2.799999952316284180e+00
5.462500095367431641e+00 2.500000000000000000e-01
4.224999904632568359e+00 1.399999976158142090e+00
9.699999809265136719e+00 8.000000119209289551e-01
-3.950000047683715820e+00 -2.137174860109173181e-35
8.874978423118591309e-01 1.249992176890373230e-01
5.537499904632568359e+00 1.000000000000000000e+00
-6.874991953372955322e-02 -1.149998545646667480e+00
1.225000023841857910e+00 1.250000000000000000e+00
8.199999809265136719e+00 3.799999952316284180e+00
-4.961262643337249756e-02 -5.960773825645446777e-01
6.849999904632568359e+00 -8.999999761581420898e-01
5.871196985244750977e-01 -2.998904585838317871e-01
3.512500047683715820e+00 -7.500000000000000000e-01
9.100000381469726562e+00 2.000000029802322388e-01
-4.624982178211212158e-01 -9.249977469444274902e-01
5.237500190734863281e+00 4.000000059604644775e-01
1.637500047683715820e+00 -1.700000047683715820e+00
3.924999952316284180e+00 2.099999904632568359e+00
4.675000190734863281e+00 -4.000000059604644775e-01
2.087500095367431641e+00 -5.249999761581420898e-01
1.206249952316284180e+00 1.000000014901161194e-01
5.800000190734863281e+00 1.500000059604644775e-01
2.331249952316284180e+00 -6.000000238418579102e-01
2.293750047683715820e+00 -1.749999970197677612e-01
2.575000047683715820e+00 -4.250000119209289551e-01
2.706249952316284180e+00 1.125000000000000000e+00
2.406250000000000000e+00 4.499999880790710449e-01
1.262500047683715820e+00 -1.149999976158142090e+00
1.186212152242660522e-01 -7.742990851402282715e-01
3.474999904632568359e+00 -1.850000023841857910e+00
-3.495989441871643066e-01 -5.994893312454223633e-01
2.387500047683715820e+00 -1.500000059604644775e-01
5.687499642372131348e-01 -1.149999976158142090e+00
-4.699999809265136719e+00 1.500000000000000000e+00
-3.875000000000000000e+00 -3.400000095367431641e+00
1.862499952316284180e+00 1.100000023841857910e+00
4.375000000000000000e-01 1.700000047683715820e+00
-6.124999523162841797e-01 9.999999403953552246e-01
8.125000000000000000e+00 -1.000000014901161194e-01
-4.699999809265136719e+00 -1.100000023841857910e+00
2.237499952316284180e+00 -6.499999761581420898e-01
4.936890602111816406e-01 7.249028086662292480e-01
7.187494635581970215e-01 -6.499990224838256836e-01
-1.962499976158142090e+00 2.000000029802322388e-01
9.437500238418579102e-01 1.200000047683715820e+00
8.113203197717666626e-02 -7.489782571792602539e-01
-3.124999701976776123e-01 1.174999833106994629e+00
2.874867320060729980e-01 9.499706029891967773e-01
1.600000023841857910e+00 -2.000000029802322388e-01
2.799999952316284180e+00 -4.099999904632568359e+00
5.425000190734863281e+00 4.500000000000000000e+00
6.812499761581420898e-01 -1.250000000000000000e+00
1.337499976158142090e+00 -7.500000000000000000e-01
2.518749952316284180e+00 -3.499999940395355225e-01
-1.999988108873367310e-01 -1.024992227554321289e+00
3.212500095367431641e+00 1.700000047683715820e+00
1.369981318712234497e-01 5.237477421760559082e-01
4.749981164932250977e-01 -9.749968647956848145e-01
4.262499809265136719e+00 -1.600000023841857910e+00
9.100000381469726562e+00 -3.400000095367431641e+00
1.543750047683715820e+00 -6.499999761581420898e-01
2.424999952316284180e+00 1.600000023841857910e+00
2.106250047683715820e+00 1.749999970197677612e-01
7.562483549118041992e-01 -5.249994993209838867e-01
2.912499904632568359e+00 5.000000000000000000e-01
2.293750047683715820e+00 1.749999970197677612e-01
1.337499976158142090e+00 -1.174999952316284180e+00
-2.562498152256011963e-01 -1.099998950958251953e+00
2.125000000000000000e+00 -2.500000000000000000e-01
2.049999952316284180e+00 6.999999880790710449e-01
3.587500095367431641e+00 1.500000059604644775e-01
4.224999904632568359e+00 -4.599999904632568359e+00
2.462500095367431641e+00 1.075000047683715820e+00
2.312500000000000000e+00 9.750000238418579102e-01
9.907300770282745361e-02 5.207343697547912598e-01
2.143749952316284180e+00 6.250000000000000000e-01
-7.623990178108215332e-01 2.999738156795501709e-01
1.185779124498367310e-01 7.490856647491455078e-01
2.743750095367431641e+00 -3.750000000000000000e-01
2.087500095367431641e+00 -1.350000023841857910e+00
9.250000119209289551e-01 2.799999952316284180e+00
1.825000047683715820e+00 -8.249999880790710449e-01
4.449999809265136719e+00 4.499999880790710449e-01
-6.867057085037231445e-01 -1.498692631721496582e-01
9.999999403953552246e-02 -1.299999952316284180e+00
1.524999976158142090e+00 7.500000000000000000e-01
-1.625000000000000000e+00 2.400000095367431641e+00
2.349999904632568359e+00 3.000000000000000000e+00
9.624999761581420898e-01 7.500000000000000000e-01
-3.874999880790710449e-01 -1.174999952316284180e+00
4.412499904632568359e+00 1.750000000000000000e+00
2.912499904632568359e+00 4.000000059604644775e-01
1.806249976158142090e+00 -9.250000119209289551e-01
9.999998807907104492e-01 1.999999582767486572e-01
5.500000000000000000e+00 -3.900000095367431641e+00
2.799999952316284180e+00 6.250000000000000000e-01
-8.937500119209289551e-01 -8.249999880790710449e-01
-9.312499761581420898e-01 8.500000238418579102e-01
5.087500095367431641e+00 5.000000074505805969e-02
1.712499976158142090e+00 -5.000000000000000000e-01
-4.699999809265136719e+00 -1.200000047683715820e+00
1.225000023841857910e+00 1.950000047683715820e+00
1.375000000000000000e+00 5.749999880790710449e-01
3.287499904632568359e+00 -4.499999880790710449e-01
7.300000190734863281e+00 2.400000095367431641e+00
2.102625668048858643e-01 5.202974677085876465e-01
-9.687497615814208984e-01 -4.249999225139617920e-01
1.112499952316284180e+00 6.750000119209289551e-01
4.937499761581420898e-01 -1.199999928474426270e+00
1.056249976158142090e+00 1.174999952316284180e+00
1.375000000000000000e+00 1.075000047683715820e+00
2.987499952316284180e+00 6.750000119209289551e-01
1.768749952316284180e+00 -7.749999761581420898e-01
8.687491416931152344e-01 -4.249997735023498535e-01
1.112499952316284180e+00 6.499999761581420898e-01
2.556250095367431641e+00 -3.499999940395355225e-01
-8.562498688697814941e-01 6.999999284744262695e-01
5.650000095367431641e+00 -4.900000095367431641e+00
2.668750047683715820e+00 5.249999761581420898e-01
-5.375000238418579102e-01 1.350000023841857910e+00
2.200000047683715820e+00 3.000000119209289551e-01
-1.249989587813615799e-02 -1.074992537498474121e+00
2.631249904632568359e+00 -1.125000000000000000e+00
4.369065761566162109e-01 -4.739996492862701416e-01
3.987425863742828369e-01 -4.481069147586822510e-01
9.999998807907104492e-01 -1.249999701976776123e-01
-4.025000095367431641e+00 1.500000000000000000e+00
2.987499952316284180e+00 1.500000000000000000e+00
6.622394919395446777e-01 -2.249136567115783691e-01
1.937192827463150024e-01 -8.998997211456298828e-01
6.055250763893127441e-01 1.497326642274856567e-01
2.575000047683715820e+00 1.250000000000000000e-01
1.787500023841857910e+00 -1.049999952316284180e+00
5.500000000000000000e+00 -3.400000095367431641e+00
2.500000000000000000e+00 1.225000023841857910e+00
1.656250000000000000e+00 5.000000000000000000e-01
2.349999904632568359e+00 -5.749999880790710449e-01
5.987500190734863281e+00 1.100000023841857910e+00
1.450000047683715820e+00 6.499999761581420898e-01
9.999997913837432861e-02 1.249999761581420898e+00
-7.624999880790710449e-01 -9.249999523162841797e-01
2.275000095367431641e+00 -1.075000047683715820e+00
1.056249976158142090e+00 -6.750000119209289551e-01
6.400000095367431641e+00 -4.000000059604644775e-01
-3.499999940395355225e-01 1.750000000000000000e+00
-1.024999976158142090e+00 -3.099999904632568359e+00
-7.249476909637451172e-01 4.499778747558593750e-01
2.500000000000000000e+00 -1.250000000000000000e-01
5.949999809265136719e+00 4.400000095367431641e+00
1.843750000000000000e+00 -1.250000000000000000e+00
2.931250095367431641e+00 -1.274999976158142090e+00
9.850000381469726562e+00 -4.300000190734863281e+00
4.449999809265136719e+00 -4.499999880790710449e-01
-1.737499952316284180e+00 6.999999880790710449e-01
-4.249908030033111572e-01 8.499879240989685059e-01
-5.562430024147033691e-01 7.999930977821350098e-01
-4.062500000000000000e-01 1.174999952316284180e+00
5.873840451240539551e-01 3.749722242355346680e-01
1.356250047683715820e+00 -7.250000238418579102e-01
2.837500095367431641e+00 -1.749999970197677612e-01
1.806249976158142090e+00 9.499999880790710449e-01
1.674999952316284180e+00 -2.500000000000000000e-01
1.862499952316284180e+00 -4.000000059604644775e-01
5.949999809265136719e+00 4.499999880790710449e-01
-9.499999880790710449e-01 1.200000047683715820e+00
-4.324999809265136719e+00 -2.599999904632568359e+00
8.050000190734863281e+00 -3.299999952316284180e+00
-1.212499976158142090e+00 -4.499999880790710449e-01
5.987500190734863281e+00 -8.500000238418579102e-01
-4.025000095367431641e+00 -4.400000095367431641e+00
1.131250023841857910e+00 9.499999880790710449e-01
-8.937495350837707520e-01 -5.499998331069946289e-01
2.200000047683715820e+00 -1.024999976158142090e+00
9.624997377395629883e-01 -8.822104824446341809e-09
-1.212499976158142090e+00 8.000000119209289551e-01
1.037500023841857910e+00 1.249999925494194031e-01
6.062448024749755859e-01 7.499910593032836914e-01
1.187500000000000000e+00 -9.499999880790710449e-01
5.425000190734863281e+00 -2.500000000000000000e-01
2.556250095367431641e+00 2.750000059604644775e-01
2.049999952316284180e+00 -2.500000037252902985e-02
-4.940926730632781982e-01 7.260160148143768311e-02
1.937500000000000000e+00 -4.000000059604644775e-01
1.281250000000000000e+00 -3.750000000000000000e-01
-4.625000000000000000e+00 -3.599999904632568359e+00
2.668750047683715820e+00 -5.500000119209289551e-01
7.525000095367431641e+00 -1.000000014901161194e-01
3.436295092105865479e-01 -7.997843623161315918e-01
-4.249985814094543457e-01 9.499979019165039062e-01
7.974999904632568359e+00 1.799999952316284180e+00
4.370414316654205322e-01 4.491337835788726807e-01
6.775000095367431641e+00 4.800000190734863281e+00
-7.624657154083251953e-01 4.249874353408813477e-01
2.668750047683715820e+00 -1.225000023841857910e+00
3.549999952316284180e+00 2.700000047683715820e+00
2.537499904632568359e+00 -5.000000000000000000e-01
-1.924999952316284180e+00 4.400000095367431641e+00
1.018749952316284180e+00 2.249999791383743286e-01
2.762500047683715820e+00 3.000000119209289551e-01
2.556250095367431641e+00 4.749999940395355225e-01
3.174999952316284180e+00 -1.149999976158142090e+00
2.237499952316284180e+00 -1.250000000000000000e-01
-2.900000095367431641e+00 -1.100000023841857910e+00
2.275000095367431641e+00 1.500000059604644775e-01
1.206249952316284180e+00 -1.075000047683715820e+00
9.624999761581420898e-01 1.100000023841857910e+00
5.650000095367431641e+00 1.649999976158142090e+00
-1.174999952316284180e+00 1.200000047683715820e+00
3.549999952316284180e+00 -6.000000238418579102e-01
1.243749976158142090e+00 5.249999761581420898e-01
2.312500000000000000e+00 2.000000029802322388e-01
-3.349999904632568359e+00 -3.000000000000000000e+00
5.987500190734863281e+00 1.500000059604644775e-01
5.124999880790710449e-01 1.149999976158142090e+00
-2.000000000000000000e+00 -5.000000000000000000e-01
-2.185877561569213867e-01 -6.994427442550659180e-01
1.374998986721038818e-01 -1.174999356269836426e+00
1.131250023841857910e+00 4.000000059604644775e-01
5.499588847160339355e-01 4.999061822891235352e-01
1.806249976158142090e+00 5.249999761581420898e-01
2.931250095367431641e+00 -1.125000000000000000e+00
1.712499976158142090e+00 -1.174999952316284180e+00
6.925000190734863281e+00 -4.800000190734863281e+00
1.787500023841857910e+00 -2.750000059604644775e-01
-2.937394678592681885e-01 -8.749684095382690430e-01
7.375000000000000000e+00 5.000000000000000000e+00
-1.100000023841857910e+00 2.000000029802322388e-01
3.625000000000000000e+00 -2.900000095367431641e+00
2.162499904632568359e+00 1.250000000000000000e-01
1.843750000000000000e+00 -4.250000119209289551e-01
1.243749976158142090e+00 -7.500000000000000000e-01
7.937321066856384277e-01 -9.999407082796096802e-02
2.724999904632568359e+00 -6.250000000000000000e-01
3.992539942264556885e-01 -5.988495945930480957e-01
2.837500095367431641e+00 9.499999880790710449e-01
5.574999809265136719e+00 4.900000095367431641e+00
8.949999809265136719e+00 1.700000047683715820e+00
2.743750095367431641e+00 -5.000000000000000000e-01
1.075000047683715820e+00 1.700000047683715820e+00
-3.874997794628143311e-01 1.049999475479125977e+00
5.912499904632568359e+00 -1.750000000000000000e+00
-3.424999952316284180e+00 8.999999761581420898e-01
-2.150000095367431641e+00 3.000000000000000000e+00
-3.124983310699462891e-01 9.749946594238281250e-01
2.931250095367431641e+00 1.149999976158142090e+00
9.249991774559020996e-01 -1.749997287988662720e-01
1.112499952316284180e+00 9.750000238418579102e-01
6.249806284904479980e-02 -9.999707937240600586e-01
-2.374960035085678101e-01 9.499804973602294922e-01
2.106250047683715820e+00 -1.174999952316284180e+00
4.375000000000000000e+00 -1.100000023841857910e+00
2.012500047683715820e+00 -5.749999880790710449e-01
-4.849999904632568359e+00 -5.000000000000000000e-01
-3.114790841937065125e-02 -6.981547474861145020e-01
2.012500047683715820e+00 -2.500000037252902985e-02
7.000000000000000000e+00 -4.300000190734863281e+00
-1.700000047683715820e+00 1.799999952316284180e+00
1.899999976158142090e+00 4.699999809265136719e+00
-4.099999904632568359e+00 -8.999999761581420898e-01
5.875000000000000000e+00 8.000000119209289551e-01
9.625000000000000000e+00 2.200000047683715820e+00
2.462500095367431641e+00 -8.750000000000000000e-01
3.250000000000000000e+00 -8.000000119209289551e-01
-1.437499821186065674e-01 1.249999880790710449e+00
-6.484957933425903320e-01 -9.980916976928710938e-02
-3.724999904632568359e+00 1.600000023841857910e+00
1.243749976158142090e+00 -1.075000047683715820e+00
6.625000238418579102e-01 1.174999952316284180e+00
1.037500023841857910e+00 4.999999329447746277e-02
4.749376475811004639e-01 -7.499005794525146484e-01
1.618749976158142090e+00 3.249999880790710449e-01
-5.736824870109558105e-01 2.994786202907562256e-01
-7.999323010444641113e-01 2.499860078096389771e-01
1.712499976158142090e+00 -1.799999952316284180e+00
4.150000095367431641e+00 4.699999809265136719e+00
2.987499952316284180e+00 3.499999940395355225e-01
3.998469114303588867e-01 7.497489452362060547e-01
3.962500095367431641e+00 -1.799999952316284180e+00
-4.625000000000000000e+00 -4.400000095367431641e+00
1.225000023841857910e+00 1.250000000000000000e+00
9.937024116516113281e-02 -5.713996887207031250e-01
7.375000119209289551e-01 -1.049999952316284180e+00
-2.936559021472930908e-01 7.247959971427917480e-01
-1.624996960163116455e-01 -1.099997401237487793e+00
1.637500047683715820e+00 -6.250000000000000000e-01
2.875000000000000000e+00 -1.200000047683715820e+00
-2.000000000000000000e+00 1.399999976158142090e+00
-8.562499880790710449e-01 8.750000000000000000e-01
1.000000000000000000e+01 3.500000000000000000e+00
-1.475000023841857910e+00 -2.200000047683715820e+00
1.600000023841857910e+00 3.499999940395355225e-01
-1.043749809265136719e+00 -1.499999761581420898e-01
-3.675802648067474365e-01 -4.986996054649353027e-01
-1.062494888901710510e-01 1.074993968009948730e+00
2.443749904632568359e+00 -1.749999970197677612e-01
4.562499523162841797e-01 -1.149999856948852539e+00
-3.500000000000000000e+00 8.999999761581420898e-01
2.612499952316284180e+00 1.174999952316284180e+00
1.337499976158142090e+00 -7.500000298023223877e-02
1.825000047683715820e+00 -1.549999952316284180e+00
2.818749904632568359e+00 5.000000074505805969e-02
5.012499809265136719e+00 -1.600000023841857910e+00
5.612500190734863281e+00 -1.600000023841857910e+00
1.712499976158142090e+00 6.499999761581420898e-01
5.837500095367431641e+00 2.500000000000000000e-01
-9.124895334243774414e-01 2.499980479478836060e-02
-8.748208731412887573e-02 8.748021721839904785e-01
-4.243644475936889648e-01 5.493395924568176270e-01
-7.624448537826538086e-01 -3.749822974205017090e-01
1.450000047683715820e+00 -9.750000238418579102e-01
2.312500000000000000e+00 8.500000238418579102e-01
8.649999618530273438e+00 1.000000000000000000e+00
1.524999976158142090e+00 6.000000238418579102e-01
2.312500000000000000e+00 8.999999761581420898e-01
5.425000190734863281e+00 1.750000000000000000e+00
4.712500095367431641e+00 1.049999952316284180e+00
1.225000023841857910e+00 -1.899999976158142090e+00
1.899999976158142090e+00 -4.699999809265136719e+00
4.748623669147491455e-01 -6.747816801071166992e-01
1.487499952316284180e+00 -2.049999952316284180e+00
1.375000000000000000e+00 3.499999940395355225e-01
5.949999809265136719e+00 -1.450000047683715820e+00
-9.874992370605468750e-01 2.249998897314071655e-01
4.112500190734863281e+00 -1.399999976158142090e+00
7.749917507171630859e-01 3.999978005886077881e-01
2.912499904632568359e+00 3.499999940395355225e-01
1.337499976158142090e+00 4.749999940395355225e-01
1.674999952316284180e+00 -2.500000037252902985e-02
5.724999904632568359e+00 -8.000000119209289551e-01
4.900000095367431641e+00 2.599999904632568359e+00
-6.872577667236328125e-01 3.499155938625335693e-01
-9.125000238418579102e-01 1.750000000000000000e+00
1.281250000000000000e+00 1.200000047683715820e+00
9.999999403953552246e-01 4.999998211860656738e-02
8.649999618530273438e+00 4.900000095367431641e+00
5.762499809265136719e+00 -6.999999880790710449e-01
-1.924999952316284180e+00 -1.899999976158142090e+00
1.712499976158142090e+00 -6.999999880790710449e-01
6.622481942176818848e-01 -1.249023154377937317e-01
7.150000095367431641e+00 -3.900000095367431641e+00
2.106250047683715820e+00 1.200000047683715820e+00
4.862500190734863281e+00 -8.500000238418579102e-01
3.624906837940216064e-01 -9.499825835227966309e-01
1.281250000000000000e+00 5.000000000000000000e-01
-7.437499761581420898e-01 9.249999523162841797e-01
4.736003875732421875e-01 -2.494287937879562378e-01
1.956249952316284180e+00 -3.499999940395355225e-01
2.837500095367431641e+00 6.000000238418579102e-01
4.562500000000000000e+00 5.000000074505805969e-02
-5.935842394828796387e-01 5.248824954032897949e-01
-1.061322093009948730e-01 7.490918636322021484e-01
-1.174999952316284180e+00 -4.099999904632568359e+00
-5.749999880790710449e-01 4.400000095367431641e+00
1.225000023841857910e+00 8.249999880790710449e-01
2.762500047683715820e+00 9.250000119209289551e-01
1.131250023841857910e+00 -6.250000000000000000e-01
-4.999998211860656738e-01 -1.024999737739562988e+00
8.312500119209289551e-01 9.250000119209289551e-01
1.262500047683715820e+00 -1.500000059604644775e-01
-1.100000023841857910e+00 3.799999952316284180e+00
1.243749976158142090e+00 5.749999880790710449e-01
4.374916106462478638e-02 1.024980425834655762e+00
2.049999952316284180e+00 -6.750000119209289551e-01
5.724999904632568359e+00 -8.999999761581420898e-01
-4.025000095367431641e+00 1.700000047683715820e+00
-6.687499284744262695e-01 -9.749999642372131348e-01
1.450000047683715820e+00 5.000000000000000000e+00
5.687499642372131348e-01 1.125000000000000000e+00
2.496148273348808289e-02 7.235499024391174316e-01
9.437497854232788086e-01 -3.499999344348907471e-01
8.687499165534973145e-01 -5.749999880790710449e-01
2.593750000000000000e+00 -6.750000119209289551e-01
1.637500047683715820e+00 1.225000023841857910e+00
5.312185287475585938e-01 -7.249488830566406250e-01
3.250000000000000000e+00 -3.500000000000000000e+00
1.806249976158142090e+00 8.999999761581420898e-01
3.099999904632568359e+00 -3.000000000000000000e+00
2.494392544031143188e-01 6.988369822502136230e-01
-7.062477469444274902e-01 7.249982953071594238e-01
-2.749013602733612061e-01 -7.247557044029235840e-01
7.300000190734863281e+00 4.400000095367431641e+00
-7.624999880790710449e-01 -1.200000047683715820e+00
-8.187486529350280762e-01 5.999993085861206055e-01
2.200000047683715820e+00 3.799999952316284180e+00
3.624999821186065674e-01 -1.350000023841857910e+00
2.612499952316284180e+00 1.174999952316284180e+00
2.312500000000000000e+00 -1.549999952316284180e+00
-5.562430024147033691e-01 7.999930977821350098e-01
2.612499952316284180e+00 -8.500000238418579102e-01
7.900000095367431641e+00 -3.000000119209289551e-01
9.925000190734863281e+00 3.099999904632568359e+00
1.431249976158142090e+00 -9.499999880790710449e-01
-1.812500000000000000e+00 -3.000000119209289551e-01
3.962500095367431641e+00 3.000000119209289551e-01
2.181250095367431641e+00 -8.750000000000000000e-01
2.500000000000000000e+00 -4.900000095367431641e+00
2.387500047683715820e+00 -1.000000000000000000e+00
1.131250023841857910e+00 -5.000000074505805969e-02
-9.124997854232788086e-01 -5.749999284744262695e-01
5.499516725540161133e-01 -5.248978734016418457e-01
-5.937499403953552246e-01 -1.024999976158142090e+00
2.987499952316284180e+00 -1.399999976158142090e+00
4.224999904632568359e+00 1.250000000000000000e+00
2.368750095367431641e+00 -1.274999976158142090e+00
1.225000023841857910e+00 7.500000000000000000e-01
3.924999952316284180e+00 2.500000000000000000e+00
2.498427405953407288e-02 -7.993708848953247070e-01
2.556250095367431641e+00 1.500000059604644775e-01
6.250000000000000000e+00 -3.400000095367431641e+00
4.412499904632568359e+00 2.500000000000000000e-01
1.918750047683715820e+00 3.750000000000000000e-01
-4.025000095367431641e+00 -3.599999904632568359e+00
2.481250047683715820e+00 -1.225000023841857910e+00
-5.749990940093994141e-01 8.999990820884704590e-01
3.212500095367431641e+00 1.149999976158142090e+00
-3.686303198337554932e-01 -6.998389959335327148e-01
6.250000000000000000e+00 -3.000000119209289551e-01
2.743750095367431641e+00 -5.500000119209289551e-01
6.775000095367431641e+00 -3.900000095367431641e+00
-1.156250000000000000e+00 2.750000059604644775e-01
5.500000000000000000e+00 -1.200000047683715820e+00
-3.499999940395355225e-01 -4.300000190734863281e+00
1.225000023841857910e+00 -8.750000000000000000e-01
1.993749976158142090e+00 4.499999880790710449e-01
1.206249952316284180e+00 -1.500000059604644775e-01
3.775000095367431641e+00 4.000000000000000000e+00
1.862499952316284180e+00 -1.299999952316284180e+00
-1.587499976158142090e+00 -6.999999880790710449e-01
1.037500023841857910e+00 4.499999880790710449e-01
2.124997675418853760e-01 1.149999141693115234e+00
5.387499809265136719e+00 1.700000047683715820e+00
-8.374999761581420898e-01 -9.499999880790710449e-01
2.124508768320083618e-01 8.748599886894226074e-01
-3.124983608722686768e-01 9.749947786331176758e-01
2.331249952316284180e+00 -6.750000119209289551e-01
7.374997138977050781e-01 6.499994397163391113e-01
-2.562415599822998047e-01 8.999658823013305664e-01
9.437500238418579102e-01 -6.250000000000000000e-01
-1.024999976158142090e+00 -4.000000000000000000e+00
3.212500095367431641e+00 1.549999952316284180e+00
8.124995827674865723e-01 -5.499998927116394043e-01
3.062500000000000000e+00 -4.499999880790710449e-01
3.962500095367431641e+00 8.000000119209289551e-01
2.275000095367431641e+00 -3.750000000000000000e-01
6.062352657318115234e-01 -4.999770224094390869e-01
3.474999904632568359e+00 8.500000238418579102e-01
-1.399999976158142090e+00 2.000000029802322388e-01
6.998707056045532227e-01 -1.249505579471588135e-01
2.668750047683715820e+00 1.225000023841857910e+00
6.324999809265136719e+00 1.700000047683715820e+00
5.387499809265136719e+00 -1.549999952316284180e+00
5.237500190734863281e+00 3.499999940395355225e-01
2.462500095367431641e+00 1.000000014901161194e-01
3.174999952316284180e+00 1.149999976158142090e+00
1.412500023841857910e+00 -6.999999880790710449e-01
5.387499809265136719e+00 -1.149999976158142090e+00
3.737499952316284180e+00 1.399999976158142090e+00
1.911555528640747070e-01 4.943462312221527100e-01
5.987500190734863281e+00 -1.549999952316284180e+00
2.218750000000000000e+00 -1.100000023841857910e+00
2.556250095367431641e+00 -1.149999976158142090e+00
4.375000000000000000e+00 -1.600000023841857910e+00
6.437265276908874512e-01 4.499911665916442871e-01
-1.248370110988616943e-01 -7.239452600479125977e-01
2.500000000000000000e+00 1.350000023841857910e+00
4.750000000000000000e+00 3.799999952316284180e+00
2.875000000000000000e+00 -2.500000000000000000e-01
1.524999976158142090e+00 8.249999880790710449e-01
-2.937498390674591064e-01 1.099999308586120605e+00
6.699999809265136719e+00 1.100000023841857910e+00
-1.549999952316284180e+00 3.499999940395355225e-01
4.180530011653900146e-01 -5.739308595657348633e-01
1.693750023841857910e+00 -2.249999940395355225e-01
2.443749904632568359e+00 8.000000119209289551e-01
7.749999165534973145e-01 -6.749998331069946289e-01
1.393749952316284180e+00 -2.249999940395355225e-01
2.237499952316284180e+00 1.000000000000000000e+00
4.637499809265136719e+00 -7.500000000000000000e-01
-8.749996423721313477e-01 -5.999998450279235840e-01
-1.100000023841857910e+00 -1.549999952316284180e+00
-1.362499952316284180e+00 -1.399999976158142090e+00
1.674999952316284180e+00 -6.750000119209289551e-01
2.650000095367431641e+00 5.500000119209289551e-01
1.750000000000000000e+00 6.000000238418579102e-01
1.750000000000000000e+00 6.499999761581420898e-01
-1.193750023841857910e+00 1.250000000000000000e-01
-1.024999976158142090e+00 5.000000000000000000e-01
1.000000000000000000e+01 -4.800000190734863281e+00
8.500000238418579102e-01 1.250000000000000000e+00
2.575000047683715820e+00 -8.500000238418579102e-01
9.812499880790710449e-01 -1.149999976158142090e+00
-3.049999952316284180e+00 -2.000000029802322388e-01
5.868641138076782227e-01 2.497925609350204468e-01
2.124999910593032837e-01 1.399999976158142090e+00
5.949999809265136719e+00 -1.450000047683715820e+00
1.356250047683715820e+00 -5.500000119209289551e-01
2.664397358894348145e-01 -5.459102392196655273e-01
2.443749904632568359e+00 -8.000000119209289551e-01
5.162499904632568359e+00 -1.000000014901161194e-01
6.175000190734863281e+00 -3.400000095367431641e+00
9.812499880790710449e-01 5.500000119209289551e-01
-3.312291800975799561e-01 -8.249569535255432129e-01
4.787499904632568359e+00 1.100000023841857910e+00
-8.562499880790710449e-01 -8.999999761581420898e-01
3.474999904632568359e+00 5.000000074505805969e-02
4.562500000000000000e+00 1.350000023841857910e+00
4.074999809265136719e+00 -1.500000000000000000e+00
-6.124998927116394043e-01 9.749998450279235840e-01
5.275000095367431641e+00 3.500000000000000000e+00
6.437498927116394043e-01 9.749998450279235840e-01
2.012500047683715820e+00 -4.499999880790710449e-01
-1.250000000000000000e-01 -4.800000190734863281e+00
1.056249976158142090e+00 -1.749999970197677612e-01
4.179490208625793457e-01 -5.487768650054931641e-01
1.450000047683715820e+00 8.750000000000000000e-01
-4.699999809265136719e+00 5.000000000000000000e+00
1.056249976158142090e+00 7.749999761581420898e-01
4.000000000000000000e+00 -1.500000000000000000e+00
1.318750023841857910e+00 1.024999976158142090e+00
2.331249952316284180e+00 -1.500000059604644775e-01
4.974999904632568359e+00 -4.900000095367431641e+00
2.856250047683715820e+00 -3.499999940395355225e-01
1.600000023841857910e+00 -6.499999761581420898e-01
-1.062486544251441956e-01 -1.024984836578369141e+00
7.749858498573303223e-01 3.499957919120788574e-01
1.131250023841857910e+00 9.499999880790710449e-01
-1.850000023841857910e+00 -1.200000047683715820e+00
2.424999952316284180e+00 -6.499999761581420898e-01
1.899999976158142090e+00 -2.750000059604644775e-01
2.275000095367431641e+00 -1.000000000000000000e+00
-1.212499976158142090e+00 2.000000029802322388e-01
1.750000000000000000e+00 -1.750000000000000000e+00
-3.124853372573852539e-01 -8.499634861946105957e-01
4.187500000000000000e+00 -2.000000000000000000e+00
5.912499904632568359e+00 -1.250000000000000000e+00
8.500000000000000000e+00 3.200000047683715820e+00
2.556250095367431641e+00 1.000000000000000000e+00
1.168750047683715820e+00 -5.000000074505805969e-02
1.356250047683715820e+00 1.174999952316284180e+00
6.175000190734863281e+00 4.300000190734863281e+00
1.393749952316284180e+00 -1.125000000000000000e+00
2.143749952316284180e+00 -5.749999880790710449e-01
4.637499809265136719e+00 5.000000074505805969e-02
2.518749952316284180e+00 -1.749999970197677612e-01
9.250000119209289551e-01 8.500000238418579102e-01
5.199999809265136719e+00 4.900000095367431641e+00
2.556250095367431641e+00 -7.749999761581420898e-01
3.812420666217803955e-01 -9.499856233596801758e-01
-8.749906420707702637e-01 2.999979555606842041e-01
4.787499904632568359e+00 1.600000023841857910e+00
1.506250023841857910e+00 -2.500000000000000000e-01
4.337500095367431641e+00 8.000000119209289551e-01
7.375000000000000000e+00 1.200000047683715820e+00
3.025000095367431641e+00 3.400000095367431641e+00
2.106250047683715820e+00 -1.100000023841857910e+00
8.274999618530273438e+00 2.000000029802322388e-01
6.062352657318115234e-01 -4.999770224094390869e-01
4.487500190734863281e+00 3.000000119209289551e-01
1.056249976158142090e+00 3.750000000000000000e-01
1.899999976158142090e+00 1.899999976158142090e+00
2.349999904632568359e+00 4.499999880790710449e-01
1.674999952316284180e+00 -1.225000023841857910e+00
4.712500095367431641e+00 -1.450000047683715820e+00
1.262500047683715820e+00 -1.350000023841857910e+00
1.581249952316284180e+00 1.225000023841857910e+00
2.293750047683715820e+00 -8.750000000000000000e-01
-2.931549251079559326e-01 -4.991156458854675293e-01
8.124860525131225586e-01 1.499945372343063354e-01
-2.224999904632568359e+00 1.299999952316284180e+00
2.612499952316284180e+00 1.149999976158142090e+00
2.368750095367431641e+00 -6.999999880790710449e-01
2.950000047683715820e+00 -2.299999952316284180e+00
-8.562405109405517578e-01 3.499975502490997314e-01
2.687500000000000000e+00 -1.000000014901161194e-01
3.512500047683715820e+00 -8.999999761581420898e-01
2.724999904632568359e+00 4.000000059604644775e-01
2.162499904632568359e+00 7.500000298023223877e-02
1.656250000000000000e+00 -1.500000059604644775e-01
9.175000190734863281e+00 3.500000000000000000e+00
2.368750095367431641e+00 -8.500000238418579102e-01
3.062500000000000000e+00 1.149999976158142090e+00
1.000000014901161194e-01 -2.000000000000000000e+00
5.087500095367431641e+00 -6.499999761581420898e-01
4.750000000000000000e+00 -1.600000023841857910e+00
5.500000119209289551e-01 2.000000000000000000e+00
9.624999761581420898e-01 7.250000238418579102e-01
-5.937499403953552246e-01 1.049999952316284180e+00
3.549999952316284180e+00 -4.199999809265136719e+00
6.250000000000000000e-01 1.450000047683715820e+00
2.181250095367431641e+00 6.000000238418579102e-01
-7.999999523162841797e-01 -8.249999284744262695e-01
2.293750047683715820e+00 -5.000000000000000000e-01
-1.081249952316284180e+00 4.250000119209289551e-01
-3.875000000000000000e+00 2.799999952316284180e+00
2.125000000000000000e+00 2.750000059604644775e-01
1.825000047683715820e+00 1.000000000000000000e+00
2.875000000000000000e+00 -2.200000047683715820e+00
1.375000000000000000e+00 9.750000238418579102e-01
2.781250000000000000e+00 -1.250000000000000000e+00
1.975000023841857910e+00 -3.499999940395355225e-01
4.525000095367431641e+00 -5.000000074505805969e-02
5.124999880790710449e-01 -1.700000047683715820e+00
1.450000047683715820e+00 -3.500000000000000000e+00
9.100000381469726562e+00 2.400000095367431641e+00
1.375000000000000000e+00 -1.500000000000000000e+00
8.499945402145385742e-01 1.249979361891746521e-01
1.375000000000000000e+00 1.299999952316284180e+00
-5.159273147583007812e-01 2.239931821823120117e-01
2.950000047683715820e+00 6.750000119209289551e-01
7.937332391738891602e-01 -2.749945819377899170e-01
-6.677043437957763672e-01 -1.498199254274368286e-01
2.031250000000000000e+00 -8.999999761581420898e-01
-2.937499880790710449e-01 -1.199999928474426270e+00
5.312500000000000000e+00 -1.950000047683715820e+00
1.243749976158142090e+00 5.000000000000000000e-01
2.762500047683715820e+00 -1.100000023841857910e+00
5.574999809265136719e+00 -4.000000000000000000e+00
-8.374819755554199219e-01 -3.249955475330352783e-01
2.200000047683715820e+00 -1.399999976158142090e+00
6.062499880790710449e-01 -1.174999952316284180e+00
-1.475000023841857910e+00 2.200000047683715820e+00
5.574999809265136719e+00 -2.000000029802322388e-01
3.437485396862030029e-01 -1.049996972084045410e+00
1.000000014901161194e-01 -1.950000047683715820e+00
-8.186543583869934082e-01 -2.499791607260704041e-02
-4.999999403953552246e-01 -1.074999928474426270e+00
2.950000047683715820e+00 -5.249999761581420898e-01
8.687499761581420898e-01 -7.500000000000000000e-01
2.950000047683715820e+00 -3.099999904632568359e+00
-3.724999904632568359e+00 3.299999952316284180e+00
1.225000023841857910e+00 6.000000238418579102e-01
5.012499809265136719e+00 -1.049999952316284180e+00
8.687499761581420898e-01 1.200000047683715820e+00
8.687486648559570312e-01 3.749995827674865723e-01
-5.158888697624206543e-01 2.239755988121032715e-01
2.875000000000000000e+00 -1.950000047683715820e+00
2.424999952316284180e+00 2.500000000000000000e+00
6.249999403953552246e-01 -1.024999856948852539e+00
3.474999904632568359e+00 3.200000047683715820e+00
2.724999904632568359e+00 4.749999940395355225e-01
7.375000119209289551e-01 -1.750000000000000000e+00
2.818749904632568359e+00 8.249999880790710449e-01
-4.699999809265136719e+00 1.299999952316284180e+00
-1.250000000000000000e+00 8.000000119209289551e-01
2.762500047683715820e+00 -5.500000119209289551e-01
-2.224999904632568359e+00 3.799999952316284180e+00
2.837500095367431641e+00 -5.000000000000000000e-01
3.099999904632568359e+00 -8.500000238418579102e-01
-3.275000095367431641e+00 -4.000000059604644775e-01
6.025000095367431641e+00 3.700000047683715820e+00
1.112499952316284180e+00 1.500000000000000000e+00
1.937499642372131348e-01 -1.249999880790710449e+00
-3.875000000000000000e+00 1.299999952316284180e+00
2.593750000000000000e+00 2.000000029802322388e-01
4.675000190734863281e+00 5.000000000000000000e+00
2.537499904632568359e+00 5.249999761581420898e-01
6.849999904632568359e+00 -1.000000000000000000e+00
-3.950000047683715820e+00 -2.000000000000000000e+00
1.225000023841857910e+00 -7.749999761581420898e-01
4.750000000000000000e+00 -3.400000095367431641e+00
2.500000000000000000e+00 -4.749999940395355225e-01
4.900000095367431641e+00 2.799999952316284180e+00
-4.250000119209289551e-01 1.500000000000000000e+00
-1.250000000000000000e+00 -1.250000000000000000e-01
1.937500000000000000e+00 3.499999940395355225e-01
6.699999809265136719e+00 -4.900000095367431641e+00
2.650000095367431641e+00 -1.200000047683715820e+00
-1.434038579463958740e-01 6.482810378074645996e-01
4.412499904632568359e+00 -3.000000119209289551e-01
2.481250047683715820e+00 1.024999976158142090e+00
7.300000190734863281e+00 1.899999976158142090e+00
-7.622183561325073242e-01 -4.998622462153434753e-02
-3.500000000000000000e+00 -3.900000095367431641e+00
3.433113992214202881e-01 6.992555856704711914e-01
2.706249952316284180e+00 -1.250000000000000000e-01
3.775000095367431641e+00 1.750000000000000000e+00
-2.562097311019897461e-01 7.998660802841186523e-01
4.370661452412605286e-02 -7.741732001304626465e-01
6.550000190734863281e+00 -3.299999952316284180e+00
1.600000023841857910e+00 -1.399999976158142090e+00
1.262500047683715820e+00 2.249999940395355225e-01
-4.437069892883300781e-01 -7.499511241912841797e-01
1.487499952316284180e+00 1.649999976158142090e+00
1.075000047683715820e+00 -4.500000000000000000e+00
2.424999952316284180e+00 -1.000000014901161194e-01
1.431249976158142090e+00 7.500000000000000000e-01
2.875000000000000000e+00 5.249999761581420898e-01
4.300000190734863281e+00 1.899999976158142090e+00
-7.812500000000000000e-01 9.750000238418579102e-01
1.037500023841857910e+00 1.000000000000000000e+00
1.674999952316284180e+00 4.749999940395355225e-01
3.099999904632568359e+00 1.049999952316284180e+00
-5.562469959259033203e-01 -8.499969244003295898e-01
-2.937267124652862549e-01 8.249371051788330078e-01
-6.499997973442077637e-01 9.249998331069946289e-01
3.250000000000000000e+00 4.000000000000000000e+00
1.562500000000000000e+00 -1.225000023841857910e+00
2.424999952316284180e+00 4.300000190734863281e+00
4.374888241291046143e-01 8.999813199043273926e-01
-1.006249308586120605e+00 7.499996572732925415e-02
4.449999809265136719e+00 4.699999809265136719e+00
1.374958157539367676e-01 -9.999765157699584961e-01
1.862499952316284180e+00 6.999999880790710449e-01
9.437499642372131348e-01 -5.000000000000000000e-01
-6.874998807907104492e-01 9.249998927116394043e-01
2.687500000000000000e+00 -1.049999952316284180e+00
4.074999809265136719e+00 -5.000000074505805969e-02
-5.000000074505805969e-02 1.950000047683715820e+00
6.436687707901000977e-01 3.749789595603942871e-01
8.125000000000000000e-01 -1.225000023841857910e+00
-8.937484622001647949e-01 4.499995112419128418e-01
1.131250023841857910e+00 -1.000000000000000000e+00
1.000000000000000000e+01 -3.000000000000000000e+00
-1.774999976158142090e+00 -1.000000014901161194e-01
9.625000000000000000e+00 1.399999976158142090e+00
5.687500000000000000e+00 -1.700000047683715820e+00
4.562500000000000000e+00 -1.799999952316284180e+00
-4.324999809265136719e+00 -1.100000023841857910e+00
3.924999952316284180e+00 -2.500000000000000000e-01
-1.362499952316284180e+00 -8.500000238418579102e-01
9.550000190734863281e+00 -1.899999976158142090e+00
4.749166071414947510e-01 7.248674035072326660e-01
1.825000047683715820e+00 4.000000000000000000e+00
3.625000000000000000e+00 -1.350000023841857910e+00
3.025000095367431641e+00 8.500000238418579102e-01
2.987499952316284180e+00 -1.024999976158142090e+00
2.837500095367431641e+00 2.750000059604644775e-01
2.931250095367431641e+00 9.250000119209289551e-01
9.249998331069946289e-01 -4.499999582767486572e-01
3.924999952316284180e+00 2.500000000000000000e-01
4.412499904632568359e+00 3.499999940395355225e-01
-5.000000074505805969e-02 -1.649999976158142090e+00
3.999996483325958252e-01 -1.099999308586120605e+00
2.518749952316284180e+00 2.500000000000000000e-01
1.825000047683715820e+00 1.950000047683715820e+00
1.206249952316284180e+00 3.499999940395355225e-01
1.637500047683715820e+00 -1.700000047683715820e+00
1.187500000000000000e+00 -2.750000059604644775e-01
1.075000047683715820e+00 -1.149999976158142090e+00
-3.049999952316284180e+00 3.500000000000000000e+00
2.874988615512847900e-01 1.074997186660766602e+00
7.562248110771179199e-01 -3.249925673007965088e-01
2.706249952316284180e+00 5.500000119209289551e-01
-9.874988198280334473e-01 1.249999031424522400e-01
6.250000000000000000e+00 0.000000000000000000e+00
2.200000047683715820e+00 1.000000014901161194e-01
1.618749976158142090e+00 7.500000298023223877e-02
-5.360860228538513184e-01 3.243090808391571045e-01
-1.156250000000000000e+00 -3.249999880790710449e-01
-3.499999940395355225e-01 2.900000095367431641e+00
6.435431241989135742e-01 -2.999386191368103027e-01
8.874999880790710449e-01 -6.999999880790710449e-01
6.255701184272766113e-03 -6.472753286361694336e-01
5.500000119209289551e-01 4.500000000000000000e+00
2.106250047683715820e+00 2.500000037252902985e-02
7.562499642372131348e-01 -8.249999284744262695e-01
1.918750047683715820e+00 -5.749999880790710449e-01
-1.924999952316284180e+00 -1.000000014901161194e-01
4.749969542026519775e-01 -9.499949812889099121e-01
2.462500095367431641e+00 -2.500000000000000000e-01
2.968750000000000000e+00 8.500000238418579102e-01
3.662499904632568359e+00 1.000000000000000000e+00
-9.124998450279235840e-01 5.999999642372131348e-01
1.600000023841857910e+00 -3.799999952316284180e+00
1.712499976158142090e+00 -7.250000238418579102e-01
2.049999952316284180e+00 4.749999940395355225e-01
2.631249904632568359e+00 -1.149999976158142090e+00
2.837500095367431641e+00 -5.500000119209289551e-01
2.950000047683715820e+00 7.749999761581420898e-01
2.781250000000000000e+00 -1.250000000000000000e-01
3.408186435699462891e-01 -4.708610475063323975e-01
-1.812500000000000000e+00 5.000000000000000000e-01
2.031250000000000000e+00 -5.000000000000000000e-01
-5.740780830383300781e-01 -3.495677113533020020e-01
2.312500000000000000e+00 6.250000000000000000e-01
-8.750000000000000000e-01 -2.400000095367431641e+00
6.062492728233337402e-01 -8.999988436698913574e-01
3.624942600727081299e-01 9.749891757965087891e-01
-9.124926328659057617e-01 1.749990731477737427e-01
2.950000047683715820e+00 -3.750000000000000000e-01
-1.587499976158142090e+00 -1.200000047683715820e+00
5.499510169029235840e-01 3.999773263931274414e-01
-2.599999904632568359e+00 1.000000000000000000e+00
-1.437412649393081665e-01 9.249316453933715820e-01
2.500000000000000000e+00 1.500000059604644775e-01
-5.560469031333923340e-01 5.498356223106384277e-01
9.812499880790710449e-01 1.000000000000000000e+00
5.874999761581420898e-01 1.850000023841857910e+00
-1.212499976158142090e+00 -3.000000119209289551e-01
3.040489256381988525e-01 -5.464286208152770996e-01
2.837500095367431641e+00 -9.499999880790710449e-01
6.400000095367431641e+00 -1.899999976158142090e+00
5.912499904632568359e+00 -2.049999952316284180e+00
4.074999809265136719e+00 -7.500000000000000000e-01
-8.562499880790710449e-01 8.000000119209289551e-01
3.887500047683715820e+00 -7.500000000000000000e-01
2.275000095367431641e+00 -1.749999970197677612e-01
2.499992698431015015e-01 -1.099997878074645996e+00
4.862500190734863281e+00 -4.000000059604644775e-01
-9.875000119209289551e-01 1.549999952316284180e+00
4.337500095367431641e+00 -4.000000059604644775e-01
2.650000095367431641e+00 1.100000023841857910e+00
2.181250095367431641e+00 -7.500000000000000000e-01
2.307045310735702515e-01 6.987924575805664062e-01
-7.246825695037841797e-01 2.249314635992050171e-01
-1.100000023841857910e+00 3.249999880790710449e-01
1.450000047683715820e+00 -1.750000000000000000e+00
-7.250000238418579102e-01 1.100000023841857910e+00
2.575000047683715820e+00 2.750000059604644775e-01
-8.937474489212036133e-01 -3.999992907047271729e-01
4.374828040599822998e-01 -8.749713897705078125e-01
-1.174999952316284180e+00 4.199999809265136719e+00
1.431249976158142090e+00 -1.149999976158142090e+00
-7.437484264373779297e-01 -6.999989151954650879e-01
1.918750047683715820e+00 4.749999940395355225e-01
3.624660968780517578e-01 -8.749388456344604492e-01
2.387500047683715820e+00 -7.749999761581420898e-01
4.224999904632568359e+00 -3.500000000000000000e+00
5.724999904632568359e+00 -3.599999904632568359e+00
9.024999618530273438e+00 1.299999952316284180e+00
3.437500000000000000e+00 1.549999952316284180e+00
-6.873957812786102295e-02 8.998543620109558105e-01
5.311650633811950684e-01 5.498396158218383789e-01
-4.250000119209289551e-01 3.099999904632568359e+00
-6.870052963495254517e-02 7.994102835655212402e-01
2.349999904632568359e+00 -9.750000238418579102e-01
1.881250023841857910e+00 -2.500000000000000000e-01
-5.149041414260864258e-01 -1.241119429469108582e-01
-9.875000119209289551e-01 6.499999761581420898e-01
-1.399999976158142090e+00 -3.099999904632568359e+00
2.593750000000000000e+00 6.999999880790710449e-01
-4.999998211860656738e-01 1.024999737739562988e+00
1.450000047683715820e+00 -3.599999904632568359e+00
-8.747335523366928101e-02 -8.497165441513061523e-01
2.818749904632568359e+00 7.250000238418579102e-01
2.650000095367431641e+00 2.700000047683715820e+00
1.937500000000000000e+00 -3.000000119209289551e-01
3.625000000000000000e+00 -6.499999761581420898e-01
3.061508536338806152e-01 8.248069882392883301e-01
2.650000095367431641e+00 -6.000000238418579102e-01
8.949999809265136719e+00 -2.400000095367431641e+00
-1.325000047683715820e+00 -1.100000023841857910e+00
-2.937342226505279541e-01 -8.499550819396972656e-01
1.600000023841857910e+00 8.750000000000000000e-01
1.899999976158142090e+00 -3.499999940395355225e-01
1.524999976158142090e+00 -5.000000000000000000e-01
6.998553872108459473e-01 -1.999499946832656860e-01
9.774999618530273438e+00 -4.500000000000000000e+00
-9.124998450279235840e-01 -5.999999642372131348e-01
3.887500047683715820e+00 2.049999952316284180e+00
-2.150000095367431641e+00 4.800000190734863281e+00
-8.000000119209289551e-01 -1.799999952316284180e+00
9.024999618530273438e+00 -3.500000000000000000e+00
-5.562453269958496094e-01 8.249952793121337891e-01
9.812499880790710449e-01 7.749999761581420898e-01
1.450000047683715820e+00 -7.749999761581420898e-01
-6.491610407829284668e-01 2.497678399085998535e-01
1.993749976158142090e+00 1.200000047683715820e+00
-4.435017108917236328e-01 6.247391104698181152e-01
1.806249976158142090e+00 8.750000000000000000e-01
3.059662878513336182e-01 -7.494721412658691406e-01
4.224999904632568359e+00 -3.499999940395355225e-01
8.274999618530273438e+00 4.300000190734863281e+00
-4.437498450279235840e-01 1.049999713897705078e+00
2.087500095367431641e+00 4.749999940395355225e-01
2.706249952316284180e+00 -3.249999880790710449e-01
2.762500047683715820e+00 -8.249999880790710449e-01
5.050000190734863281e+00 -4.800000190734863281e+00
2.068749904632568359e+00 -5.249999761581420898e-01
-7.436069846153259277e-01 -2.999616265296936035e-01
3.812468051910400391e-01 9.999940991401672363e-01
-7.624967098236083984e-01 -6.249980926513671875e-01
-4.400000095367431641e+00 -3.000000119209289551e-01
2.162499904632568359e+00 -1.024999976158142090e+00
2.875000000000000000e+00 4.099999904632568359e+00
-5.374999642372131348e-01 1.100000023841857910e+00
1.056249976158142090e+00 5.749999880790710449e-01
-6.499999761581420898e-01 -4.199999809265136719e+00
5.949999809265136719e+00 5.000000000000000000e-01
2.706249952316284180e+00 1.250000000000000000e-01
-4.550000190734863281e+00 -4.599999904632568359e+00
3.962500095367431641e+00 1.350000023841857910e+00
-9.499999880790710449e-01 -4.500000000000000000e+00
8.500000000000000000e+00 4.800000190734863281e+00
2.724999904632568359e+00 -2.799999952316284180e+00
3.549999952316284180e+00 1.100000023841857910e+00
2.837500095367431641e+00 3.000000119209289551e-01
9.624999761581420898e-01 -1.600000023841857910e+00
6.812395453453063965e-01 4.749963283538818359e-01
2.631249904632568359e+00 -2.500000000000000000e-01
5.724999904632568359e+00 4.500000000000000000e+00
1.112499952316284180e+00 -2.500000037252902985e-02
7.000000000000000000e+00 4.500000000000000000e+00
9.550000190734863281e+00 -3.799999952316284180e+00
1.149999976158142090e+00 7.500000000000000000e-01
5.012499809265136719e+00 -1.799999952316284180e+00
4.974999904632568359e+00 5.000000074505805969e-02
1.918750047683715820e+00 2.249999940395355225e-01
8.125000000000000000e-01 8.499999642372131348e-01
-1.512500047683715820e+00 5.000000000000000000e-01
1.225000023841857910e+00 7.500000000000000000e-01
3.887500047683715820e+00 -4.499999880790710449e-01
5.124987959861755371e-01 -4.249127209186553955e-01
1.656250000000000000e+00 -1.100000023841857910e+00
6.812456250190734863e-01 5.249966382980346680e-01
-2.750000000000000000e+00 -5.000000000000000000e-01
2.293750047683715820e+00 -6.750000119209289551e-01
1.093750000000000000e+00 1.250000000000000000e+00
2.500000037252902985e-02 4.199999809265136719e+00
2.256249904632568359e+00 -1.250000000000000000e-01
1.243749976158142090e+00 -6.250000000000000000e-01
1.543750047683715820e+00 8.249999880790710449e-01
2.124999761581420898e-01 -1.249999880790710449e+00
6.025000095367431641e+00 -1.549999952316284180e+00
-2.224999904632568359e+00 4.900000095367431641e+00
4.210315346717834473e-01 3.016689419746398926e-01
6.811691522598266602e-01 4.995733126997947693e-02
4.974999904632568359e+00 4.599999904632568359e+00
1.562500000000000000e+00 -1.749999970197677612e-01
7.749999761581420898e-01 1.399999976158142090e+00
2.106250047683715820e+00 -2.750000059604644775e-01
-1.624977439641952515e-01 9.999826550483703613e-01
-3.500000000000000000e+00 3.900000095367431641e+00
-1.812499761581420898e-01 -1.224999785423278809e+00
-2.075000047683715820e+00 4.199999809265136719e+00
1.933851391077041626e-01 -7.240077257156372070e-01
8.499955534934997559e-01 -2.749985456466674805e-01
4.599999904632568359e+00 9.499999880790710449e-01
2.424999952316284180e+00 -2.500000037252902985e-02
6.849999904632568359e+00 2.000000029802322388e-01
-2.299999952316284180e+00 -5.000000000000000000e-01
9.175000190734863281e+00 3.099999904632568359e+00
3.812500000000000000e+00 4.000000059604644775e-01
2.724999904632568359e+00 -3.750000000000000000e-01
5.349999904632568359e+00 2.900000095367431641e+00
-5.000000000000000000e+00 -4.099999904632568359e+00
3.062304854393005371e-01 -9.249595999717712402e-01
3.549999952316284180e+00 4.499999880790710449e-01
3.611765801906585693e-01 5.729604363441467285e-01
5.162499904632568359e+00 -1.399999976158142090e+00
-1.024999499320983887e+00 2.499999292194843292e-02
-4.400000095367431641e+00 2.700000047683715820e+00
-9.499999284744262695e-01 5.999999642372131348e-01
2.310965359210968018e-01 7.996281981468200684e-01
1.731250047683715820e+00 -4.250000119209289551e-01
-6.687258481979370117e-01 -5.999835729598999023e-01
6.249994784593582153e-02 1.174999117851257324e+00
1.637500047683715820e+00 -9.499999880790710449e-01
2.387500047683715820e+00 8.249999880790710449e-01
7.749701738357543945e-01 -1.249893605709075928e-01
3.625000000000000000e+00 4.900000095367431641e+00
-1.998269408941268921e-01 6.993292570114135742e-01
-1.475000023841857910e+00 2.700000047683715820e+00
2.200000047683715820e+00 -9.250000119209289551e-01
2.049999952316284180e+00 -1.225000023841857910e+00
1.299999952316284180e+00 7.250000238418579102e-01
6.400000095367431641e+00 -5.000000000000000000e+00
1.581249952316284180e+00 5.000000000000000000e-01
4.750000000000000000e+00 -3.099999904632568359e+00
-1.174999952316284180e+00 -2.000000029802322388e-01
6.437447667121887207e-01 5.749897956848144531e-01
2.012500047683715820e+00 1.100000023841857910e+00
3.887500047683715820e+00 5.000000000000000000e-01
6.849999904632568359e+00 3.700000047683715820e+00
2.799999952316284180e+00 -3.750000000000000000e-01
4.787499904632568359e+00 6.999999880790710449e-01
2.631249904632568359e+00 4.749999940395355225e-01
-5.562344193458557129e-01 7.499849796295166016e-01
2.049999952316284180e+00 2.200000047683715820e+00
-8.562452793121337891e-01 -4.249985516071319580e-01
-8.750000000000000000e-01 -8.999999761581420898e-01
2.312500000000000000e+00 1.000000000000000000e+00
-7.624955773353576660e-01 -5.999975800514221191e-01
1.581249952316284180e+00 8.999999761581420898e-01
-3.124939650297164917e-02 -1.024980664253234863e+00
1.562500000000000000e+00 -6.999999880790710449e-01
1.524999976158142090e+00 -8.000000119209289551e-01
2.706249952316284180e+00 -8.750000000000000000e-01
2.125000059604644775e-01 1.500000000000000000e+00
9.999997168779373169e-02 1.224999666213989258e+00
1.956249952316284180e+00 -2.750000059604644775e-01
-2.935772836208343506e-01 -6.746638417243957520e-01
2.049999952316284180e+00 -9.250000119209289551e-01
2.049999952316284180e+00 -5.249999761581420898e-01
-2.750000000000000000e+00 4.900000095367431641e+00
1.674999952316284180e+00 -3.500000000000000000e+00
-7.249142527580261230e-01 -3.999682664871215820e-01
2.443749904632568359e+00 -3.750000000000000000e-01
1.393749952316284180e+00 -7.250000238418579102e-01
-1.174999952316284180e+00 1.250000000000000000e-01
5.349999904632568359e+00 4.699999809265136719e+00
-1.812487095594406128e-01 -1.024990677833557129e+00
-8.187464475631713867e-01 5.249984860420227051e-01
2.462500095367431641e+00 1.049999952316284180e+00
2.406250000000000000e+00 -3.750000000000000000e-01
5.762499809265136719e+00 1.000000000000000000e+00
8.312473893165588379e-01 -3.999993205070495605e-01
2.781250000000000000e+00 1.075000047683715820e+00
-2.559560835361480713e-01 -6.243401169776916504e-01
-5.374999642372131348e-01 1.149999976158142090e+00
-4.099999904632568359e+00 -3.000000119209289551e-01
-2.150000095367431641e+00 1.899999976158142090e+00
6.436488032341003418e-01 -4.993873089551925659e-02
1.018749952316284180e+00 2.249999791383743286e-01
2.612499952316284180e+00 -2.249999940395355225e-01
2.875000000000000000e+00 -1.225000023841857910e+00
-7.250000238418579102e-01 -3.900000095367431641e+00
1.112499952316284180e+00 -6.000000238418579102e-01
-5.562499165534973145e-01 -1.049999952316284180e+00
2.443749904632568359e+00 1.149999976158142090e+00
5.949999809265136719e+00 6.499999761581420898e-01
1.037500023841857910e+00 1.950000047683715820e+00
-6.875000000000000000e-01 -1.149999976158142090e+00
-1.250000000000000000e+00 1.350000023841857910e+00
4.150000095367431641e+00 1.649999976158142090e+00
2.893749952316284180e+00 -9.499999880790710449e-01
9.999880939722061157e-02 1.049989461898803711e+00
2.087500095367431641e+00 -4.250000119209289551e-01
-3.125000000000000000e+00 -2.500000000000000000e+00
-3.575000047683715820e+00 2.000000000000000000e+00
2.500000000000000000e-01 -2.299999952316284180e+00
2.125000000000000000e+00 5.500000119209289551e-01
-2.375000000000000000e+00 1.299999952316284180e+00
2.537499904632568359e+00 -1.500000000000000000e+00
1.187500000000000000e+00 -8.000000119209289551e-01
2.668750047683715820e+00 -6.750000119209289551e-01
-1.062084063887596130e-01 8.246366381645202637e-01
-1.024999618530273438e+00 -7.499998062849044800e-02
7.937499880790710449e-01 9.250000119209289551e-01
2.631249904632568359e+00 8.750000000000000000e-01
-8.937332034111022949e-01 -5.732744834396896749e-10
9.550000190734863281e+00 -2.099999904632568359e+00
2.143749952316284180e+00 -1.250000000000000000e+00
-3.950000047683715820e+00 -3.700000047683715820e+00
1.656250000000000000e+00 -1.200000047683715820e+00
1.750000000000000000e+00 -5.749999880790710449e-01
3.062500000000000000e+00 1.299999952316284180e+00
-6.874718517065048218e-02 9.749566316604614258e-01
4.337500095367431641e+00 -1.200000047683715820e+00
-8.562451004981994629e-01 -4.249984920024871826e-01
4.862500190734863281e+00 1.200000047683715820e+00
5.199999809265136719e+00 4.599999904632568359e+00
3.662499904632568359e+00 -1.850000023841857910e+00
8.875000000000000000e+00 4.099999904632568359e+00
6.250000000000000000e-01 -1.600000023841857910e+00
1.018749952316284180e+00 6.499999761581420898e-01
3.025000095367431641e+00 3.499999940395355225e-01
-9.499978423118591309e-01 -2.249996811151504517e-01
1.806249976158142090e+00 -9.499999880790710449e-01
1.562500000000000000e+00 1.250000000000000000e-01
-1.700000047683715820e+00 5.000000000000000000e-01
2.312500000000000000e+00 -7.500000000000000000e-01
2.818749904632568359e+00 1.049999952316284180e+00
1.262500047683715820e+00 -1.149999976158142090e+00
3.549999952316284180e+00 1.799999952316284180e+00
5.724999904632568359e+00 -1.350000023841857910e+00
4.937500000000000000e+00 -1.450000047683715820e+00
8.312500119209289551e-01 -1.024999976158142090e+00
1.748185008764266968e-01 -7.744088172912597656e-01
3.249999880790710449e-01 -1.950000047683715820e+00
-2.000000029802322388e-01 -1.649999976158142090e+00
5.675258636474609375e-01 1.745882928371429443e-01
5.874795913696289062e-01 -5.499574542045593262e-01
4.937500059604644775e-01 -1.225000023841857910e+00
2.781250000000000000e+00 3.249999880790710449e-01
4.412499904632568359e+00 2.000000029802322388e-01
2.049999952316284180e+00 -5.000000000000000000e-01
-3.125000000000000000e+00 4.800000190734863281e+00
-5.916904807090759277e-01 -1.994533538818359375e-01
7.749999761581420898e-01 -8.499999642372131348e-01
7.374995946884155273e-01 6.249994039535522461e-01
3.625000000000000000e+00 2.200000047683715820e+00
2.349999904632568359e+00 -4.000000000000000000e+00
7.150000095367431641e+00 -4.400000095367431641e+00
1.768749952316284180e+00 7.500000298023223877e-02
-1.811447292566299438e-01 -7.494932413101196289e-01
1.562500000000000000e+00 1.049999952316284180e+00
2.537499904632568359e+00 6.999999880790710449e-01
-8.749849796295166016e-01 -2.249974906444549561e-01
5.012499809265136719e+00 6.999999880790710449e-01
-5.187394618988037109e-01 7.999891042709350586e-01
2.968750000000000000e+00 -8.500000238418579102e-01
7.562500238418579102e-01 -1.100000023841857910e+00
4.037499904632568359e+00 -1.000000000000000000e+00
-2.599999904632568359e+00 1.299999952316284180e+00
2.481250047683715820e+00 -3.000000119209289551e-01
7.900000095367431641e+00 1.600000023841857910e+00
5.312434434890747070e-01 -8.499894738197326660e-01
1.712499976158142090e+00 -4.499999880790710449e-01
8.125000000000000000e-01 1.149999976158142090e+00
1.524999976158142090e+00 -8.249999880790710449e-01
-3.122076392173767090e-01 6.245399117469787598e-01
1.412500023841857910e+00 8.000000119209289551e-01
-1.325000047683715820e+00 -4.800000190734863281e+00
-8.749969601631164551e-01 4.249990880489349365e-01
7.937499880790710449e-01 1.200000047683715820e+00
2.462500095367431641e+00 1.950000047683715820e+00
1.356250047683715820e+00 -1.024999976158142090e+00
-9.499999880790710449e-01 3.799999952316284180e+00
-2.937499880790710449e-01 -1.199999928474426270e+00
-3.724999904632568359e+00 -2.400000095367431641e+00
5.762499809265136719e+00 -3.000000119209289551e-01
5.987500190734863281e+00 -6.499999761581420898e-01
1.956249952316284180e+00 -3.000000119209289551e-01
7.675000190734863281e+00 4.599999904632568359e+00
-5.926307439804077148e-01 2.995801270008087158e-01
1.262500047683715820e+00 -5.749999880790710449e-01
3.212500095367431641e+00 -9.499999880790710449e-01
-2.825000047683715820e+00 -5.000000000000000000e+00
-2.599999904632568359e+00 -2.500000000000000000e+00
-9.687498807907104492e-01 -4.999999701976776123e-01
8.499987125396728516e-01 4.249996542930603027e-01
2.500000037252902985e-02 -3.700000047683715820e+00
-9.687491655349731445e-01 2.999998331069946289e-01
2.612499952316284180e+00 7.500000298023223877e-02
-4.985387325286865234e-01 3.490994870662689209e-01
1.787500023841857910e+00 -1.250000000000000000e+00
1.431249976158142090e+00 -3.000000119209289551e-01
3.625000000000000000e+00 3.000000000000000000e+00
1.075000047683715820e+00 3.249999880790710449e-01
1.993749976158142090e+00 -6.499999761581420898e-01
2.087500095367431641e+00 -2.500000037252902985e-02
-4.625000000000000000e+00 5.000000000000000000e-01
1.056249976158142090e+00 -1.075000047683715820e+00
7.074999809265136719e+00 -1.700000047683715820e+00
7.300000190734863281e+00 -3.700000047683715820e+00
4.712500095367431641e+00 1.950000047683715820e+00
6.062499284744262695e-01 -1.049999952316284180e+00
-4.474999904632568359e+00 2.700000047683715820e+00
-3.875000000000000000e+00 1.100000023841857910e+00
1.787500023841857910e+00 -2.000000029802322388e-01
3.436931073665618896e-01 -8.498955965042114258e-01
1.186212226748466492e-01 7.742990851402282715e-01
1.918750047683715820e+00 -6.250000000000000000e-01
2.724999904632568359e+00 4.599999904632568359e+00
2.668750047683715820e+00 -5.249999761581420898e-01
4.374477267265319824e-01 7.999148964881896973e-01
2.031250000000000000e+00 -8.249999880790710449e-01
3.250000000000000000e+00 2.799999952316284180e+00
2.256249904632568359e+00 -6.250000000000000000e-01
6.699999809265136719e+00 -4.000000000000000000e+00
-2.374990284442901611e-01 1.024994730949401855e+00
1.431249976158142090e+00 3.249999880790710449e-01
2.162499904632568359e+00 -8.750000000000000000e-01
-3.275000095367431641e+00 1.899999976158142090e+00
3.025000095367431641e+00 -1.750000000000000000e+00
5.800000190734863281e+00 5.500000119209289551e-01
1.149999976158142090e+00 8.999999761581420898e-01
4.487500190734863281e+00 -1.299999952316284180e+00
8.687499761581420898e-01 -9.499999880790710449e-01
6.437488198280334473e-01 -7.999978661537170410e-01
1.131250023841857910e+00 -3.023016212355678078e-11
-2.561436295509338379e-01 7.246994376182556152e-01
9.624999761581420898e-01 -4.749999940395355225e-01
2.837500095367431641e+00 1.500000059604644775e-01
4.562365114688873291e-01 8.749778270721435547e-01
3.587500095367431641e+00 1.500000000000000000e+00
4.525000095367431641e+00 1.000000014901161194e-01
5.687451958656311035e-01 8.249922394752502441e-01
2.837500095367431641e+00 -3.000000119209289551e-01
2.968750000000000000e+00 -8.999999761581420898e-01
2.087500095367431641e+00 -4.250000119209289551e-01
4.000000059604644775e-01 -1.649999976158142090e+00
-5.749999880790710449e-01 -4.599999904632568359e+00
3.400000095367431641e+00 5.000000000000000000e-01
2.125000000000000000e+00 -2.249999940395355225e-01
2.349999904632568359e+00 3.299999952316284180e+00
-3.867907226085662842e-01 5.492150187492370605e-01
8.800000190734863281e+00 -1.100000023841857910e+00
-2.974999904632568359e+00 -1.899999976158142090e+00
5.724999904632568359e+00 -6.000000238418579102e-01
3.512500047683715820e+00 -8.000000119209289551e-01
-1.062465161085128784e-01 9.749626517295837402e-01
1.637500047683715820e+00 -1.549999952316284180e+00
2.968750000000000000e+00 3.000000119209289551e-01
6.999990344047546387e-01 6.249981522560119629e-01
1.975000023841857910e+00 5.000000000000000000e-01
9.699999809265136719e+00 -3.500000000000000000e+00
3.474999904632568359e+00 2.500000000000000000e+00
-4.249522089958190918e-01 -7.499432563781738281e-01
7.187500000000000000e-01 9.749999642372131348e-01
5.875000000000000000e+00 -4.500000000000000000e+00
1.750000000000000000e+00 1.075000047683715820e+00
1.056249976158142090e+00 -1.250000000000000000e+00
5.650000095367431641e+00 -6.000000238418579102e-01
2.406250000000000000e+00 -1.250000000000000000e+00
-7.437489032745361328e-01 -7.249992489814758301e-01
2.875000000000000000e+00 -0.000000000000000000e+00
4.187500000000000000e+00 -1.000000014901161194e-01
-2.000000000000000000e+00 -2.500000000000000000e+00
2.237499952316284180e+00 1.299999952316284180e+00
1.037500023841857910e+00 4.999999329447746277e-02
3.249990344047546387e-01 1.074997901916503906e+00
3.775000095367431641e+00 -8.000000119209289551e-01
2.687500000000000000e+00 -2.000000000000000000e+00
1.975000023841857910e+00 5.749999880790710449e-01
3.249994516372680664e-01 -1.099998831748962402e+00
1.937416642904281616e-01 9.749707579612731934e-01
-1.081249952316284180e+00 -3.750000000000000000e-01
-2.559584081172943115e-01 6.243455410003662109e-01
-3.124999701976776123e-01 1.174999833106994629e+00
2.143749952316284180e+00 -4.000000059604644775e-01
2.575000047683715820e+00 -2.000000029802322388e-01
2.049999952316284180e+00 2.249999940395355225e-01
2.612499952316284180e+00 1.700000047683715820e+00
1.000000000000000000e+00 -1.700000047683715820e+00
2.706249952316284180e+00 1.000000000000000000e+00
-8.749973028898239136e-02 1.099996089935302734e+00
-4.775000095367431641e+00 3.000000119209289551e-01
3.512500047683715820e+00 4.499999880790710449e-01
-9.312490820884704590e-01 3.999997377395629883e-01
2.443749904632568359e+00 5.749999880790710449e-01
-6.687470078468322754e-01 -7.499975562095642090e-01
4.900000095367431641e+00 -1.799999952316284180e+00
-2.000000000000000000e+00 -2.700000047683715820e+00
1.600000023841857910e+00 4.599999904632568359e+00
1.281250000000000000e+00 1.174999952316284180e+00
-8.749875426292419434e-02 -1.024983406066894531e+00
3.137500047683715820e+00 1.649999976158142090e+00
8.874999880790710449e-01 1.500000000000000000e+00
2.631249904632568359e+00 -3.000000119209289551e-01
-1.249943375587463379e-01 -9.499485492706298828e-01
5.237500190734863281e+00 1.250000000000000000e+00
-4.999967291951179504e-02 1.074992656707763672e+00
8.574999809265136719e+00 3.500000000000000000e+00
8.800000190734863281e+00 5.000000000000000000e+00
7.898636162281036377e-02 -4.931455552577972412e-01
4.074999809265136719e+00 -5.500000119209289551e-01
7.749826312065124512e-01 3.249945938587188721e-01
6.625000000000000000e+00 -3.200000047683715820e+00
5.949999809265136719e+00 -1.850000023841857910e+00
-1.399999976158142090e+00 -3.400000095367431641e+00
1.375000000000000000e+00 2.249999940395355225e-01
2.912499904632568359e+00 -1.225000023841857910e+00
1.899999976158142090e+00 -3.249999880790710449e-01
1.243749976158142090e+00 -3.499999940395355225e-01
2.968750000000000000e+00 -2.249999940395355225e-01
-4.699999809265136719e+00 2.700000047683715820e+00
2.724999904632568359e+00 1.250000000000000000e+00
1.956249952316284180e+00 8.999999761581420898e-01
2.500000000000000000e+00 1.225000023841857910e+00
3.099999904632568359e+00 -3.700000047683715820e+00
2.987499952316284180e+00 6.750000119209289551e-01
-8.750000000000000000e-01 -1.600000023841857910e+00
2.743750095367431641e+00 7.749999761581420898e-01
5.724999904632568359e+00 1.850000023841857910e+00
-5.374913811683654785e-01 -7.999912500381469727e-01
-1.325000047683715820e+00 1.799999952316284180e+00
5.312017798423767090e-01 4.748751223087310791e-01
5.682885050773620605e-01 7.469338178634643555e-02
2.537499904632568359e+00 -1.000000000000000000e+00
7.375000119209289551e-01 -1.125000000000000000e+00
2.612499952316284180e+00 -6.499999761581420898e-01
-3.680447340011596680e-01 -5.491891503334045410e-01
1.375000000000000000e+00 -3.000000119209289551e-01
2.305315136909484863e-01 6.734434366226196289e-01
2.368750095367431641e+00 -2.000000029802322388e-01
7.937491536140441895e-01 5.249997973442077637e-01
7.749999761581420898e-01 -1.500000000000000000e+00
1.075000047683715820e+00 4.499999880790710449e-01
-1.137500047683715820e+00 4.250000119209289551e-01
7.074999809265136719e+00 -3.500000000000000000e+00
2.687500000000000000e+00 9.250000119209289551e-01
5.125000000000000000e+00 -1.850000023841857910e+00
1.149999976158142090e+00 -6.750000119209289551e-01
1.899999976158142090e+00 -5.249999761581420898e-01
5.349999904632568359e+00 -1.350000023841857910e+00
2.556250095367431641e+00 -0.000000000000000000e+00
2.724999904632568359e+00 4.800000190734863281e+00
2.275000095367431641e+00 -2.000000000000000000e+00
2.218750000000000000e+00 4.000000059604644775e-01
-1.475000023841857910e+00 -9.499999880790710449e-01
-1.700000047683715820e+00 -1.899999976158142090e+00
6.474999904632568359e+00 -6.000000238418579102e-01
-7.999421954154968262e-01 -2.749870121479034424e-01
1.431249976158142090e+00 -7.500000000000000000e-01
2.987499952316284180e+00 -9.250000119209289551e-01
3.212500095367431641e+00 -0.000000000000000000e+00
4.375000000000000000e+00 6.000000238418579102e-01
1.181185692548751831e-01 5.472936034202575684e-01
4.525000095367431641e+00 1.950000047683715820e+00
1.562500000000000000e+00 1.649999976158142090e+00
3.512500047683715820e+00 9.499999880790710449e-01
2.987499952316284180e+00 -1.000000000000000000e+00
-1.062444224953651428e-01 9.499420523643493652e-01
4.749999940395355225e-01 3.000000000000000000e+00
3.624858558177947998e-01 -9.249739050865173340e-01
1.112499952316284180e+00 8.249999880790710449e-01
1.749999970197677612e-01 -4.900000095367431641e+00
6.025000095367431641e+00 -9.499999880790710449e-01
3.249823153018951416e-01 9.249650239944458008e-01
-3.575000047683715820e+00 2.299999952316284180e+00
2.724999904632568359e+00 2.500000037252902985e-02
2.312500000000000000e+00 -7.500000000000000000e-01
9.925000190734863281e+00 -5.000000000000000000e+00
2.631249904632568359e+00 -1.500000059604644775e-01
-6.124999523162841797e-01 -1.049999952316284180e+00
-3.200000047683715820e+00 3.799999952316284180e+00
3.399091064929962158e-01 -4.200111627578735352e-01
5.087500095367431641e+00 -1.649999976158142090e+00
2.575000047683715820e+00 6.750000119209289551e-01
2.781250000000000000e+00 -3.499999940395355225e-01
1.674999952316284180e+00 9.250000119209289551e-01
2.950000047683715820e+00 -1.250000000000000000e-01
3.700000047683715820e+00 -2.000000029802322388e-01
5.762499809265136719e+00 -6.499999761581420898e-01
5.162499904632568359e+00 4.499999880790710449e-01
6.437272429466247559e-01 4.499915540218353271e-01
9.100000381469726562e+00 -3.200000047683715820e+00
2.349999904632568359e+00 -7.749999761581420898e-01
1.000000000000000000e+00 1.200000047683715820e+00
1.075000047683715820e+00 -3.500000000000000000e+00
1.787500023841857910e+00 4.749999940395355225e-01
7.937498688697814941e-01 -6.249998807907104492e-01
2.837500095367431641e+00 -3.499999940395355225e-01
3.809331953525543213e-01 -3.233444392681121826e-01
5.462500095367431641e+00 6.000000238418579102e-01
-4.099999904632568359e+00 -3.799999952316284180e+00
4.562442004680633545e-01 9.249903559684753418e-01
-2.299999952316284180e+00 -1.399999976158142090e+00
7.074999809265136719e+00 1.100000023841857910e+00
1.506250023841857910e+00 8.750000000000000000e-01
5.687489509582519531e-01 9.249982833862304688e-01
6.175000190734863281e+00 -4.599999904632568359e+00
4.375000000000000000e+00 -5.500000119209289551e-01
2.687500000000000000e+00 -4.250000119209289551e-01
1.787500023841857910e+00 6.499999761581420898e-01
-9.125000238418579102e-01 -8.999999761581420898e-01
-1.249943375587463379e-01 9.499485492706298828e-01
1.112499952316284180e+00 1.100000023841857910e+00
1.018749952316284180e+00 -2.749999761581420898e-01
2.275000095367431641e+00 5.749999880790710449e-01
1.206249952316284180e+00 8.750000000000000000e-01
1.018749952316284180e+00 -6.000000238418579102e-01
1.356250047683715820e+00 -8.500000238418579102e-01
-2.900000095367431641e+00 1.899999976158142090e+00
5.574999809265136719e+00 1.149999976158142090e+00
-3.724999904632568359e+00 -1.767342899491847149e-33
3.737499952316284180e+00 -1.450000047683715820e+00
-8.749992847442626953e-01 5.499997138977050781e-01
3.437500000000000000e+00 1.899999976158142090e+00
-4.025000095367431641e+00 4.699999809265136719e+00
2.799999952316284180e+00 2.500000000000000000e+00
3.031992018222808838e-01 4.952953755855560303e-01
8.425000190734863281e+00 -8.000000119209289551e-01
2.912499904632568359e+00 -1.749999970197677612e-01
2.125000000000000000e+00 1.100000023841857910e+00
-1.625000000000000000e+00 2.799999952316284180e+00
1.468750000000000000e+00 1.125000000000000000e+00
-7.062500119209289551e-01 -1.049999952316284180e+00
2.575000047683715820e+00 7.500000000000000000e-01
2.687500000000000000e+00 8.999999761581420898e-01
1.843750000000000000e+00 -5.000000000000000000e-01
1.899999976158142090e+00 -1.024999976158142090e+00
1.487499952316284180e+00 -9.750000238418579102e-01
4.752708673477172852e-01 3.751180469989776611e-01
-1.399999976158142090e+00 4.499999880790710449e-01
-4.999999403953552246e-01 1.074999928474426270e+00
1.750000000000000000e+00 -5.000000000000000000e-01
5.500000119209289551e-01 3.900000095367431641e+00
5.462500095367431641e+00 1.600000023841857910e+00
1.768749952316284180e+00 4.000000059604644775e-01
1.562500000000000000e+00 -1.100000023841857910e+00
-4.978726208209991455e-01 2.739934623241424561e-01
-4.061407744884490967e-01 -6.998698711395263672e-01
-2.747737467288970947e-01 -6.495259404182434082e-01
1.862499952316284180e+00 -1.950000047683715820e+00
2.068749904632568359e+00 1.100000023841857910e+00
-7.624729275703430176e-01 -4.499894380569458008e-01
1.637500047683715820e+00 1.500000059604644775e-01
1.168750047683715820e+00 -8.000000119209289551e-01
2.743750095367431641e+00 -3.499999940395355225e-01
8.425000190734863281e+00 2.700000047683715820e+00
-3.496929109096527100e-01 6.245965361595153809e-01
-1.100000023841857910e+00 -4.749999940395355225e-01
2.181250095367431641e+00 6.750000119209289551e-01
3.137500047683715820e+00 8.000000119209289551e-01
-4.925000190734863281e+00 -5.000000000000000000e-01
1.637500047683715820e+00 -1.086282115712388321e-21
-8.000000119209289551e-01 -4.599999904632568359e+00
8.050000190734863281e+00 -4.000000059604644775e-01
2.275000095367431641e+00 -1.200000047683715820e+00
2.482235431671142578e-02 4.987805485725402832e-01
2.181250095367431641e+00 4.499999880790710449e-01
-1.625000000000000000e+00 3.499999940395355225e-01
1.075000047683715820e+00 -2.799999952316284180e+00
1.862499952316284180e+00 1.750000000000000000e+00
-7.062264680862426758e-01 -5.499867200851440430e-01
2.874999940395355225e-01 1.500000000000000000e+00
9.902917593717575073e-02 -5.206095576286315918e-01
8.125000000000000000e+00 -2.099999904632568359e+00
6.250000000000000000e-01 4.099999904632568359e+00
-4.474999904632568359e+00 2.400000095367431641e+00
4.150000095367431641e+00 -1.899999976158142090e+00
1.187500000000000000e+00 -2.249999940395355225e-01
7.675000190734863281e+00 -2.700000047683715820e+00
1.149999976158142090e+00 1.225000023841857910e+00
2.200000047683715820e+00 -7.250000238418579102e-01
7.000000000000000000e+00 -2.500000000000000000e+00
7.224999904632568359e+00 1.600000023841857910e+00
4.937500000000000000e+00 1.799999952316284180e+00
2.275000095367431641e+00 1.149999976158142090e+00
6.055238246917724609e-01 1.497320234775543213e-01
1.750000000000000000e+00 -1.200000047683715820e+00
-4.175000190734863281e+00 -4.900000095367431641e+00
6.811056137084960938e-01 -2.749548852443695068e-01
4.562500000000000000e+00 -8.500000238418579102e-01
5.650000095367431641e+00 -4.699999809265136719e+00
4.487500190734863281e+00 1.700000047683715820e+00
3.512500047683715820e+00 -1.649999976158142090e+00
8.687499761581420898e-01 6.499999761581420898e-01
1.243749976158142090e+00 -1.024999976158142090e+00
2.743750095367431641e+00 -3.750000000000000000e-01
-9.874998927116394043e-01 -4.749999642372131348e-01
3.099999904632568359e+00 1.399999976158142090e+00
2.125000000000000000e+00 -4.599999904632568359e+00
1.600000023841857910e+00 -1.075000047683715820e+00
5.312500000000000000e+00 -2.049999952316284180e+00
9.624999761581420898e-01 6.499999761581420898e-01
-1.549999952316284180e+00 -1.200000047683715820e+00
8.499999046325683594e-01 -5.999999642372131348e-01
1.581249952316284180e+00 7.250000238418579102e-01
1.618749976158142090e+00 4.499999880790710449e-01
-1.193750023841857910e+00 -2.750000059604644775e-01
1.581249952316284180e+00 -7.500000000000000000e-01
-6.682751774787902832e-01 -2.998518645763397217e-01
1.825000047683715820e+00 -1.225000023841857910e+00
3.999990224838256836e-01 1.049998164176940918e+00
6.474999904632568359e+00 8.999999761581420898e-01
5.349999904632568359e+00 -1.299999952316284180e+00
2.668750047683715820e+00 1.749999970197677612e-01
2.499744854867458344e-02 9.248911142349243164e-01
-3.118556737899780273e-01 5.241234898567199707e-01
3.099999904632568359e+00 -6.999999880790710449e-01
6.062369942665100098e-01 -5.499733090400695801e-01
-1.325000047683715820e+00 1.350000023841857910e+00
1.825000047683715820e+00 -1.049999952316284180e+00
1.000000000000000000e+00 -9.750000238418579102e-01
2.031250000000000000e+00 2.000000029802322388e-01
4.340929910540580750e-02 -5.198242664337158203e-01
-1.700000047683715820e+00 2.599999904632568359e+00
-6.484126448631286621e-01 4.989276453852653503e-02
8.499987721443176270e-01 4.249996840953826904e-01
7.562489509582519531e-01 -5.499995946884155273e-01
-6.499992012977600098e-01 8.499992489814758301e-01
-4.474999904632568359e+00 -4.300000190734863281e+00
2.612499952316284180e+00 -5.000000000000000000e-01
-4.953556507825851440e-02 5.704537630081176758e-01
9.437500238418579102e-01 8.249999880790710449e-01
4.749999940395355225e-01 -2.099999904632568359e+00
2.799999952316284180e+00 -5.000000074505805969e-02
2.256249904632568359e+00 4.250000119209289551e-01
-3.111510537564754486e-02 -6.727027893066406250e-01
2.724999904632568359e+00 -2.400000095367431641e+00
-6.685434579849243164e-01 -3.999130725860595703e-01
5.012499809265136719e+00 -1.000000014901161194e-01
1.693750023841857910e+00 1.125000000000000000e+00
-1.174999952316284180e+00 -3.799999952316284180e+00
1.806249976158142090e+00 -1.000000000000000000e+00
5.050000190734863281e+00 1.549999952316284180e+00
9.062499403953552246e-01 5.500000119209289551e-01
3.250000000000000000e+00 -4.500000000000000000e+00
3.662499904632568359e+00 -1.149999976158142090e+00
1.037500023841857910e+00 -1.299999952316284180e+00
2.443749904632568359e+00 -1.125000000000000000e+00
2.218750000000000000e+00 -3.249999880790710449e-01
-4.062496721744537354e-01 1.024999380111694336e+00
-1.399999976158142090e+00 4.599999904632568359e+00
4.375000000000000000e-01 -1.250000000000000000e+00
1.149999976158142090e+00 -4.000000059604644775e-01
3.241584002971649170e-01 6.485754847526550293e-01
-8.748175948858261108e-02 8.747985363006591797e-01
4.375000000000000000e+00 -1.750000000000000000e+00
2.068749904632568359e+00 -2.750000059604644775e-01
-2.150000095367431641e+00 1.399999976158142090e+00
5.800000190734863281e+00 6.499999761581420898e-01
8.125000000000000000e+00 -6.000000238418579102e-01
5.650000095367431641e+00 3.900000095367431641e+00
6.849999904632568359e+00 -3.500000000000000000e+00
6.062500000000000000e+00 1.350000023841857910e+00
-3.200000047683715820e+00 4.699999809265136719e+00
-3.125000000000000000e+00 -3.886721628180311159e-29
-4.437492489814758301e-01 9.749989509582519531e-01
-4.250000000000000000e+00 2.099999904632568359e+00
-8.000000119209289551e-01 1.350000023841857910e+00
3.512500047683715820e+00 -1.899999976158142090e+00
-2.187397032976150513e-01 8.999482989311218262e-01
4.749166071414947510e-01 7.248674035072326660e-01
1.862499952316284180e+00 -1.149999976158142090e+00
-4.812494218349456787e-01 -9.749993085861206055e-01
-2.937493026256561279e-01 -1.024997234344482422e+00
5.949999809265136719e+00 -2.299999952316284180e+00
4.712500095367431641e+00 7.500000000000000000e-01
-1.250000000000000000e+00 4.599999904632568359e+00
-1.887500047683715820e+00 -4.000000059604644775e-01
1.243749976158142090e+00 -1.000000000000000000e+00
2.406250000000000000e+00 -1.250000000000000000e-01
1.056249976158142090e+00 8.000000119209289551e-01
2.631249904632568359e+00 2.750000059604644775e-01
-4.602362513542175293e-01 2.737260460853576660e-01
-8.187413215637207031e-01 4.499969482421875000e-01
-4.062435030937194824e-01 8.749905228614807129e-01
6.550000190734863281e+00 1.299999952316284180e+00
-5.187497735023498535e-01 9.999997019767761230e-01
4.412499904632568359e+00 -1.299999952316284180e+00
-4.999913275241851807e-02 1.024981498718261719e+00
-7.812500000000000000e-01 -9.499999880790710449e-01
4.074999809265136719e+00 4.500000000000000000e+00
2.687500000000000000e+00 -2.500000037252902985e-02
-8.187500238418579102e-01 9.499999880790710449e-01
5.686377882957458496e-01 3.749753236770629883e-01
4.025874137878417969e-01 -3.269247710704803467e-01
1.318750023841857910e+00 -9.250000119209289551e-01
2.406250000000000000e+00 5.000000000000000000e-01
7.562499642372131348e-01 9.249999523162841797e-01
1.431249976158142090e+00 8.249999880790710449e-01
5.125000000000000000e+00 -1.250000000000000000e+00
2.818749904632568359e+00 -1.749999970197677612e-01
4.525000095367431641e+00 6.499999761581420898e-01
2.331249952316284180e+00 -1.100000023841857910e+00
1.750000000000000000e+00 1.549999952316284180e+00
9.812498688697814941e-01 2.249999493360519409e-01
6.624802350997924805e-01 -4.499939382076263428e-01
3.625000000000000000e+00 1.850000023841857910e+00
-3.687101006507873535e-01 7.749400734901428223e-01
-3.875000000000000000e+00 1.200000047683715820e+00
2.387500047683715820e+00 -2.000000029802322388e-01
9.998212754726409912e-02 8.998622298240661621e-01
2.310343682765960693e-01 -7.744893431663513184e-01
6.060154438018798828e-01 3.249346613883972168e-01
2.799999952316284180e+00 -3.400000095367431641e+00
1.825000047683715820e+00 -8.750000000000000000e-01
5.574999809265136719e+00 3.000000119209289551e-01
1.431249976158142090e+00 -9.499999880790710449e-01
1.131250023841857910e+00 8.750000000000000000e-01
4.553483128547668457e-01 2.496720999479293823e-01
2.443749904632568359e+00 7.500000000000000000e-01
2.312500000000000000e+00 7.250000238418579102e-01
2.181250095367431641e+00 -4.000000059604644775e-01
2.987499952316284180e+00 -7.749999761581420898e-01
-5.187003612518310547e-01 -6.999512314796447754e-01
-1.624999046325683594e-01 1.149999141693115234e+00
6.999998688697814941e-01 8.499997258186340332e-01
1.956249952316284180e+00 1.100000023841857910e+00
2.049999952316284180e+00 2.000000029802322388e-01
2.406250000000000000e+00 -6.750000119209289551e-01
9.624999165534973145e-01 3.999999761581420898e-01
-1.250000000000000000e-01 4.400000095367431641e+00
7.562499046325683594e-01 -6.999997496604919434e-01
9.399999618530273438e+00 -1.299999952316284180e+00
1.375000000000000000e+00 -3.499999940395355225e-01
-1.024999976158142090e+00 -4.599999904632568359e+00
7.224999904632568359e+00 2.500000000000000000e+00
-3.799999952316284180e+00 -4.800000190734863281e+00
-1.924999952316284180e+00 2.099999904632568359e+00
7.150000095367431641e+00 -2.299999952316284180e+00
7.300000190734863281e+00 -1.500000000000000000e+00
7.374632954597473145e-01 3.249887824058532715e-01
2.275000095367431641e+00 -2.249999940395355225e-01
8.874979615211486816e-01 9.999930113554000854e-02
-8.187358975410461426e-01 -3.999956250190734863e-01
2.387500047683715820e+00 -1.125000000000000000e+00
1.149999976158142090e+00 -4.749999940395355225e-01
7.374330759048461914e-01 2.249760180711746216e-01
3.549999952316284180e+00 -1.950000047683715820e+00
1.881250023841857910e+00 -2.750000059604644775e-01
-3.874999880790710449e-01 -1.500000000000000000e+00
1.037500023841857910e+00 1.075000047683715820e+00
2.218750000000000000e+00 -6.250000000000000000e-01
2.424999952316284180e+00 -4.250000119209289551e-01
9.437500238418579102e-01 6.499999761581420898e-01
-6.872672587633132935e-02 -8.496984243392944336e-01
-2.744832038879394531e-01 4.991221129894256592e-01
9.985385835170745850e-02 -7.490274906158447266e-01
-1.774999976158142090e+00 2.400000095367431641e+00
2.162499904632568359e+00 -5.000000074505805969e-02
-4.775000095367431641e+00 4.900000095367431641e+00
7.900000095367431641e+00 3.000000000000000000e+00
4.675000190734863281e+00 4.000000000000000000e+00
6.849999904632568359e+00 4.900000095367431641e+00
8.125000000000000000e-01 -8.499999642372131348e-01
1.187500000000000000e+00 -2.000000029802322388e-01
9.100000381469726562e+00 1.000000000000000000e+00
-1.700000047683715820e+00 5.000000074505805969e-02
6.849999904632568359e+00 2.000000000000000000e+00
6.999994516372680664e-01 -7.249988913536071777e-01
8.687499761581420898e-01 -1.024999976158142090e+00
2.012500047683715820e+00 1.149999976158142090e+00
2.837500095367431641e+00 -2.500000000000000000e-01
2.687500000000000000e+00 8.500000238418579102e-01
4.900000095367431641e+00 8.500000238418579102e-01
1.000000014901161194e-01 3.200000047683715820e+00
4.558646380901336670e-01 -5.743896961212158203e-01
2.593750000000000000e+00 3.499999940395355225e-01
1.075000047683715820e+00 1.000000000000000000e+00
-2.374993860721588135e-01 -1.049996495246887207e+00
1.318750023841857910e+00 1.100000023841857910e+00
1.393749952316284180e+00 1.000000014901161194e-01
-1.024999976158142090e+00 -6.250000000000000000e-01
5.650000095367431641e+00 3.000000119209289551e-01
-5.370987653732299805e-01 -4.996845126152038574e-01
-1.924999952316284180e+00 4.499999880790710449e-01
1.806249976158142090e+00 1.024999976158142090e+00
-2.187499850988388062e-01 -1.274999976158142090e+00
2.781250000000000000e+00 -3.000000119209289551e-01
1.862499952316284180e+00 2.500000000000000000e-01
2.387500047683715820e+00 1.549999952316284180e+00
2.200000047683715820e+00 7.500000000000000000e-01
-1.043750047683715820e+00 5.249999761581420898e-01
6.025000095367431641e+00 -6.999999880790710449e-01
1.956249952316284180e+00 -2.500000000000000000e-01
5.349999904632568359e+00 -3.000000000000000000e+00
8.500000000000000000e+00 4.300000190734863281e+00
1.206249952316284180e+00 -2.750000059604644775e-01
2.331249952316284180e+00 -1.000000000000000000e+00
-9.312472939491271973e-01 2.749994993209838867e-01
2.368750095367431641e+00 -3.249999880790710449e-01
8.949999809265136719e+00 -1.399999976158142090e+00
5.498246550559997559e-01 -3.499709367752075195e-01
-1.245976798236370087e-02 7.235350012779235840e-01
-7.061564326286315918e-01 -4.249613583087921143e-01
2.049999952316284180e+00 5.500000119209289551e-01
4.712500095367431641e+00 -1.899999976158142090e+00
1.524999976158142090e+00 -3.499999940395355225e-01
2.677849233150482178e-01 6.481693983078002930e-01
6.812487840652465820e-01 6.749974489212036133e-01
1.018749952316284180e+00 5.749999880790710449e-01
2.799999952316284180e+00 1.899999976158142090e+00
-6.499999761581420898e-01 -1.149999976158142090e+00
2.349999904632568359e+00 -1.049999952316284180e+00
2.575000047683715820e+00 -8.500000238418579102e-01
-3.500000000000000000e+00 1.500000000000000000e+00
-3.499965071678161621e-01 9.249922633171081543e-01
2.500000000000000000e+00 -6.750000119209289551e-01
7.937368750572204590e-01 -6.767280069652770180e-07
2.122891247272491455e-01 7.744548320770263672e-01
3.137500047683715820e+00 1.600000023841857910e+00
2.818749904632568359e+00 1.250000000000000000e-01
2.275000095367431641e+00 5.000000000000000000e-01
2.293750047683715820e+00 -1.024999976158142090e+00
2.349999904632568359e+00 -3.499999940395355225e-01
2.631249904632568359e+00 -8.999999761581420898e-01
4.750000000000000000e+00 4.099999904632568359e+00
-9.875000119209289551e-01 -1.149999976158142090e+00
3.849999904632568359e+00 -6.499999761581420898e-01
8.312497138977050781e-01 -5.499999523162841797e-01
1.862499952316284180e+00 2.000000029802322388e-01
1.656250000000000000e+00 3.249999880790710449e-01
3.512500047683715820e+00 1.850000023841857910e+00
9.999999403953552246e-02 -1.349999904632568359e+00
-1.811084151268005371e-01 7.243504524230957031e-01
7.374309897422790527e-01 1.499722450971603394e-01
9.250000119209289551e-01 8.999999761581420898e-01
1.318750023841857910e+00 7.250000238418579102e-01
-3.312463164329528809e-01 9.249905943870544434e-01
1.712499976158142090e+00 1.024999976158142090e+00
-8.750000000000000000e-01 8.750000000000000000e-01
1.487499952316284180e+00 -9.499999880790710449e-01
2.706249952316284180e+00 -8.500000238418579102e-01
7.375000119209289551e-01 -9.499999880790710449e-01
-7.999944686889648438e-01 -5.249975919723510742e-01
2.874947786331176758e-01 9.999880790710449219e-01
5.050000190734863281e+00 3.900000095367431641e+00
6.249967813491821289e-01 -7.499942779541015625e-01
1.299999952316284180e+00 8.750000000000000000e-01
2.012500047683715820e+00 -9.750000238418579102e-01
-5.936523079872131348e-01 5.749247074127197266e-01
-5.718598365783691406e-01 -2.485847659409046173e-02
6.249998807907104492e-01 9.749997854232788086e-01
2.968750000000000000e+00 -5.749999880790710449e-01
-3.124963678419589996e-02 -1.049988031387329102e+00
2.462500095367431641e+00 9.499999880790710449e-01
2.912499904632568359e+00 -9.499999880790710449e-01
1.037500023841857910e+00 1.100000023841857910e+00
1.600000023841857910e+00 -1.049999952316284180e+00
1.506250023841857910e+00 -9.750000238418579102e-01
-9.874994158744812012e-01 2.749998867511749268e-01
5.762499809265136719e+00 -2.000000029802322388e-01
2.256249904632568359e+00 -6.750000119209289551e-01
-2.974999904632568359e+00 6.999999880790710449e-01
9.250000000000000000e+00 2.000000029802322388e-01
1.281250000000000000e+00 4.000000059604644775e-01
5.800000190734863281e+00 -1.500000000000000000e+00
4.224999904632568359e+00 -1.000000000000000000e+00
3.425206243991851807e-01 -5.980374813079833984e-01
5.237500190734863281e+00 -1.549999952316284180e+00
-6.311191916465759277e-01 4.999204576015472412e-01
2.968750000000000000e+00 5.000000000000000000e-01
6.248482502996921539e-03 5.461681485176086426e-01
2.987499952316284180e+00 -3.249999880790710449e-01
4.525000095367431641e+00 8.999999761581420898e-01
2.462500095367431641e+00 4.749999940395355225e-01
3.400000095367431641e+00 3.700000047683715820e+00
5.762499809265136719e+00 3.000000119209289551e-01
-4.947687685489654541e-01 -1.731951534748077393e-01
3.250000000000000000e+00 1.899999976158142090e+00
1.318750023841857910e+00 8.999999761581420898e-01
4.300000190734863281e+00 5.000000000000000000e-01
7.675000190734863281e+00 -2.900000095367431641e+00
2.650000095367431641e+00 4.749999940395355225e-01
2.368750095367431641e+00 -8.500000238418579102e-01
-2.599999904632568359e+00 3.000000000000000000e+00
2.424999952316284180e+00 -4.900000095367431641e+00
2.724999904632568359e+00 1.549999952316284180e+00
2.781250000000000000e+00 3.499999940395355225e-01
7.750000000000000000e+00 3.200000047683715820e+00
2.893749952316284180e+00 4.749999940395355225e-01
2.987499952316284180e+00 1.125000000000000000e+00
9.699999809265136719e+00 -4.000000000000000000e+00
2.462500095367431641e+00 -1.950000047683715820e+00
7.525000095367431641e+00 4.699999809265136719e+00
4.824999809265136719e+00 2.500000000000000000e+00
3.549999952316284180e+00 1.100000023841857910e+00
1.337499976158142090e+00 7.500000000000000000e-01
1.524999976158142090e+00 2.000000029802322388e-01
3.737499952316284180e+00 9.499999880790710449e-01
2.650000095367431641e+00 1.549999952316284180e+00
2.837500095367431641e+00 1.250000000000000000e-01
1.131250023841857910e+00 -6.250000000000000000e-01
7.749857902526855469e-01 -3.499959409236907959e-01
1.937500000000000000e+00 -1.149999976158142090e+00
4.935560822486877441e-01 5.246484875679016113e-01
6.624070405960083008e-01 -3.499749302864074707e-01
-1.399999976158142090e+00 -5.000000074505805969e-02
4.000000000000000000e+00 3.799999952316284180e+00
2.387500047683715820e+00 1.024999976158142090e+00
6.057466268539428711e-01 9.976563602685928345e-02
7.074999809265136719e+00 3.200000047683715820e+00
-4.624999761581420898e-01 1.149999976158142090e+00
6.099999904632568359e+00 4.699999809265136719e+00
-7.056079506874084473e-01 1.249136924743652344e-01
1.206249952316284180e+00 1.250000000000000000e-01
-7.437499761581420898e-01 -9.499999880790710449e-01
-5.000000000000000000e-01 4.699999809265136719e+00
1.543750047683715820e+00 -1.274999976158142090e+00
4.300000190734863281e+00 -2.700000047683715820e+00
2.893749952316284180e+00 -5.500000119209289551e-01
4.000000000000000000e+00 2.000000029802322388e-01
8.687499761581420898e-01 -8.500000238418579102e-01
-1.193750023841857910e+00 -1.250000000000000000e-01
1.131250023841857910e+00 7.749999761581420898e-01
1.918750047683715820e+00 -8.000000119209289551e-01
-4.045315980911254883e-01 3.484233915805816650e-01
1.000000014901161194e-01 -2.400000095367431641e+00
4.000000000000000000e+00 -2.500000000000000000e-01
5.762499809265136719e+00 -1.600000023841857910e+00
1.393749952316284180e+00 9.250000119209289551e-01
-1.512500047683715820e+00 8.500000238418579102e-01
6.775000095367431641e+00 4.900000095367431641e+00
-7.624999880790710449e-01 -1.399999976158142090e+00
4.974999904632568359e+00 -3.099999904632568359e+00
3.474999904632568359e+00 2.900000095367431641e+00
-1.924999952316284180e+00 -3.900000095367431641e+00
2.724999904632568359e+00 -6.750000119209289551e-01
6.699999809265136719e+00 -4.599999904632568359e+00
-1.774999976158142090e+00 3.499999940395355225e-01
3.400000095367431641e+00 4.900000095367431641e+00
1.431249976158142090e+00 9.250000119209289551e-01
3.474999904632568359e+00 4.800000190734863281e+00
3.174999952316284180e+00 1.750000000000000000e+00
5.574999809265136719e+00 -4.300000190734863281e+00
2.406250000000000000e+00 -9.750000238418579102e-01
1.225000023841857910e+00 5.000000000000000000e-01
6.025000095367431641e+00 -3.099999904632568359e+00
-6.685841679573059082e-01 -4.249250590801239014e-01
5.425000190734863281e+00 5.500000119209289551e-01
1.956249952316284180e+00 -2.750000059604644775e-01
1.299999952316284180e+00 7.500000000000000000e-01
1.262500047683715820e+00 1.024999976158142090e+00
1.243749976158142090e+00 1.000000014901161194e-01
2.950000047683715820e+00 -6.000000238418579102e-01
2.968750000000000000e+00 5.000000074505805969e-02
1.374958455562591553e-01 -9.999766945838928223e-01
-5.909049510955810547e-01 -7.466581463813781738e-02
1.543750047683715820e+00 -4.499999880790710449e-01
8.312500119209289551e-01 -7.249999642372131348e-01
1.552477627992630005e-01 5.472560524940490723e-01
1.093750000000000000e+00 7.250000238418579102e-01
-4.812499284744262695e-01 1.074999928474426270e+00
4.525000095367431641e+00 -3.700743525707936808e-17
4.525000095367431641e+00 -3.499999940395355225e-01
7.375000119209289551e-01 1.700000047683715820e+00
9.100000381469726562e+00 -1.799999952316284180e+00
-1.174999952316284180e+00 -2.099999904632568359e+00
6.400000095367431641e+00 3.000000000000000000e+00
8.125000000000000000e-01 8.750000000000000000e-01
3.212500095367431641e+00 -1.000000014901161194e-01
2.950000047683715820e+00 1.100000023841857910e+00
3.243498802185058594e-01 6.738820672035217285e-01
-4.811800718307495117e-01 6.999276280403137207e-01
-8.374357223510742188e-01 -4.224681937614604976e-09
8.125000000000000000e-01 2.000000000000000000e+00
2.724999904632568359e+00 3.599999904632568359e+00
2.143749952316284180e+00 5.249999761581420898e-01
-9.499999880790710449e-01 2.700000047683715820e+00
2.237499952316284180e+00 3.000000119209289551e-01
7.224999904632568359e+00 -5.000000000000000000e-01
7.300000190734863281e+00 2.500000000000000000e+00
1.356250047683715820e+00 3.000000119209289551e-01
1.562500000000000000e+00 1.125000000000000000e+00
1.393749952316284180e+00 -5.249999761581420898e-01
5.012499809265136719e+00 -6.000000238418579102e-01
-1.587499976158142090e+00 -8.999999761581420898e-01
4.074999809265136719e+00 1.350000023841857910e+00
7.150000095367431641e+00 1.100000023841857910e+00
7.187500000000000000e-01 1.200000047683715820e+00
3.099999904632568359e+00 8.000000119209289551e-01
-1.274266988039016724e-01 4.829077124595642090e-01
7.937491536140441895e-01 -5.249997973442077637e-01
-4.999978244304656982e-01 8.999975323677062988e-01
-8.374819755554199219e-01 3.249955475330352783e-01
6.550000190734863281e+00 -3.599999904632568359e+00
-1.399999976158142090e+00 -1.500000059604644775e-01
2.012500047683715820e+00 -1.200000047683715820e+00
1.393749952316284180e+00 1.500000059604644775e-01
1.862499952316284180e+00 2.500000037252902985e-02
-7.061330676078796387e-01 -3.999549150466918945e-01
1.000000000000000000e+01 -4.400000095367431641e+00
4.750000000000000000e+00 2.000000029802322388e-01
4.375000000000000000e+00 -5.000000074505805969e-02
-1.774999976158142090e+00 -3.499999940395355225e-01
-9.687478542327880859e-01 9.999985247850418091e-02
2.518749952316284180e+00 -6.750000119209289551e-01
6.812499761581420898e-01 -1.100000023841857910e+00
8.312420248985290527e-01 -2.499973326921463013e-01
1.412500023841857910e+00 5.000000000000000000e-01
-5.744877457618713379e-01 4.246964752674102783e-01
1.712499976158142090e+00 -1.450000047683715820e+00
-9.312474131584167480e-01 2.749995291233062744e-01
7.449999809265136719e+00 1.700000047683715820e+00
4.262499809265136719e+00 -5.000000000000000000e-01
2.499780952930450439e-01 9.249454736709594727e-01
-5.000000000000000000e-01 -2.099999904632568359e+00
2.556250095367431641e+00 -6.000000238418579102e-01
2.518749952316284180e+00 -1.125000000000000000e+00
6.775000095367431641e+00 -1.299999952316284180e+00
-1.118749976158142090e+00 5.749999880790710449e-01
-1.810635179281234741e-01 -6.991872191429138184e-01
4.749999940395355225e-01 -1.600000023841857910e+00
1.243749976158142090e+00 3.249999880790710449e-01
-5.000000000000000000e-01 -1.600000023841857910e+00
2.049999952316284180e+00 -7.500000000000000000e-01
2.181250095367431641e+00 8.249999880790710449e-01
8.500000238418579102e-01 1.350000023841857910e+00
5.237500190734863281e+00 8.999999761581420898e-01
2.537499904632568359e+00 -4.749999940395355225e-01
-8.750000000000000000e-01 1.649999976158142090e+00
2.049999952316284180e+00 -2.249999940395355225e-01
9.774999618530273438e+00 -4.800000190734863281e+00
4.449999809265136719e+00 -1.899999976158142090e+00
5.837500095367431641e+00 -6.499999761581420898e-01
5.688400268554687500e-01 4.978909716010093689e-02
1.149999976158142090e+00 2.000000029802322388e-01
1.299999952316284180e+00 5.000000074505805969e-02
5.949999809265136719e+00 -8.999999761581420898e-01
4.178396761417388916e-01 -4.735761880874633789e-01
9.249994158744812012e-01 2.999998033046722412e-01
-7.622367143630981445e-01 9.997466951608657837e-02
2.743750095367431641e+00 -1.749999970197677612e-01
2.575000047683715820e+00 8.249999880790710449e-01
5.875000000000000000e+00 -4.000000000000000000e+00
6.249999403953552246e-01 1.049999952316284180e+00
1.373937278985977173e-01 7.995114922523498535e-01
-1.812499761581420898e-01 -1.224999785423278809e+00
-7.250000238418579102e-01 3.700000047683715820e+00
1.281250000000000000e+00 -7.500000298023223877e-02
5.650000095367431641e+00 -3.000000119209289551e-01
5.612500190734863281e+00 -5.500000119209289551e-01
2.818749904632568359e+00 -2.750000059604644775e-01
6.249882578849792480e-01 4.999859035015106201e-01
2.668750047683715820e+00 2.000000029802322388e-01
-2.000000000000000000e+00 2.599999904632568359e+00
-4.324999809265136719e+00 1.100000023841857910e+00
7.824999809265136719e+00 -4.500000000000000000e+00
5.425000190734863281e+00 2.099999904632568359e+00
5.125000000000000000e+00 -3.799999952316284180e+00
1.543750047683715820e+00 -3.750000000000000000e-01
5.762499809265136719e+00 3.499999940395355225e-01
-1.432456523180007935e-01 5.977768301963806152e-01
9.250000000000000000e+00 4.500000000000000000e+00
5.762499809265136719e+00 -1.000000000000000000e+00
2.837500095367431641e+00 1.899999976158142090e+00
2.873510420322418213e-01 7.997015118598937988e-01
5.874999761581420898e-01 -1.350000023841857910e+00
4.037499904632568359e+00 -1.000000014901161194e-01
4.150000095367431641e+00 3.900000095367431641e+00
-4.175000190734863281e+00 4.800000190734863281e+00
7.187500000000000000e-01 1.075000047683715820e+00
1.731250047683715820e+00 -1.850372093726213425e-17
1.552430242300033569e-01 -5.223067998886108398e-01
-1.024999976158142090e+00 -1.600000023841857910e+00
-1.174999952316284180e+00 2.500000000000000000e-01
-2.750000000000000000e+00 -4.500000000000000000e+00
1.618749976158142090e+00 -3.249999880790710449e-01
2.931250095367431641e+00 1.749999970197677612e-01
5.574999809265136719e+00 3.000000000000000000e+00
4.675000190734863281e+00 5.500000119209289551e-01
9.812498688697814941e-01 2.749999463558197021e-01
-1.437500000000000000e+00 2.500000000000000000e-01
9.774999618530273438e+00 6.999999880790710449e-01
-4.474999904632568359e+00 -4.400000095367431641e+00
2.762500047683715820e+00 7.500000298023223877e-02
2.706249952316284180e+00 -9.499999880790710449e-01
7.375000119209289551e-01 1.250000000000000000e+00
5.650000095367431641e+00 4.000000000000000000e+00
-2.187345772981643677e-01 8.749256134033203125e-01
1.262500047683715820e+00 -7.749999761581420898e-01
4.112500190734863281e+00 1.649999976158142090e+00
1.750000000000000000e+00 5.000000074505805969e-02
-2.320992201566696167e-01 -4.426628947257995605e-01
1.337499976158142090e+00 1.225000023841857910e+00
2.106250047683715820e+00 7.250000238418579102e-01
-1.249991506338119507e-01 1.049991369247436523e+00
9.999997168779373169e-02 1.224999666213989258e+00
-1.924999952316284180e+00 2.500000000000000000e+00
1.299999952316284180e+00 5.500000119209289551e-01
1.618749976158142090e+00 -1.500000059604644775e-01
-5.749998688697814941e-01 9.999998807907104492e-01
-7.250000238418579102e-01 2.200000047683715820e+00
-7.250000238418579102e-01 1.649999976158142090e+00
4.747925996780395508e-01 -6.246694326400756836e-01
9.437495470046997070e-01 2.499994449317455292e-02
3.812480568885803223e-01 -1.024996399879455566e+00
-1.811732500791549683e-01 -7.746133208274841309e-01
-2.075000047683715820e+00 4.800000190734863281e+00
5.275000095367431641e+00 -3.499999940395355225e-01
-6.499999761581420898e-01 -4.900000095367431641e+00
8.274999618530273438e+00 -2.000000000000000000e+00
3.415603637695312500e-01 5.217197537422180176e-01
4.224999904632568359e+00 1.500000000000000000e+00
8.274999618530273438e+00 4.800000190734863281e+00
-2.750000000000000000e+00 5.000000000000000000e+00
4.375000000000000000e-01 -2.000000000000000000e+00
7.750000000000000000e+00 -8.000000119209289551e-01
1.993749976158142090e+00 5.000000000000000000e-01
-1.325000047683715820e+00 1.399999976158142090e+00
2.125000000000000000e+00 1.100000023841857910e+00
4.675000190734863281e+00 -8.999999761581420898e-01
1.937366276979446411e-01 9.499542117118835449e-01
-4.699999809265136719e+00 -1.299999952316284180e+00
2.631249904632568359e+00 -4.250000119209289551e-01
-1.325000047683715820e+00 1.299999952316284180e+00
5.312479734420776367e-01 -9.249966740608215332e-01
4.765022993087768555e-01 1.506421715021133423e-01
3.099999904632568359e+00 -3.900000095367431641e+00
3.250000000000000000e+00 1.200000047683715820e+00
-4.250000000000000000e+00 -2.200000047683715820e+00
-6.868086010217666626e-02 7.742121815681457520e-01
1.000000014901161194e-01 -4.699999809265136719e+00
1.993749976158142090e+00 -1.250000000000000000e-01
-3.297615945339202881e-01 -4.232795536518096924e-01
-3.875000000000000000e+00 3.299999952316284180e+00
-6.685408353805541992e-01 3.999119400978088379e-01
2.650000095367431641e+00 -6.999999880790710449e-01
1.412500023841857910e+00 1.000000000000000000e+00
4.599999904632568359e+00 4.699999809265136719e+00
5.837500095367431641e+00 -1.250000000000000000e+00
3.924999952316284180e+00 -1.500000000000000000e+00
1.581249952316284180e+00 1.100000023841857910e+00
1.487499952316284180e+00 1.049999952316284180e+00
-1.100000023841857910e+00 -3.000000000000000000e+00
9.437495470046997070e-01 -2.249998450279235840e-01
1.168750047683715820e+00 3.249999880790710449e-01
-2.374999970197677612e-01 -1.500000000000000000e+00
-8.937342762947082520e-01 7.499910145998001099e-02
1.562500000000000000e+00 -7.500000298023223877e-02
3.625000000000000000e+00 8.000000119209289551e-01
4.599999904632568359e+00 1.149999976158142090e+00
2.106250047683715820e+00 7.250000238418579102e-01
-1.812318861484527588e-01 8.748927116394042969e-01
4.900000095367431641e+00 -1.200000047683715820e+00
2.424999952316284180e+00 -1.000000014901161194e-01
2.143749952316284180e+00 3.000000119209289551e-01
3.062205612659454346e-01 -8.999400138854980469e-01
4.449999809265136719e+00 -5.000000074505805969e-02
8.687499761581420898e-01 1.274999976158142090e+00
-3.499999940395355225e-01 -3.000000000000000000e+00
-1.024999618530273438e+00 -2.499999292194843292e-02
2.575000047683715820e+00 2.000000000000000000e+00
4.112500190734863281e+00 2.049999952316284180e+00
4.599999904632568359e+00 -1.200000047683715820e+00
1.356250047683715820e+00 6.750000119209289551e-01
-5.000000000000000000e+00 -3.799999952316284180e+00
4.750000000000000000e+00 6.000000238418579102e-01
-6.783076375722885132e-02 4.948003590106964111e-01
2.162499904632568359e+00 -6.499999761581420898e-01
-2.187431901693344116e-01 -9.249644875526428223e-01
4.937500000000000000e+00 6.499999761581420898e-01
2.424999952316284180e+00 -3.500000000000000000e+00
1.731250047683715820e+00 -1.749999970197677612e-01
6.624873876571655273e-01 4.749945104122161865e-01
-4.550000190734863281e+00 -4.000000059604644775e-01
7.675000190734863281e+00 -1.700000047683715820e+00
1.375000000000000000e+00 -2.099999904632568359e+00
5.387499809265136719e+00 8.999999761581420898e-01
1.656250000000000000e+00 -8.999999761581420898e-01
2.162499904632568359e+00 1.100000023841857910e+00
6.324999809265136719e+00 -2.000000000000000000e+00
2.575000047683715820e+00 -1.500000059604644775e-01
8.725000381469726562e+00 2.799999952316284180e+00
5.462500095367431641e+00 2.500000000000000000e-01
4.224999904632568359e+00 1.399999976158142090e+00
9.699999809265136719e+00 8.000000119209289551e-01
-3.950000047683715820e+00 -2.137174860109173181e-35
8.874978423118591309e-01 1.249992176890373230e-01
5.537499904632568359e+00 1.000000000000000000e+00
-6.874991953372955322e-02 -1.149998545646667480e+00
1.225000023841857910e+00 1.250000000000000000e+00
8.199999809265136719e+00 3.799999952316284180e+00
-4.961262643337249756e-02 -5.960773825645446777e-01
6.849999904632568359e+00 -8.999999761581420898e-01
5.871196985244750977e-01 -2.998904585838317871e-01
3.512500047683715820e+00 -7.500000000000000000e-01
9.100000381469726562e+00 2.000000029802322388e-01
-4.624982178211212158e-01 -9.249977469444274902e-01
5.237500190734863281e+00 4.000000059604644775e-01
1.637500047683715820e+00 -1.700000047683715820e+00
3.924999952316284180e+00 2.099999904632568359e+00
4.675000190734863281e+00 -4.000000059604644775e-01
2.087500095367431641e+00 -5.249999761581420898e-01
1.206249952316284180e+00 1.000000014901161194e-01
5.800000190734863281e+00 1.500000059604644775e-01
2.331249952316284180e+00 -6.000000238418579102e-01
2.293750047683715820e+00 -1.749999970197677612e-01
2.575000047683715820e+00 -4.250000119209289551e-01
2.706249952316284180e+00 1.125000000000000000e+00
2.406250000000000000e+00 4.499999880790710449e-01
1.262500047683715820e+00 -1.149999976158142090e+00
1.186212152242660522e-01 -7.742990851402282715e-01
3.474999904632568359e+00 -1.850000023841857910e+00
-3.495989441871643066e-01 -5.994893312454223633e-01
2.387500047683715820e+00 -1.500000059604644775e-01
5.687499642372131348e-01 -1.149999976158142090e+00
-4.699999809265136719e+00 1.500000000000000000e+00
-3.875000000000000000e+00 -3.400000095367431641e+00
1.862499952316284180e+00 1.100000023841857910e+00
4.375000000000000000e-01 1.700000047683715820e+00
-6.124999523162841797e-01 9.999999403953552246e-01
8.125000000000000000e+00 -1.000000014901161194e-01
-4.699999809265136719e+00 -1.100000023841857910e+00
2.237499952316284180e+00 -6.499999761581420898e-01
4.936890602111816406e-01 7.249028086662292480e-01
7.187494635581970215e-01 -6.499990224838256836e-01
-1.962499976158142090e+00 2.000000029802322388e-01
9.437500238418579102e-01 1.200000047683715820e+00
8.113203197717666626e-02 -7.489782571792602539e-01
-3.124999701976776123e-01 1.174999833106994629e+00
2.874867320060729980e-01 9.499706029891967773e-01
1.600000023841857910e+00 -2.000000029802322388e-01
2.799999952316284180e+00 -4.099999904632568359e+00
5.425000190734863281e+00 4.500000000000000000e+00
6.812499761581420898e-01 -1.250000000000000000e+00
1.337499976158142090e+00 -7.500000000000000000e-01
2.518749952316284180e+00 -3.499999940395355225e-01
-1.999988108873367310e-01 -1.024992227554321289e+00
3.212500095367431641e+00 1.700000047683715820e+00
1.369981318712234497e-01 5.237477421760559082e-01
4.749981164932250977e-01 -9.749968647956848145e-01
4.262499809265136719e+00 -1.600000023841857910e+00
9.100000381469726562e+00 -3.400000095367431641e+00
1.543750047683715820e+00 -6.499999761581420898e-01
2.424999952316284180e+00 1.600000023841857910e+00
2.106250047683715820e+00 1.749999970197677612e-01
7.562483549118041992e-01 -5.249994993209838867e-01
2.912499904632568359e+00 5.000000000000000000e-01
2.293750047683715820e+00 1.749999970197677612e-01
1.337499976158142090e+00 -1.174999952316284180e+00
-2.562498152256011963e-01 -1.099998950958251953e+00
2.125000000000000000e+00 -2.500000000000000000e-01
2.049999952316284180e+00 6.999999880790710449e-01
3.587500095367431641e+00 1.500000059604644775e-01
4.224999904632568359e+00 -4.599999904632568359e+00
2.462500095367431641e+00 1.075000047683715820e+00
2.312500000000000000e+00 9.750000238418579102e-01
9.907300770282745361e-02 5.207343697547912598e-01
2.143749952316284180e+00 6.250000000000000000e-01
-7.623990178108215332e-01 2.999738156795501709e-01
1.185779124498367310e-01 7.490856647491455078e-01
2.743750095367431641e+00 -3.750000000000000000e-01
2.087500095367431641e+00 -1.350000023841857910e+00
9.250000119209289551e-01 2.799999952316284180e+00
1.825000047683715820e+00 -8.249999880790710449e-01
4.449999809265136719e+00 4.499999880790710449e-01
-6.867057085037231445e-01 -1.498692631721496582e-01
9.999999403953552246e-02 -1.299999952316284180e+00
1.524999976158142090e+00 7.500000000000000000e-01
-1.625000000000000000e+00 2.400000095367431641e+00
2.349999904632568359e+00 3.000000000000000000e+00
9.624999761581420898e-01 7.500000000000000000e-01
-3.874999880790710449e-01 -1.174999952316284180e+00
4.412499904632568359e+00 1.750000000000000000e+00
2.912499904632568359e+00 4.000000059604644775e-01
1.806249976158142090e+00 -9.250000119209289551e-01
9.999998807907104492e-01 1.999999582767486572e-01
5.500000000000000000e+00 -3.900000095367431641e+00
2.799999952316284180e+00 6.250000000000000000e-01
-8.937500119209289551e-01 -8.249999880790710449e-01
-9.312499761581420898e-01 8.500000238418579102e-01
5.087500095367431641e+00 5.000000074505805969e-02
1.712499976158142090e+00 -5.000000000000000000e-01
-4.699999809265136719e+00 -1.200000047683715820e+00
1.225000023841857910e+00 1.950000047683715820e+00
1.375000000000000000e+00 5.749999880790710449e-01
3.287499904632568359e+00 -4.499999880790710449e-01
7.300000190734863281e+00 2.400000095367431641e+00
2.102625668048858643e-01 5.202974677085876465e-01
-9.687497615814208984e-01 -4.249999225139617920e-01
1.112499952316284180e+00 6.750000119209289551e-01
4.937499761581420898e-01 -1.199999928474426270e+00
1.056249976158142090e+00 1.174999952316284180e+00
1.375000000000000000e+00 1.075000047683715820e+00
2.987499952316284180e+00 6.750000119209289551e-01
1.768749952316284180e+00 -7.749999761581420898e-01
8.687491416931152344e-01 -4.249997735023498535e-01
1.112499952316284180e+00 6.499999761581420898e-01
2.556250095367431641e+00 -3.499999940395355225e-01
-8.562498688697814941e-01 6.999999284744262695e-01
5.650000095367431641e+00 -4.900000095367431641e+00
2.668750047683715820e+00 5.249999761581420898e-01
-5.375000238418579102e-01 1.350000023841857910e+00
2.200000047683715820e+00 3.000000119209289551e-01
-1.249989587813615799e-02 -1.074992537498474121e+00
2.631249904632568359e+00 -1.125000000000000000e+00
4.369065761566162109e-01 -4.739996492862701416e-01
3.987425863742828369e-01 -4.481069147586822510e-01
9.999998807907104492e-01 -1.249999701976776123e-01
-4.025000095367431641e+00 1.500000000000000000e+00
2.987499952316284180e+00 1.500000000000000000e+00
6.622394919395446777e-01 -2.249136567115783691e-01
1.937192827463150024e-01 -8.998997211456298828e-01
6.055250763893127441e-01 1.497326642274856567e-01
2.575000047683715820e+00 1.250000000000000000e-01
1.787500023841857910e+00 -1.049999952316284180e+00
5.500000000000000000e+00 -3.400000095367431641e+00
2.500000000000000000e+00 1.225000023841857910e+00
1.656250000000000000e+00 5.000000000000000000e-01
2.349999904632568359e+00 -5.749999880790710449e-01
5.987500190734863281e+00 1.100000023841857910e+00
1.450000047683715820e+00 6.499999761581420898e-01
9.999997913837432861e-02 1.249999761581420898e+00
-7.624999880790710449e-01 -9.249999523162841797e-01
2.275000095367431641e+00 -1.075000047683715820e+00
1.056249976158142090e+00 -6.750000119209289551e-01
6.400000095367431641e+00 -4.000000059604644775e-01
-3.499999940395355225e-01 1.750000000000000000e+00
-1.024999976158142090e+00 -3.099999904632568359e+00
-7.249476909637451172e-01 4.499778747558593750e-01
2.500000000000000000e+00 -1.250000000000000000e-01
5.949999809265136719e+00 4.400000095367431641e+00
1.843750000000000000e+00 -1.250000000000000000e+00
2.931250095367431641e+00 -1.274999976158142090e+00
9.850000381469726562e+00 -4.300000190734863281e+00
4.449999809265136719e+00 -4.499999880790710449e-01
-1.737499952316284180e+00 6.999999880790710449e-01
-4.249908030033111572e-01 8.499879240989685059e-01
-5.562430024147033691e-01 7.999930977821350098e-01
-4.062500000000000000e-01 1.174999952316284180e+00
5.873840451240539551e-01 3.749722242355346680e-01
1.356250047683715820e+00 -7.250000238418579102e-01
2.837500095367431641e+00 -1.749999970197677612e-01
1.806249976158142090e+00 9.499999880790710449e-01
1.674999952316284180e+00 -2.500000000000000000e-01
1.862499952316284180e+00 -4.000000059604644775e-01
5.949999809265136719e+00 4.499999880790710449e-01
-9.499999880790710449e-01 1.200000047683715820e+00
-4.324999809265136719e+00 -2.599999904632568359e+00
8.050000190734863281e+00 -3.299999952316284180e+00
-1.212499976158142090e+00 -4.499999880790710449e-01
5.987500190734863281e+00 -8.500000238418579102e-01
-4.025000095367431641e+00 -4.400000095367431641e+00
1.131250023841857910e+00 9.499999880790710449e-01
-8.937495350837707520e-01 -5.499998331069946289e-01
2.200000047683715820e+00 -1.024999976158142090e+00
9.624997377395629883e-01 -8.822104824446341809e-09
-1.212499976158142090e+00 8.000000119209289551e-01
1.037500023841857910e+00 1.249999925494194031e-01
6.062448024749755859e-01 7.499910593032836914e-01
1.187500000000000000e+00 -9.499999880790710449e-01
5.425000190734863281e+00 -2.500000000000000000e-01
2.556250095367431641e+00 2.750000059604644775e-01
2.049999952316284180e+00 -2.500000037252902985e-02
-4.940926730632781982e-01 7.260160148143768311e-02
1.937500000000000000e+00 -4.000000059604644775e-01
1.281250000000000000e+00 -3.750000000000000000e-01
-4.625000000000000000e+00 -3.599999904632568359e+00
2.668750047683715820e+00 -5.500000119209289551e-01
7.525000095367431641e+00 -1.000000014901161194e-01
3.436295092105865479e-01 -7.997843623161315918e-01
-4.249985814094543457e-01 9.499979019165039062e-01
7.974999904632568359e+00 1.799999952316284180e+00
4.370414316654205322e-01 4.491337835788726807e-01
6.775000095367431641e+00 4.800000190734863281e+00
-7.624657154083251953e-01 4.249874353408813477e-01
2.668750047683715820e+00 -1.225000023841857910e+00
3.549999952316284180e+00 2.700000047683715820e+00
2.537499904632568359e+00 -5.000000000000000000e-01
-1.924999952316284180e+00 4.400000095367431641e+00
1.018749952316284180e+00 2.249999791383743286e-01
2.762500047683715820e+00 3.000000119209289551e-01
2.556250095367431641e+00 4.749999940395355225e-01
3.174999952316284180e+00 -1.149999976158142090e+00
2.237499952316284180e+00 -1.250000000000000000e-01
-2.900000095367431641e+00 -1.100000023841857910e+00
2.275000095367431641e+00 1.500000059604644775e-01
1.206249952316284180e+00 -1.075000047683715820e+00
9.624999761581420898e-01 1.100000023841857910e+00
5.650000095367431641e+00 1.649999976158142090e+00
-1.174999952316284180e+00 1.200000047683715820e+00
3.549999952316284180e+00 -6.000000238418579102e-01
1.243749976158142090e+00 5.249999761581420898e-01
2.312500000000000000e+00 2.000000029802322388e-01
-3.349999904632568359e+00 -3.000000000000000000e+00
5.987500190734863281e+00 1.500000059604644775e-01
5.124999880790710449e-01 1.149999976158142090e+00
-2.000000000000000000e+00 -5.000000000000000000e-01
-2.185877561569213867e-01 -6.994427442550659180e-01
1.374998986721038818e-01 -1.174999356269836426e+00
1.131250023841857910e+00 4.000000059604644775e-01
5.499588847160339355e-01 4.999061822891235352e-01
1.806249976158142090e+00 5.249999761581420898e-01
2.931250095367431641e+00 -1.125000000000000000e+00
1.712499976158142090e+00 -1.174999952316284180e+00
6.925000190734863281e+00 -4.800000190734863281e+00
1.787500023841857910e+00 -2.750000059604644775e-01
-2.937394678592681885e-01 -8.749684095382690430e-01
7.375000000000000000e+00 5.000000000000000000e+00
-1.100000023841857910e+00 2.000000029802322388e-01
3.625000000000000000e+00 -2.900000095367431641e+00
2.162499904632568359e+00 1.250000000000000000e-01
1.843750000000000000e+00 -4.250000119209289551e-01
1.243749976158142090e+00 -7.500000000000000000e-01
7.937321066856384277e-01 -9.999407082796096802e-02
2.724999904632568359e+00 -6.250000000000000000e-01
3.992539942264556885e-01 -5.988495945930480957e-01
2.837500095367431641e+00 9.499999880790710449e-01
5.574999809265136719e+00 4.900000095367431641e+00
8.949999809265136719e+00 1.700000047683715820e+00
2.743750095367431641e+00 -5.000000000000000000e-01
1.075000047683715820e+00 1.700000047683715820e+00
-3.874997794628143311e-01 1.049999475479125977e+00
5.912499904632568359e+00 -1.750000000000000000e+00
-3.424999952316284180e+00 8.999999761581420898e-01
-2.150000095367431641e+00 3.000000000000000000e+00
-3.124983310699462891e-01 9.749946594238281250e-01
2.931250095367431641e+00 1.149999976158142090e+00
9.249991774559020996e-01 -1.749997287988662720e-01
1.112499952316284180e+00 9.750000238418579102e-01
6.249806284904479980e-02 -9.999707937240600586e-01
-2.374960035085678101e-01 9.499804973602294922e-01
2.106250047683715820e+00 -1.174999952316284180e+00
4.375000000000000000e+00 -1.100000023841857910e+00
2.012500047683715820e+00 -5.749999880790710449e-01
-4.849999904632568359e+00 -5.000000000000000000e-01
-3.114790841937065125e-02 -6.981547474861145020e-01
2.012500047683715820e+00 -2.500000037252902985e-02
7.000000000000000000e+00 -4.300000190734863281e+00
-1.700000047683715820e+00 1.799999952316284180e+00
1.899999976158142090e+00 4.699999809265136719e+00
-4.099999904632568359e+00 -8.999999761581420898e-01
5.875000000000000000e+00 8.000000119209289551e-01
9.625000000000000000e+00 2.200000047683715820e+00
2.462500095367431641e+00 -8.750000000000000000e-01
3.250000000000000000e+00 -8.000000119209289551e-01
-1.437499821186065674e-01 1.249999880790710449e+00
-6.484957933425903320e-01 -9.980916976928710938e-02
-3.724999904632568359e+00 1.600000023841857910e+00
1.243749976158142090e+00 -1.075000047683715820e+00
6.625000238418579102e-01 1.174999952316284180e+00
1.037500023841857910e+00 4.999999329447746277e-02
4.749376475811004639e-01 -7.499005794525146484e-01
1.618749976158142090e+00 3.249999880790710449e-01
-5.736824870109558105e-01 2.994786202907562256e-01
-7.999323010444641113e-01 2.499860078096389771e-01
1.712499976158142090e+00 -1.799999952316284180e+00
4.150000095367431641e+00 4.699999809265136719e+00
2.987499952316284180e+00 3.499999940395355225e-01
3.998469114303588867e-01 7.497489452362060547e-01
3.962500095367431641e+00 -1.799999952316284180e+00
-4.625000000000000000e+00 -4.400000095367431641e+00
1.225000023841857910e+00 1.250000000000000000e+00
9.937024116516113281e-02 -5.713996887207031250e-01
7.375000119209289551e-01 -1.049999952316284180e+00
-2.936559021472930908e-01 7.247959971427917480e-01
-1.624996960163116455e-01 -1.099997401237487793e+00
1.637500047683715820e+00 -6.250000000000000000e-01
2.875000000000000000e+00 -1.200000047683715820e+00
-2.000000000000000000e+00 1.399999976158142090e+00
-8.562499880790710449e-01 8.750000000000000000e-01
1.000000000000000000e+01 3.500000000000000000e+00
-1.475000023841857910e+00 -2.200000047683715820e+00
1.600000023841857910e+00 3.499999940395355225e-01
-1.043749809265136719e+00 -1.499999761581420898e-01
-3.675802648067474365e-01 -4.986996054649353027e-01
-1.062494888901710510e-01 1.074993968009948730e+00
2.443749904632568359e+00 -1.749999970197677612e-01
4.562499523162841797e-01 -1.149999856948852539e+00
-3.500000000000000000e+00 8.999999761581420898e-01
2.612499952316284180e+00 1.174999952316284180e+00
1.337499976158142090e+00 -7.500000298023223877e-02
1.825000047683715820e+00 -1.549999952316284180e+00
2.818749904632568359e+00 5.000000074505805969e-02
5.012499809265136719e+00 -1.600000023841857910e+00
5.612500190734863281e+00 -1.600000023841857910e+00
1.712499976158142090e+00 6.499999761581420898e-01
5.837500095367431641e+00 2.500000000000000000e-01
-9.124895334243774414e-01 2.499980479478836060e-02
-8.748208731412887573e-02 8.748021721839904785e-01
-4.243644475936889648e-01 5.493395924568176270e-01
-7.624448537826538086e-01 -3.749822974205017090e-01
1.450000047683715820e+00 -9.750000238418579102e-01
2.312500000000000000e+00 8.500000238418579102e-01
8.649999618530273438e+00 1.000000000000000000e+00
1.524999976158142090e+00 6.000000238418579102e-01
2.312500000000000000e+00 8.999999761581420898e-01
5.425000190734863281e+00 1.750000000000000000e+00
4.712500095367431641e+00 1.049999952316284180e+00
1.225000023841857910e+00 -1.899999976158142090e+00
1.899999976158142090e+00 -4.699999809265136719e+00
4.748623669147491455e-01 -6.747816801071166992e-01
1.487499952316284180e+00 -2.049999952316284180e+00
1.375000000000000000e+00 3.499999940395355225e-01
5.949999809265136719e+00 -1.450000047683715820e+00
-9.874992370605468750e-01 2.249998897314071655e-01
4.112500190734863281e+00 -1.399999976158142090e+00
7.749917507171630859e-01 3.999978005886077881e-01
2.912499904632568359e+00 3.499999940395355225e-01
1.337499976158142090e+00 4.749999940395355225e-01
1.674999952316284180e+00 -2.500000037252902985e-02
5.724999904632568359e+00 -8.000000119209289551e-01
4.900000095367431641e+00 2.599999904632568359e+00
-6.872577667236328125e-01 3.499155938625335693e-01
-9.125000238418579102e-01 1.750000000000000000e+00
1.281250000000000000e+00 1.200000047683715820e+00
9.999999403953552246e-01 4.999998211860656738e-02
8.649999618530273438e+00 4.900000095367431641e+00
5.762499809265136719e+00 -6.999999880790710449e-01
-1.924999952316284180e+00 -1.899999976158142090e+00
1.712499976158142090e+00 -6.999999880790710449e-01
6.622481942176818848e-01 -1.249023154377937317e-01
7.150000095367431641e+00 -3.900000095367431641e+00
2.106250047683715820e+00 1.200000047683715820e+00
4.862500190734863281e+00 -8.500000238418579102e-01
3.624906837940216064e-01 -9.499825835227966309e-01
1.281250000000000000e+00 5.000000000000000000e-01
-7.437499761581420898e-01 9.249999523162841797e-01
4.736003875732421875e-01 -2.494287937879562378e-01
1.956249952316284180e+00 -3.499999940395355225e-01
2.837500095367431641e+00 6.000000238418579102e-01
4.562500000000000000e+00 5.000000074505805969e-02
-5.935842394828796387e-01 5.248824954032897949e-01
-1.061322093009948730e-01 7.490918636322021484e-01
-1.174999952316284180e+00 -4.099999904632568359e+00
-5.749999880790710449e-01 4.400000095367431641e+00
1.225000023841857910e+00 8.249999880790710449e-01
2.762500047683715820e+00 9.250000119209289551e-01
1.131250023841857910e+00 -6.250000000000000000e-01
-4.999998211860656738e-01 -1.024999737739562988e+00
8.312500119209289551e-01 9.250000119209289551e-01
1.262500047683715820e+00 -1.500000059604644775e-01
-1.100000023841857910e+00 3.799999952316284180e+00
1.243749976158142090e+00 5.749999880790710449e-01
4.374916106462478638e-02 1.024980425834655762e+00
2.049999952316284180e+00 -6.750000119209289551e-01
5.724999904632568359e+00 -8.999999761581420898e-01
-4.025000095367431641e+00 1.700000047683715820e+00
-6.687499284744262695e-01 -9.749999642372131348e-01
1.450000047683715820e+00 5.000000000000000000e+00
5.687499642372131348e-01 1.125000000000000000e+00
2.496148273348808289e-02 7.235499024391174316e-01
9.437497854232788086e-01 -3.499999344348907471e-01
8.687499165534973145e-01 -5.749999880790710449e-01
2.593750000000000000e+00 -6.750000119209289551e-01
1.637500047683715820e+00 1.225000023841857910e+00
5.312185287475585938e-01 -7.249488830566406250e-01
3.250000000000000000e+00 -3.500000000000000000e+00
1.806249976158142090e+00 8.999999761581420898e-01
3.099999904632568359e+00 -3.000000000000000000e+00
2.494392544031143188e-01 6.988369822502136230e-01
-7.062477469444274902e-01 7.249982953071594238e-01
-2.749013602733612061e-01 -7.247557044029235840e-01
7.300000190734863281e+00 4.400000095367431641e+00
-7.624999880790710449e-01 -1.200000047683715820e+00
-8.187486529350280762e-01 5.999993085861206055e-01
2.200000047683715820e+00 3.799999952316284180e+00
3.624999821186065674e-01 -1.350000023841857910e+00
2.612499952316284180e+00 1.174999952316284180e+00
2.312500000000000000e+00 -1.549999952316284180e+00
-5.562430024147033691e-01 7.999930977821350098e-01
2.612499952316284180e+00 -8.500000238418579102e-01
7.900000095367431641e+00 -3.000000119209289551e-01
9.925000190734863281e+00 3.099999904632568359e+00
1.431249976158142090e+00 -9.499999880790710449e-01
-1.812500000000000000e+00 -3.000000119209289551e-01
3.962500095367431641e+00 3.000000119209289551e-01
2.181250095367431641e+00 -8.750000000000000000e-01
2.500000000000000000e+00 -4.900000095367431641e+00
2.387500047683715820e+00 -1.000000000000000000e+00
1.131250023841857910e+00 -5.000000074505805969e-02
-9.124997854232788086e-01 -5.749999284744262695e-01
5.499516725540161133e-01 -5.248978734016418457e-01
-5.937499403953552246e-01 -1.024999976158142090e+00
2.987499952316284180e+00 -1.399999976158142090e+00
4.224999904632568359e+00 1.250000000000000000e+00
2.368750095367431641e+00 -1.274999976158142090e+00
1.225000023841857910e+00 7.500000000000000000e-01
3.924999952316284180e+00 2.500000000000000000e+00
2.498427405953407288e-02 -7.993708848953247070e-01
2.556250095367431641e+00 1.500000059604644775e-01
6.250000000000000000e+00 -3.400000095367431641e+00
4.412499904632568359e+00 2.500000000000000000e-01
1.918750047683715820e+00 3.750000000000000000e-01
-4.025000095367431641e+00 -3.599999904632568359e+00
2.481250047683715820e+00 -1.225000023841857910e+00
-5.749990940093994141e-01 8.999990820884704590e-01
3.212500095367431641e+00 1.149999976158142090e+00
-3.686303198337554932e-01 -6.998389959335327148e-01
6.250000000000000000e+00 -3.000000119209289551e-01
2.743750095367431641e+00 -5.500000119209289551e-01
6.775000095367431641e+00 -3.900000095367431641e+00
-1.156250000000000000e+00 2.750000059604644775e-01
5.500000000000000000e+00 -1.200000047683715820e+00
-3.499999940395355225e-01 -4.300000190734863281e+00
1.225000023841857910e+00 -8.750000000000000000e-01
1.993749976158142090e+00 4.499999880790710449e-01
1.206249952316284180e+00 -1.500000059604644775e-01
3.775000095367431641e+00 4.000000000000000000e+00
1.862499952316284180e+00 -1.299999952316284180e+00
-1.587499976158142090e+00 -6.999999880790710449e-01
1.037500023841857910e+00 4.499999880790710449e-01
2.124997675418853760e-01 1.149999141693115234e+00
5.387499809265136719e+00 1.700000047683715820e+00
-8.374999761581420898e-01 -9.499999880790710449e-01
2.124508768320083618e-01 8.748599886894226074e-01
-3.124983608722686768e-01 9.749947786331176758e-01
2.331249952316284180e+00 -6.750000119209289551e-01
7.374997138977050781e-01 6.499994397163391113e-01
-2.562415599822998047e-01 8.999658823013305664e-01
9.437500238418579102e-01 -6.250000000000000000e-01
-1.024999976158142090e+00 -4.000000000000000000e+00
3.212500095367431641e+00 1.549999952316284180e+00
8.124995827674865723e-01 -5.499998927116394043e-01
3.062500000000000000e+00 -4.499999880790710449e-01
3.962500095367431641e+00 8.000000119209289551e-01
2.275000095367431641e+00 -3.750000000000000000e-01
6.062352657318115234e-01 -4.999770224094390869e-01
3.474999904632568359e+00 8.500000238418579102e-01
-1.399999976158142090e+00 2.000000029802322388e-01
6.998707056045532227e-01 -1.249505579471588135e-01
2.668750047683715820e+00 1.225000023841857910e+00
6.324999809265136719e+00 1.700000047683715820e+00
5.387499809265136719e+00 -1.549999952316284180e+00
5.237500190734863281e+00 3.499999940395355225e-01
2.462500095367431641e+00 1.000000014901161194e-01
3.174999952316284180e+00 1.149999976158142090e+00
1.412500023841857910e+00 -6.999999880790710449e-01
5.387499809265136719e+00 -1.149999976158142090e+00
3.737499952316284180e+00 1.399999976158142090e+00
1.911555528640747070e-01 4.943462312221527100e-01
5.987500190734863281e+00 -1.549999952316284180e+00
2.218750000000000000e+00 -1.100000023841857910e+00
2.556250095367431641e+00 -1.149999976158142090e+00
4.375000000000000000e+00 -1.600000023841857910e+00
6.437265276908874512e-01 4.499911665916442871e-01
-1.248370110988616943e-01 -7.239452600479125977e-01
2.500000000000000000e+00 1.350000023841857910e+00
4.750000000000000000e+00 3.799999952316284180e+00
2.875000000000000000e+00 -2.500000000000000000e-01
1.524999976158142090e+00 8.249999880790710449e-01
-2.937498390674591064e-01 1.099999308586120605e+00
6.699999809265136719e+00 1.100000023841857910e+00
-1.549999952316284180e+00 3.499999940395355225e-01
4.180530011653900146e-01 -5.739308595657348633e-01
1.693750023841857910e+00 -2.249999940395355225e-01
2.443749904632568359e+00 8.000000119209289551e-01
7.749999165534973145e-01 -6.749998331069946289e-01
1.393749952316284180e+00 -2.249999940395355225e-01
2.237499952316284180e+00 1.000000000000000000e+00
4.637499809265136719e+00 -7.500000000000000000e-01
-8.749996423721313477e-01 -5.999998450279235840e-01
-1.100000023841857910e+00 -1.549999952316284180e+00
-1.362499952316284180e+00 -1.399999976158142090e+00
1.674999952316284180e+00 -6.750000119209289551e-01
2.650000095367431641e+00 5.500000119209289551e-01
1.750000000000000000e+00 6.000000238418579102e-01
1.750000000000000000e+00 6.499999761581420898e-01
-1.193750023841857910e+00 1.250000000000000000e-01
-1.024999976158142090e+00 5.000000000000000000e-01
1.000000000000000000e+01 -4.800000190734863281e+00
8.500000238418579102e-01 1.250000000000000000e+00
2.575000047683715820e+00 -8.500000238418579102e-01
9.812499880790710449e-01 -1.149999976158142090e+00
-3.049999952316284180e+00 -2.000000029802322388e-01
5.868641138076782227e-01 2.497925609350204468e-01
2.124999910593032837e-01 1.399999976158142090e+00
5.949999809265136719e+00 -1.450000047683715820e+00
1.356250047683715820e+00 -5.500000119209289551e-01
2.664397358894348145e-01 -5.459102392196655273e-01
2.443749904632568359e+00 -8.000000119209289551e-01
5.162499904632568359e+00 -1.000000014901161194e-01
6.175000190734863281e+00 -3.400000095367431641e+00
9.812499880790710449e-01 5.500000119209289551e-01
-3.312291800975799561e-01 -8.249569535255432129e-01
4.787499904632568359e+00 1.100000023841857910e+00
-8.562499880790710449e-01 -8.999999761581420898e-01
3.474999904632568359e+00 5.000000074505805969e-02
4.562500000000000000e+00 1.350000023841857910e+00
4.074999809265136719e+00 -1.500000000000000000e+00
-6.124998927116394043e-01 9.749998450279235840e-01
5.275000095367431641e+00 3.500000000000000000e+00
6.437498927116394043e-01 9.749998450279235840e-01
2.012500047683715820e+00 -4.499999880790710449e-01
-1.250000000000000000e-01 -4.800000190734863281e+00
1.056249976158142090e+00 -1.749999970197677612e-01
4.179490208625793457e-01 -5.487768650054931641e-01
1.450000047683715820e+00 8.750000000000000000e-01
-4.699999809265136719e+00 5.000000000000000000e+00
1.056249976158142090e+00 7.749999761581420898e-01
4.000000000000000000e+00 -1.500000000000000000e+00
1.318750023841857910e+00 1.024999976158142090e+00
2.331249952316284180e+00 -1.500000059604644775e-01
4.974999904632568359e+00 -4.900000095367431641e+00
2.856250047683715820e+00 -3.499999940395355225e-01
1.600000023841857910e+00 -6.499999761581420898e-01
-1.062486544251441956e-01 -1.024984836578369141e+00
7.749858498573303223e-01 3.499957919120788574e-01
1.131250023841857910e+00 9.499999880790710449e-01
-1.850000023841857910e+00 -1.200000047683715820e+00
2.424999952316284180e+00 -6.499999761581420898e-01
1.899999976158142090e+00 -2.750000059604644775e-01
2.275000095367431641e+00 -1.000000000000000000e+00
-1.212499976158142090e+00 2.000000029802322388e-01
1.750000000000000000e+00 -1.750000000000000000e+00
-3.124853372573852539e-01 -8.499634861946105957e-01
4.187500000000000000e+00 -2.000000000000000000e+00
5.912499904632568359e+00 -1.250000000000000000e+00
8.500000000000000000e+00 3.200000047683715820e+00
2.556250095367431641e+00 1.000000000000000000e+00
1.168750047683715820e+00 -5.000000074505805969e-02
1.356250047683715820e+00 1.174999952316284180e+00
6.175000190734863281e+00 4.300000190734863281e+00
1.393749952316284180e+00 -1.125000000000000000e+00
2.143749952316284180e+00 -5.749999880790710449e-01
4.637499809265136719e+00 5.000000074505805969e-02
2.518749952316284180e+00 -1.749999970197677612e-01
9.250000119209289551e-01 8.500000238418579102e-01
5.199999809265136719e+00 4.900000095367431641e+00
2.556250095367431641e+00 -7.749999761581420898e-01
3.812420666217803955e-01 -9.499856233596801758e-01
-8.749906420707702637e-01 2.999979555606842041e-01
4.787499904632568359e+00 1.600000023841857910e+00
1.506250023841857910e+00 -2.500000000000000000e-01
4.337500095367431641e+00 8.000000119209289551e-01
7.375000000000000000e+00 1.200000047683715820e+00
3.025000095367431641e+00 3.400000095367431641e+00
2.106250047683715820e+00 -1.100000023841857910e+00
8.274999618530273438e+00 2.000000029802322388e-01
6.062352657318115234e-01 -4.999770224094390869e-01
4.487500190734863281e+00 3.000000119209289551e-01
1.056249976158142090e+00 3.750000000000000000e-01
1.899999976158142090e+00 1.899999976158142090e+00
2.349999904632568359e+00 4.499999880790710449e-01
1.674999952316284180e+00 -1.225000023841857910e+00
4.712500095367431641e+00 -1.450000047683715820e+00
1.262500047683715820e+00 -1.350000023841857910e+00
1.581249952316284180e+00 1.225000023841857910e+00
2.293750047683715820e+00 -8.750000000000000000e-01
-2.931549251079559326e-01 -4.991156458854675293e-01
8.124860525131225586e-01 1.499945372343063354e-01
-2.224999904632568359e+00 1.299999952316284180e+00
2.612499952316284180e+00 1.149999976158142090e+00
2.368750095367431641e+00 -6.999999880790710449e-01
2.950000047683715820e+00 -2.299999952316284180e+00
-8.562405109405517578e-01 3.499975502490997314e-01
2.687500000000000000e+00 -1.000000014901161194e-01
3.512500047683715820e+00 -8.999999761581420898e-01
2.724999904632568359e+00 4.000000059604644775e-01
2.162499904632568359e+00 7.500000298023223877e-02
1.656250000000000000e+00 -1.500000059604644775e-01
9.175000190734863281e+00 3.500000000000000000e+00
2.368750095367431641e+00 -8.500000238418579102e-01
3.062500000000000000e+00 1.149999976158142090e+00
1.000000014901161194e-01 -2.000000000000000000e+00
5.087500095367431641e+00 -6.499999761581420898e-01
4.750000000000000000e+00 -1.600000023841857910e+00
5.500000119209289551e-01 2.000000000000000000e+00
9.624999761581420898e-01 7.250000238418579102e-01
-5.937499403953552246e-01 1.049999952316284180e+00
3.549999952316284180e+00 -4.199999809265136719e+00
6.250000000000000000e-01 1.450000047683715820e+00
2.181250095367431641e+00 6.000000238418579102e-01
-7.999999523162841797e-01 -8.249999284744262695e-01
2.293750047683715820e+00 -5.000000000000000000e-01
-1.081249952316284180e+00 4.250000119209289551e-01
-3.875000000000000000e+00 2.799999952316284180e+00
2.125000000000000000e+00 2.750000059604644775e-01
1.825000047683715820e+00 1.000000000000000000e+00
2.875000000000000000e+00 -2.200000047683715820e+00
1.375000000000000000e+00 9.750000238418579102e-01
2.781250000000000000e+00 -1.250000000000000000e+00
1.975000023841857910e+00 -3.499999940395355225e-01
4.525000095367431641e+00 -5.000000074505805969e-02
5.124999880790710449e-01 -1.700000047683715820e+00
1.450000047683715820e+00 -3.500000000000000000e+00
9.100000381469726562e+00 2.400000095367431641e+00
1.375000000000000000e+00 -1.500000000000000000e+00
8.499945402145385742e-01 1.249979361891746521e-01
1.375000000000000000e+00 1.299999952316284180e+00
-5.159273147583007812e-01 2.239931821823120117e-01
2.950000047683715820e+00 6.750000119209289551e-01
7.937332391738891602e-01 -2.749945819377899170e-01
-6.677043437957763672e-01 -1.498199254274368286e-01
2.031250000000000000e+00 -8.999999761581420898e-01
-2.937499880790710449e-01 -1.199999928474426270e+00
5.312500000000000000e+00 -1.950000047683715820e+00
1.243749976158142090e+00 5.000000000000000000e-01
2.762500047683715820e+00 -1.100000023841857910e+00
5.574999809265136719e+00 -4.000000000000000000e+00
-8.374819755554199219e-01 -3.249955475330352783e-01
2.200000047683715820e+00 -1.399999976158142090e+00
6.062499880790710449e-01 -1.174999952316284180e+00
-1.475000023841857910e+00 2.200000047683715820e+00
5.574999809265136719e+00 -2.000000029802322388e-01
3.437485396862030029e-01 -1.049996972084045410e+00
1.000000014901161194e-01 -1.950000047683715820e+00
-8.186543583869934082e-01 -2.499791607260704041e-02
-4.999999403953552246e-01 -1.074999928474426270e+00
2.950000047683715820e+00 -5.249999761581420898e-01
8.687499761581420898e-01 -7.500000000000000000e-01
2.950000047683715820e+00 -3.099999904632568359e+00
-3.724999904632568359e+00 3.299999952316284180e+00
1.225000023841857910e+00 6.000000238418579102e-01
5.012499809265136719e+00 -1.049999952316284180e+00
8.687499761581420898e-01 1.200000047683715820e+00
8.687486648559570312e-01 3.749995827674865723e-01
-5.158888697624206543e-01 2.239755988121032715e-01
2.875000000000000000e+00 -1.950000047683715820e+00
2.424999952316284180e+00 2.500000000000000000e+00
6.249999403953552246e-01 -1.024999856948852539e+00
3.474999904632568359e+00 3.200000047683715820e+00
2.724999904632568359e+00 4.749999940395355225e-01
7.375000119209289551e-01 -1.750000000000000000e+00
2.818749904632568359e+00 8.249999880790710449e-01
-4.699999809265136719e+00 1.299999952316284180e+00
-1.250000000000000000e+00 8.000000119209289551e-01
2.762500047683715820e+00 -5.500000119209289551e-01
-2.224999904632568359e+00 3.799999952316284180e+00
2.837500095367431641e+00 -5.000000000000000000e-01
3.099999904632568359e+00 -8.500000238418579102e-01
-3.275000095367431641e+00 -4.000000059604644775e-01
6.025000095367431641e+00 3.700000047683715820e+00
1.112499952316284180e+00 1.500000000000000000e+00
1.937499642372131348e-01 -1.249999880790710449e+00
-3.875000000000000000e+00 1.299999952316284180e+00
2.593750000000000000e+00 2.000000029802322388e-01
4.675000190734863281e+00 5.000000000000000000e+00
2.537499904632568359e+00 5.249999761581420898e-01
6.849999904632568359e+00 -1.000000000000000000e+00
-3.950000047683715820e+00 -2.000000000000000000e+00
1.225000023841857910e+00 -7.749999761581420898e-01
4.750000000000000000e+00 -3.400000095367431641e+00
2.500000000000000000e+00 -4.749999940395355225e-01
4.900000095367431641e+00 2.799999952316284180e+00
-4.250000119209289551e-01 1.500000000000000000e+00
-1.250000000000000000e+00 -1.250000000000000000e-01
1.937500000000000000e+00 3.499999940395355225e-01
6.699999809265136719e+00 -4.900000095367431641e+00
2.650000095367431641e+00 -1.200000047683715820e+00
-1.434038579463958740e-01 6.482810378074645996e-01
4.412499904632568359e+00 -3.000000119209289551e-01
2.481250047683715820e+00 1.024999976158142090e+00
7.300000190734863281e+00 1.899999976158142090e+00
-7.622183561325073242e-01 -4.998622462153434753e-02
-3.500000000000000000e+00 -3.900000095367431641e+00
3.433113992214202881e-01 6.992555856704711914e-01
2.706249952316284180e+00 -1.250000000000000000e-01
3.775000095367431641e+00 1.750000000000000000e+00
-2.562097311019897461e-01 7.998660802841186523e-01
4.370661452412605286e-02 -7.741732001304626465e-01
6.550000190734863281e+00 -3.299999952316284180e+00
1.600000023841857910e+00 -1.399999976158142090e+00
1.262500047683715820e+00 2.249999940395355225e-01
-4.437069892883300781e-01 -7.499511241912841797e-01
1.487499952316284180e+00 1.649999976158142090e+00
1.075000047683715820e+00 -4.500000000000000000e+00
2.424999952316284180e+00 -1.000000014901161194e-01
1.431249976158142090e+00 7.500000000000000000e-01
2.875000000000000000e+00 5.249999761581420898e-01
4.300000190734863281e+00 1.899999976158142090e+00
-7.812500000000000000e-01 9.750000238418579102e-01
1.037500023841857910e+00 1.000000000000000000e+00
1.674999952316284180e+00 4.749999940395355225e-01
3.099999904632568359e+00 1.049999952316284180e+00
-5.562469959259033203e-01 -8.499969244003295898e-01
-2.937267124652862549e-01 8.249371051788330078e-01
-6.499997973442077637e-01 9.249998331069946289e-01
3.250000000000000000e+00 4.000000000000000000e+00
1.562500000000000000e+00 -1.225000023841857910e+00
2.424999952316284180e+00 4.300000190734863281e+00
4.374888241291046143e-01 8.999813199043273926e-01
-1.006249308586120605e+00 7.499996572732925415e-02
4.449999809265136719e+00 4.699999809265136719e+00
1.374958157539367676e-01 -9.999765157699584961e-01
1.862499952316284180e+00 6.999999880790710449e-01
9.437499642372131348e-01 -5.000000000000000000e-01
-6.874998807907104492e-01 9.249998927116394043e-01
2.687500000000000000e+00 -1.049999952316284180e+00
4.074999809265136719e+00 -5.000000074505805969e-02
-5.000000074505805969e-02 1.950000047683715820e+00
6.436687707901000977e-01 3.749789595603942871e-01
8.125000000000000000e-01 -1.225000023841857910e+00
-8.937484622001647949e-01 4.499995112419128418e-01
1.131250023841857910e+00 -1.000000000000000000e+00
1.000000000000000000e+01 -3.000000000000000000e+00
-1.774999976158142090e+00 -1.000000014901161194e-01
9.625000000000000000e+00 1.399999976158142090e+00
5.687500000000000000e+00 -1.700000047683715820e+00
4.562500000000000000e+00 -1.799999952316284180e+00
-4.324999809265136719e+00 -1.100000023841857910e+00
3.924999952316284180e+00 -2.500000000000000000e-01
-1.362499952316284180e+00 -8.500000238418579102e-01
9.550000190734863281e+00 -1.899999976158142090e+00
4.749166071414947510e-01 7.248674035072326660e-01
1.825000047683715820e+00 4.000000000000000000e+00
3.625000000000000000e+00 -1.350000023841857910e+00
3.025000095367431641e+00 8.500000238418579102e-01
2.987499952316284180e+00 -1.024999976158142090e+00
2.837500095367431641e+00 2.750000059604644775e-01
2.931250095367431641e+00 9.250000119209289551e-01
9.249998331069946289e-01 -4.499999582767486572e-01
3.924999952316284180e+00 2.500000000000000000e-01
4.412499904632568359e+00 3.499999940395355225e-01
-5.000000074505805969e-02 -1.649999976158142090e+00
3.999996483325958252e-01 -1.099999308586120605e+00
2.518749952316284180e+00 2.500000000000000000e-01
1.825000047683715820e+00 1.950000047683715820e+00
1.206249952316284180e+00 3.499999940395355225e-01
1.637500047683715820e+00 -1.700000047683715820e+00
1.187500000000000000e+00 -2.750000059604644775e-01
1.075000047683715820e+00 -1.149999976158142090e+00
-3.049999952316284180e+00 3.500000000000000000e+00
2.874988615512847900e-01 1.074997186660766602e+00
7.562248110771179199e-01 -3.249925673007965088e-01
2.706249952316284180e+00 5.500000119209289551e-01
-9.874988198280334473e-01 1.249999031424522400e-01
6.250000000000000000e+00 0.000000000000000000e+00
2.200000047683715820e+00 1.000000014901161194e-01
1.618749976158142090e+00 7.500000298023223877e-02
-5.360860228538513184e-01 3.243090808391571045e-01
-1.156250000000000000e+00 -3.249999880790710449e-01
-3.499999940395355225e-01 2.900000095367431641e+00
6.435431241989135742e-01 -2.999386191368103027e-01
8.874999880790710449e-01 -6.999999880790710449e-01
6.255701184272766113e-03 -6.472753286361694336e-01
5.500000119209289551e-01 4.500000000000000000e+00
2.106250047683715820e+00 2.500000037252902985e-02
7.562499642372131348e-01 -8.249999284744262695e-01
1.918750047683715820e+00 -5.749999880790710449e-01
-1.924999952316284180e+00 -1.000000014901161194e-01
4.749969542026519775e-01 -9.499949812889099121e-01
2.462500095367431641e+00 -2.500000000000000000e-01
2.968750000000000000e+00 8.500000238418579102e-01
3.662499904632568359e+00 1.000000000000000000e+00
-9.124998450279235840e-01 5.999999642372131348e-01
1.600000023841857910e+00 -3.799999952316284180e+00
1.712499976158142090e+00 -7.250000238418579102e-01
2.049999952316284180e+00 4.749999940395355225e-01
2.631249904632568359e+00 -1.149999976158142090e+00
2.837500095367431641e+00 -5.500000119209289551e-01
2.950000047683715820e+00 7.749999761581420898e-01
2.781250000000000000e+00 -1.250000000000000000e-01
3.408186435699462891e-01 -4.708610475063323975e-01
-1.812500000000000000e+00 5.000000000000000000e-01
2.031250000000000000e+00 -5.000000000000000000e-01
-5.740780830383300781e-01 -3.495677113533020020e-01
2.312500000000000000e+00 6.250000000000000000e-01
-8.750000000000000000e-01 -2.400000095367431641e+00
6.062492728233337402e-01 -8.999988436698913574e-01
2.500000000000000000e+00 0.000000000000000000e+00
6.250000000000000000e+00 -2.500000000000000000e+00
-1.250000000000000000e+00 2.500000000000000000e+00
6.250000000000000000e-01 -1.250000000000000000e+00
8.125000000000000000e+00 3.750000000000000000e+00
4.375000000000000000e+00 -3.750000000000000000e+00
-3.125000000000000000e+00 1.250000000000000000e+00
-2.187500000000000000e+00 -1.875000000000000000e+00
5.312500000000000000e+00 3.125000000000000000e+00
9.062500000000000000e+00 -4.375000000000000000e+00
1.562500000000000000e+00 6.250000000000000000e-01
-3.125000000000000000e-01 -3.125000000000000000e+00
7.187500000000000000e+00 1.875000000000000000e+00
3.437500000000000000e+00 -6.250000000000000000e-01
-4.062500000000000000e+00 4.375000000000000000e+00
-3.593750000000000000e+00 -3.125000000000000000e-01
3.906250000000000000e+00 4.687500000000000000e+00
7.656250000000000000e+00 -2.812500000000000000e+00
1.562500000000000000e-01 2.187500000000000000e+00
2.031250000000000000e+00 -4.062500000000000000e+00
9.531250000000000000e+00 9.375000000000000000e-01
5.781250000000000000e+00 -1.562500000000000000e+00
-1.718750000000000000e+00 3.437500000000000000e+00
-2.656250000000000000e+00 -3.437500000000000000e+00
4.843750000000000000e+00 1.562500000000000000e+00
8.593750000000000000e+00 -9.375000000000000000e-01
1.093750000000000000e+00 4.062500000000000000e+00
-7.812500000000000000e-01 -2.187500000000000000e+00
6.718750000000000000e+00 2.812500000000000000e+00
2.968750000000000000e+00 -4.687500000000000000e+00
-4.531250000000000000e+00 3.125000000000000000e-01
-4.296875000000000000e+00 -2.343750000000000000e+00
3.203125000000000000e+00 2.656250000000000000e+00
6.953125000000000000e+00 -4.843750000000000000e+00
-5.468750000000000000e-01 1.562500000000000000e-01
1.328125000000000000e+00 -3.593750000000000000e+00
8.828125000000000000e+00 1.406250000000000000e+00
5.078125000000000000e+00 -1.093750000000000000e+00
-2.421875000000000000e+00 3.906250000000000000e+00
-1.484375000000000000e+00 -4.218750000000000000e+00
6.015625000000000000e+00 7.812500000000000000e-01
9.765625000000000000e+00 -1.718750000000000000e+00
2.265625000000000000e+00 3.281250000000000000e+00
3.906250000000000000e-01 -4.687500000000000000e-01
7.890625000000000000e+00 4.531250000000000000e+00
4.140625000000000000e+00 -2.968750000000000000e+00
-3.359375000000000000e+00 2.031250000000000000e+00
-3.828125000000000000e+00 -2.656250000000000000e+00
3.671875000000000000e+00 2.343750000000000000e+00
7.421875000000000000e+00 -1.562500000000000000e-01
-7.812500000000000000e-02 4.843750000000000000e+00
1.796875000000000000e+00 -1.406250000000000000e+00
9.296875000000000000e+00 3.593750000000000000e+00
5.546875000000000000e+00 -3.906250000000000000e+00
-1.953125000000000000e+00 1.093750000000000000e+00
-2.890625000000000000e+00 -7.812500000000000000e-01
4.609375000000000000e+00 4.218750000000000000e+00
8.359375000000000000e+00 -3.281250000000000000e+00
8.593750000000000000e-01 1.718750000000000000e+00
-1.015625000000000000e+00 -4.531250000000000000e+00
6.484375000000000000e+00 4.687500000000000000e-01
2.734375000000000000e+00 -2.031250000000000000e+00
-4.765625000000000000e+00 2.968750000000000000e+00
-4.648437500000000000e+00 -1.015625000000000000e+00
2.851562500000000000e+00 3.984375000000000000e+00
6.601562500000000000e+00 -3.515625000000000000e+00
-8.984375000000000000e-01 1.484375000000000000e+00
9.765625000000000000e-01 -4.765625000000000000e+00
8.476562500000000000e+00 2.343750000000000000e-01
4.726562500000000000e+00 -2.265625000000000000e+00
-2.773437500000000000e+00 2.734375000000000000e+00
-1.835937500000000000e+00 -2.890625000000000000e+00
5.664062500000000000e+00 2.109375000000000000e+00
9.414062500000000000e+00 -3.906250000000000000e-01
1.914062500000000000e+00 4.609375000000000000e+00
3.906250000000000000e-02 -1.640625000000000000e+00
7.539062500000000000e+00 3.359375000000000000e+00
3.789062500000000000e+00 -4.140625000000000000e+00
-3.710937500000000000e+00 8.593750000000000000e-01
-3.242187500000000000e+00 -3.828125000000000000e+00
4.257812500000000000e+00 1.171875000000000000e+00
8.007812500000000000e+00 -1.328125000000000000e+00
5.078125000000000000e-01 3.671875000000000000e+00
2.382812500000000000e+00 -7.812500000000000000e-02
9.882812500000000000e+00 4.921875000000000000e+00
6.132812500000000000e+00 -2.578125000000000000e+00
-1.367187500000000000e+00 2.421875000000000000e+00
-2.304687500000000000e+00 -1.953125000000000000e+00
5.195312500000000000e+00 3.046875000000000000e+00
8.945312500000000000e+00 -4.453125000000000000e+00
1.445312500000000000e+00 5.468750000000000000e-01
-4.296875000000000000e-01 -3.203125000000000000e+00
7.070312500000000000e+00 1.796875000000000000e+00
3.320312500000000000e+00 -7.031250000000000000e-01
-4.179687500000000000e+00 4.296875000000000000e+00
-4.414062500000000000e+00 -3.671875000000000000e+00
3.085937500000000000e+00 1.328125000000000000e+00
6.835937500000000000e+00 -1.171875000000000000e+00
-6.640625000000000000e-01 3.828125000000000000e+00
1.210937500000000000e+00 -2.421875000000000000e+00
8.710937500000000000e+00 2.578125000000000000e+00
4.960937500000000000e+00 -4.921875000000000000e+00
-2.539062500000000000e+00 7.812500000000000000e-02
-1.601562500000000000e+00 -5.468750000000000000e-01
5.898437500000000000e+00 4.453125000000000000e+00
9.648437500000000000e+00 -3.046875000000000000e+00
2.148437500000000000e+00 1.953125000000000000e+00
2.734375000000000000e-01 -4.296875000000000000e+00
7.773437500000000000e+00 7.031250000000000000e-01
4.023437500000000000e+00 -1.796875000000000000e+00
-3.476562500000000000e+00 3.203125000000000000e+00
-3.945312500000000000e+00 -1.484375000000000000e+00
3.554687500000000000e+00 3.515625000000000000e+00
7.304687500000000000e+00 -3.984375000000000000e+00
-1.953125000000000000e-01 1.015625000000000000e+00
1.679687500000000000e+00 -2.734375000000000000e+00
9.179687500000000000e+00 2.265625000000000000e+00
5.429687500000000000e+00 -2.343750000000000000e-01
-2.070312500000000000e+00 4.765625000000000000e+00
-3.007812500000000000e+00 -4.609375000000000000e+00
4.492187500000000000e+00 3.906250000000000000e-01
8.242187500000000000e+00 -2.109375000000000000e+00
7.421875000000000000e-01 2.890625000000000000e+00
-1.132812500000000000e+00 -8.593750000000000000e-01
6.367187500000000000e+00 4.140625000000000000e+00
2.617187500000000000e+00 -3.359375000000000000e+00
-4.882812500000000000e+00 1.640625000000000000e+00
-4.824218750000000000e+00 -1.679687500000000000e+00
2.675781250000000000e+00 3.320312500000000000e+00
6.425781250000000000e+00 -4.179687500000000000e+00
-1.074218750000000000e+00 8.203125000000000000e-01
8.007812500000000000e-01 -2.929687500000000000e+00
8.300781250000000000e+00 2.070312500000000000e+00
4.550781250000000000e+00 -4.296875000000000000e-01
-2.949218750000000000e+00 4.570312500000000000e+00
-2.011718750000000000e+00 -4.804687500000000000e+00
5.488281250000000000e+00 1.953125000000000000e-01
9.238281250000000000e+00 -2.304687500000000000e+00
1.738281250000000000e+00 2.695312500000000000e+00
-1.367187500000000000e-01 -1.054687500000000000e+00
7.363281250000000000e+00 3.945312500000000000e+00
3.613281250000000000e+00 -3.554687500000000000e+00
-3.886718750000000000e+00 1.445312500000000000e+00
-3.417968750000000000e+00 -3.242187500000000000e+00
4.082031250000000000e+00 1.757812500000000000e+00
7.832031250000000000e+00 -7.421875000000000000e-01
3.320312500000000000e-01 4.257812500000000000e+00
2.207031250000000000e+00 -1.992187500000000000e+00
9.707031250000000000e+00 3.007812500000000000e+00
5.957031250000000000e+00 -4.492187500000000000e+00
-1.542968750000000000e+00 5.078125000000000000e-01
-2.480468750000000000e+00 -1.171875000000000000e-01
5.019531250000000000e+00 4.882812500000000000e+00
8.769531250000000000e+00 -2.617187500000000000e+00
1.269531250000000000e+00 2.382812500000000000e+00
-6.054687500000000000e-01 -3.867187500000000000e+00
6.894531250000000000e+00 1.132812500000000000e+00
3.144531250000000000e+00 -1.367187500000000000e+00
-4.355468750000000000e+00 3.632812500000000000e+00
-4.121093750000000000e+00 -4.335937500000000000e+00
3.378906250000000000e+00 6.640625000000000000e-01
7.128906250000000000e+00 -1.835937500000000000e+00
-3.710937500000000000e-01 3.164062500000000000e+00
1.503906250000000000e+00 -5.859375000000000000e-01
9.003906250000000000e+00 4.414062500000000000e+00
5.253906250000000000e+00 -3.085937500000000000e+00
-2.246093750000000000e+00 1.914062500000000000e+00
-1.308593750000000000e+00 -2.460937500000000000e+00
6.191406250000000000e+00 2.539062500000000000e+00
9.941406250000000000e+00 -4.960937500000000000e+00
2.441406250000000000e+00 3.906250000000000000e-02
5.664062500000000000e-01 -3.710937500000000000e+00
8.066406250000000000e+00 1.289062500000000000e+00
4.316406250000000000e+00 -1.210937500000000000e+00
-3.183593750000000000e+00 3.789062500000000000e+00
-3.652343750000000000e+00 -8.984375000000000000e-01
3.847656250000000000e+00 4.101562500000000000e+00
7.597656250000000000e+00 -3.398437500000000000e+00
9.765625000000000000e-02 1.601562500000000000e+00
1.972656250000000000e+00 -4.648437500000000000e+00
9.472656250000000000e+00 3.515625000000000000e-01
5.722656250000000000e+00 -2.148437500000000000e+00
-1.777343750000000000e+00 2.851562500000000000e+00
-2.714843750000000000e+00 -2.773437500000000000e+00
4.785156250000000000e+00 2.226562500000000000e+00
8.535156250000000000e+00 -2.734375000000000000e-01
1.035156250000000000e+00 4.726562500000000000e+00
-8.398437500000000000e-01 -1.523437500000000000e+00
6.660156250000000000e+00 3.476562500000000000e+00
2.910156250000000000e+00 -4.023437500000000000e+00
-4.589843750000000000e+00 9.765625000000000000e-01
-4.707031250000000000e+00 -3.007812500000000000e+00
2.792968750000000000e+00 1.992187500000000000e+00
6.542968750000000000e+00 -5.078125000000000000e-01
-9.570312500000000000e-01 4.492187500000000000e+00
9.179687500000000000e-01 -1.757812500000000000e+00
8.417968750000000000e+00 3.242187500000000000e+00
4.667968750000000000e+00 -4.257812500000000000e+00
-2.832031250000000000e+00 7.421875000000000000e-01
-1.894531250000000000e+00 -1.132812500000000000e+00
5.605468750000000000e+00 3.867187500000000000e+00
9.355468750000000000e+00 -3.632812500000000000e+00
1.855468750000000000e+00 1.367187500000000000e+00
-1.953125000000000000e-02 -4.882812500000000000e+00
7.480468750000000000e+00 1.171875000000000000e-01
3.730468750000000000e+00 -2.382812500000000000e+00
-3.769531250000000000e+00 2.617187500000000000e+00
-3.300781250000000000e+00 -2.070312500000000000e+00
4.199218750000000000e+00 2.929687500000000000e+00
7.949218750000000000e+00 -4.570312500000000000e+00
4.492187500000000000e-01 4.296875000000000000e-01
2.324218750000000000e+00 -3.320312500000000000e+00
9.824218750000000000e+00 1.679687500000000000e+00
6.074218750000000000e+00 -8.203125000000000000e-01
-1.425781250000000000e+00 4.179687500000000000e+00
-2.363281250000000000e+00 -3.945312500000000000e+00
5.136718750000000000e+00 1.054687500000000000e+00
8.886718750000000000e+00 -1.445312500000000000e+00
1.386718750000000000e+00 3.554687500000000000e+00
-4.882812500000000000e-01 -1.953125000000000000e-01
7.011718750000000000e+00 4.804687500000000000e+00
3.261718750000000000e+00 -2.695312500000000000e+00
-4.238281250000000000e+00 2.304687500000000000e+00
-4.472656250000000000e+00 -3.515625000000000000e-01
3.027343750000000000e+00 4.648437500000000000e+00
6.777343750000000000e+00 -2.851562500000000000e+00
-7.226562500000000000e-01 2.148437500000000000e+00
1.152343750000000000e+00 -4.101562500000000000e+00
8.652343750000000000e+00 8.984375000000000000e-01
4.902343750000000000e+00 -1.601562500000000000e+00
-2.597656250000000000e+00 3.398437500000000000e+00
-1.660156250000000000e+00 -3.476562500000000000e+00
5.839843750000000000e+00 1.523437500000000000e+00
9.589843750000000000e+00 -9.765625000000000000e-01
2.089843750000000000e+00 4.023437500000000000e+00
2.148437500000000000e-01 -2.226562500000000000e+00
7.714843750000000000e+00 2.773437500000000000e+00
3.964843750000000000e+00 -4.726562500000000000e+00
-3.535156250000000000e+00 2.734375000000000000e-01
-4.003906250000000000e+00 -4.414062500000000000e+00
3.496093750000000000e+00 5.859375000000000000e-01
7.246093750000000000e+00 -1.914062500000000000e+00
-2.539062500000000000e-01 3.085937500000000000e+00
1.621093750000000000e+00 -6.640625000000000000e-01
9.121093750000000000e+00 4.335937500000000000e+00
5.371093750000000000e+00 -3.164062500000000000e+00
-2.128906250000000000e+00 1.835937500000000000e+00
-3.066406250000000000e+00 -1.289062500000000000e+00
4.433593750000000000e+00 3.710937500000000000e+00
8.183593750000000000e+00 -3.789062500000000000e+00
6.835937500000000000e-01 1.210937500000000000e+00
-1.191406250000000000e+00 -2.539062500000000000e+00
6.308593750000000000e+00 2.460937500000000000e+00
2.558593750000000000e+00 -3.906250000000000000e-02
-4.941406250000000000e+00 4.960937500000000000e+00
-4.912109375000000000e+00 -1.953125000000000000e-02
2.587890625000000000e+00 4.980468750000000000e+00
6.337890625000000000e+00 -2.519531250000000000e+00
-1.162109375000000000e+00 2.480468750000000000e+00
7.128906250000000000e-01 -3.769531250000000000e+00
8.212890625000000000e+00 1.230468750000000000e+00
4.462890625000000000e+00 -1.269531250000000000e+00
-3.037109375000000000e+00 3.730468750000000000e+00
-2.099609375000000000e+00 -3.144531250000000000e+00
5.400390625000000000e+00 1.855468750000000000e+00
9.150390625000000000e+00 -6.445312500000000000e-01
1.650390625000000000e+00 4.355468750000000000e+00
-2.246093750000000000e-01 -1.894531250000000000e+00
7.275390625000000000e+00 3.105468750000000000e+00
3.525390625000000000e+00 -4.394531250000000000e+00
-3.974609375000000000e+00 6.054687500000000000e-01
-3.505859375000000000e+00 -4.707031250000000000e+00
3.994140625000000000e+00 2.929687500000000000e-01
7.744140625000000000e+00 -2.207031250000000000e+00
2.441406250000000000e-01 2.792968750000000000e+00
2.119140625000000000e+00 -9.570312500000000000e-01
9.619140625000000000e+00 4.042968750000000000e+00
5.869140625000000000e+00 -3.457031250000000000e+00
-1.630859375000000000e+00 1.542968750000000000e+00
-2.568359375000000000e+00 -1.582031250000000000e+00
4.931640625000000000e+00 3.417968750000000000e+00
8.681640625000000000e+00 -4.082031250000000000e+00
1.181640625000000000e+00 9.179687500000000000e-01
-6.933593750000000000e-01 -2.832031250000000000e+00
6.806640625000000000e+00 2.167968750000000000e+00
3.056640625000000000e+00 -3.320312500000000000e-01
-4.443359375000000000e+00 4.667968750000000000e+00
-4.208984375000000000e+00 -2.675781250000000000e+00
3.291015625000000000e+00 2.324218750000000000e+00
7.041015625000000000e+00 -1.757812500000000000e-01
-4.589843750000000000e-01 4.824218750000000000e+00
1.416015625000000000e+00 -1.425781250000000000e+00
8.916015625000000000e+00 3.574218750000000000e+00
5.166015625000000000e+00 -3.925781250000000000e+00
-2.333984375000000000e+00 1.074218750000000000e+00
-1.396484375000000000e+00 -8.007812500000000000e-01
6.103515625000000000e+00 4.199218750000000000e+00
9.853515625000000000e+00 -3.300781250000000000e+00
2.353515625000000000e+00 1.699218750000000000e+00
4.785156250000000000e-01 -4.550781250000000000e+00
7.978515625000000000e+00 4.492187500000000000e-01
4.228515625000000000e+00 -2.050781250000000000e+00
-3.271484375000000000e+00 2.949218750000000000e+00
-3.740234375000000000e+00 -2.363281250000000000e+00
3.759765625000000000e+00 2.636718750000000000e+00
7.509765625000000000e+00 -4.863281250000000000e+00
9.765625000000000000e-03 1.367187500000000000e-01
1.884765625000000000e+00 -3.613281250000000000e+00
9.384765625000000000e+00 1.386718750000000000e+00
5.634765625000000000e+00 -1.113281250000000000e+00
-1.865234375000000000e+00 3.886718750000000000e+00
-2.802734375000000000e+00 -4.238281250000000000e+00
4.697265625000000000e+00 7.617187500000000000e-01
8.447265625000000000e+00 -1.738281250000000000e+00
9.472656250000000000e-01 3.261718750000000000e+00
-9.277343750000000000e-01 -4.882812500000000000e-01
6.572265625000000000e+00 4.511718750000000000e+00
2.822265625000000000e+00 -2.988281250000000000e+00
-4.677734375000000000e+00 2.011718750000000000e+00
-4.560546875000000000e+00 -4.003906250000000000e+00
2.939453125000000000e+00 9.960937500000000000e-01
6.689453125000000000e+00 -1.503906250000000000e+00
-8.105468750000000000e-01 3.496093750000000000e+00
1.064453125000000000e+00 -2.539062500000000000e-01
8.564453125000000000e+00 4.746093750000000000e+00
4.814453125000000000e+00 -2.753906250000000000e+00
-2.685546875000000000e+00 2.246093750000000000e+00
-1.748046875000000000e+00 -2.128906250000000000e+00
5.751953125000000000e+00 2.871093750000000000e+00
9.501953125000000000e+00 -4.628906250000000000e+00
2.001953125000000000e+00 3.710937500000000000e-01
1.269531250000000000e-01 -3.378906250000000000e+00
7.626953125000000000e+00 1.621093750000000000e+00
3.876953125000000000e+00 -8.789062500000000000e-01
-3.623046875000000000e+00 4.121093750000000000e+00
-3.154296875000000000e+00 -1.191406250000000000e+00
4.345703125000000000e+00 3.808593750000000000e+00
8.095703125000000000e+00 -3.691406250000000000e+00
5.957031250000000000e-01 1.308593750000000000e+00
2.470703125000000000e+00 -4.941406250000000000e+00
9.970703125000000000e+00 5.859375000000000000e-02
6.220703125000000000e+00 -2.441406250000000000e+00
-1.279296875000000000e+00 2.558593750000000000e+00
-2.216796875000000000e+00 -3.066406250000000000e+00
5.283203125000000000e+00 1.933593750000000000e+00
9.033203125000000000e+00 -5.664062500000000000e-01
1.533203125000000000e+00 4.433593750000000000e+00
-3.417968750000000000e-01 -1.816406250000000000e+00
7.158203125000000000e+00 3.183593750000000000e+00
3.408203125000000000e+00 -4.316406250000000000e+00
-4.091796875000000000e+00 6.835937500000000000e-01
-4.326171875000000000e+00 -1.347656250000000000e+00
3.173828125000000000e+00 3.652343750000000000e+00
6.923828125000000000e+00 -3.847656250000000000e+00
-5.761718750000000000e-01 1.152343750000000000e+00
1.298828125000000000e+00 -2.597656250000000000e+00
8.798828125000000000e+00 2.402343750000000000e+00
5.048828125000000000e+00 -9.765625000000000000e-02
-2.451171875000000000e+00 4.902343750000000000e+00
-1.513671875000000000e+00 -4.472656250000000000e+00
5.986328125000000000e+00 5.273437500000000000e-01
9.736328125000000000e+00 -1.972656250000000000e+00
2.236328125000000000e+00 3.027343750000000000e+00
3.613281250000000000e-01 -7.226562500000000000e-01
7.861328125000000000e+00 4.277343750000000000e+00
4.111328125000000000e+00 -3.222656250000000000e+00
-3.388671875000000000e+00 1.777343750000000000e+00
-3.857421875000000000e+00 -3.535156250000000000e+00
3.642578125000000000e+00 1.464843750000000000e+00
7.392578125000000000e+00 -1.035156250000000000e+00
-1.074218750000000000e-01 3.964843750000000000e+00
1.767578125000000000e+00 -2.285156250000000000e+00
9.267578125000000000e+00 2.714843750000000000e+00
5.517578125000000000e+00 -4.785156250000000000e+00
-1.982421875000000000e+00 2.148437500000000000e-01
-2.919921875000000000e+00 -4.101562500000000000e-01
4.580078125000000000e+00 4.589843750000000000e+00
8.330078125000000000e+00 -2.910156250000000000e+00
8.300781250000000000e-01 2.089843750000000000e+00
-1.044921875000000000e+00 -4.160156250000000000e+00
6.455078125000000000e+00 8.398437500000000000e-01
2.705078125000000000e+00 -1.660156250000000000e+00
-4.794921875000000000e+00 3.339843750000000000e+00
-4.853515625000000000e+00 -3.339843750000000000e+00
2.646484375000000000e+00 1.660156250000000000e+00
6.396484375000000000e+00 -8.398437500000000000e-01
-1.103515625000000000e+00 4.160156250000000000e+00
7.714843750000000000e-01 -2.089843750000000000e+00
8.271484375000000000e+00 2.910156250000000000e+00
4.521484375000000000e+00 -4.589843750000000000e+00
-2.978515625000000000e+00 4.101562500000000000e-01
-2.041015625000000000e+00 -2.148437500000000000e-01
5.458984375000000000e+00 4.785156250000000000e+00
9.208984375000000000e+00 -2.714843750000000000e+00
1.708984375000000000e+00 2.285156250000000000e+00
-1.660156250000000000e-01 -3.964843750000000000e+00
7.333984375000000000e+00 1.035156250000000000e+00
3.583984375000000000e+00 -1.464843750000000000e+00
-3.916015625000000000e+00 3.535156250000000000e+00
-3.447265625000000000e+00 -1.777343750000000000e+00
4.052734375000000000e+00 3.222656250000000000e+00
7.802734375000000000e+00 -4.277343750000000000e+00
3.027343750000000000e-01 7.226562500000000000e-01
2.177734375000000000e+00 -3.027343750000000000e+00
9.677734375000000000e+00 1.972656250000000000e+00
5.927734375000000000e+00 -5.273437500000000000e-01
-1.572265625000000000e+00 4.472656250000000000e+00
-2.509765625000000000e+00 -4.902343750000000000e+00
4.990234375000000000e+00 9.765625000000000000e-02
8.740234375000000000e+00 -2.402343750000000000e+00
1.240234375000000000e+00 2.597656250000000000e+00
-6.347656250000000000e-01 -1.152343750000000000e+00
6.865234375000000000e+00 3.847656250000000000e+00
3.115234375000000000e+00 -3.652343750000000000e+00
-4.384765625000000000e+00 1.347656250000000000e+00
-4.150390625000000000e+00 -6.835937500000000000e-01
3.349609375000000000e+00 4.316406250000000000e+00
7.099609375000000000e+00 -3.183593750000000000e+00
-4.003906250000000000e-01 1.816406250000000000e+00
1.474609375000000000e+00 -4.433593750000000000e+00
8.974609375000000000e+00 5.664062500000000000e-01
5.224609375000000000e+00 -1.933593750000000000e+00
-2.275390625000000000e+00 3.066406250000000000e+00
-1.337890625000000000e+00 -2.558593750000000000e+00
6.162109375000000000e+00 2.441406250000000000e+00
9.912109375000000000e+00 -5.859375000000000000e-02
2.412109375000000000e+00 4.941406250000000000e+00
5.371093750000000000e-01 -1.308593750000000000e+00
8.037109375000000000e+00 3.691406250000000000e+00
4.287109375000000000e+00 -3.808593750000000000e+00
-3.212890625000000000e+00 1.191406250000000000e+00
-3.681640625000000000e+00 -4.121093750000000000e+00
3.818359375000000000e+00 8.789062500000000000e-01
7.568359375000000000e+00 -1.621093750000000000e+00
6.835937500000000000e-02 3.378906250000000000e+00
1.943359375000000000e+00 -3.710937500000000000e-01
9.443359375000000000e+00 4.628906250000000000e+00
5.693359375000000000e+00 -2.871093750000000000e+00
-1.806640625000000000e+00 2.128906250000000000e+00
-2.744140625000000000e+00 -2.246093750000000000e+00
4.755859375000000000e+00 2.753906250000000000e+00
8.505859375000000000e+00 -4.746093750000000000e+00
1.005859375000000000e+00 2.539062500000000000e-01
-8.691406250000000000e-01 -3.496093750000000000e+00
6.630859375000000000e+00 1.503906250000000000e+00
2.880859375000000000e+00 -9.960937500000000000e-01
-4.619140625000000000e+00 4.003906250000000000e+00
-4.736328125000000000e+00 -2.011718750000000000e+00
2.763671875000000000e+00 2.988281250000000000e+00
6.513671875000000000e+00 -4.511718750000000000e+00
-9.863281250000000000e-01 4.882812500000000000e-01
8.886718750000000000e-01 -3.261718750000000000e+00
8.388671875000000000e+00 1.738281250000000000e+00
4.638671875000000000e+00 -7.617187500000000000e-01
-2.861328125000000000e+00 4.238281250000000000e+00
-1.923828125000000000e+00 -3.886718750000000000e+00
5.576171875000000000e+00 1.113281250000000000e+00
9.326171875000000000e+00 -1.386718750000000000e+00
1.826171875000000000e+00 3.613281250000000000e+00
-4.882812500000000000e-02 -1.367187500000000000e-01
7.451171875000000000e+00 4.863281250000000000e+00
3.701171875000000000e+00 -2.636718750000000000e+00
-3.798828125000000000e+00 2.363281250000000000e+00
-3.330078125000000000e+00 -2.949218750000000000e+00
4.169921875000000000e+00 2.050781250000000000e+00
7.919921875000000000e+00 -4.492187500000000000e-01
4.199218750000000000e-01 4.550781250000000000e+00
2.294921875000000000e+00 -1.699218750000000000e+00
9.794921875000000000e+00 3.300781250000000000e+00
6.044921875000000000e+00 -4.199218750000000000e+00
-1.455078125000000000e+00 8.007812500000000000e-01
-2.392578125000000000e+00 -1.074218750000000000e+00
5.107421875000000000e+00 3.925781250000000000e+00
8.857421875000000000e+00 -3.574218750000000000e+00
1.357421875000000000e+00 1.425781250000000000e+00
-5.175781250000000000e-01 -4.824218750000000000e+00
6.982421875000000000e+00 1.757812500000000000e-01
3.232421875000000000e+00 -2.324218750000000000e+00
-4.267578125000000000e+00 2.675781250000000000e+00
-4.501953125000000000e+00 -4.667968750000000000e+00
2.998046875000000000e+00 3.320312500000000000e-01
6.748046875000000000e+00 -2.167968750000000000e+00
-7.519531250000000000e-01 2.832031250000000000e+00
1.123046875000000000e+00 -9.179687500000000000e-01
8.623046875000000000e+00 4.082031250000000000e+00
4.873046875000000000e+00 -3.417968750000000000e+00
-2.626953125000000000e+00 1.582031250000000000e+00
-1.689453125000000000e+00 -1.542968750000000000e+00
5.810546875000000000e+00 3.457031250000000000e+00
9.560546875000000000e+00 -4.042968750000000000e+00
2.060546875000000000e+00 9.570312500000000000e-01
1.855468750000000000e-01 -2.792968750000000000e+00
7.685546875000000000e+00 2.207031250000000000e+00
3.935546875000000000e+00 -2.929687500000000000e-01
-3.564453125000000000e+00 4.707031250000000000e+00
-4.033203125000000000e+00 -6.054687500000000000e-01
3.466796875000000000e+00 4.394531250000000000e+00
7.216796875000000000e+00 -3.105468750000000000e+00
-2.832031250000000000e-01 1.894531250000000000e+00
1.591796875000000000e+00 -4.355468750000000000e+00
9.091796875000000000e+00 6.445312500000000000e-01
5.341796875000000000e+00 -1.855468750000000000e+00
-2.158203125000000000e+00 3.144531250000000000e+00
-3.095703125000000000e+00 -3.730468750000000000e+00
4.404296875000000000e+00 1.269531250000000000e+00
8.154296875000000000e+00 -1.230468750000000000e+00
6.542968750000000000e-01 3.769531250000000000e+00
-1.220703125000000000e+00 -2.480468750000000000e+00
6.279296875000000000e+00 2.519531250000000000e+00
2.529296875000000000e+00 -4.980468750000000000e+00
-4.970703125000000000e+00 1.953125000000000000e-02
-4.956054687500000000e+00 -2.490234375000000000e+00
2.543945312500000000e+00 2.509765625000000000e+00
6.293945312500000000e+00 -4.990234375000000000e+00
-1.206054687500000000e+00 9.765625000000000000e-03
6.689453125000000000e-01 -3.740234375000000000e+00
8.168945312500000000e+00 1.259765625000000000e+00
4.418945312500000000e+00 -1.240234375000000000e+00
-3.081054687500000000e+00 3.759765625000000000e+00
-2.143554687500000000e+00 -4.365234375000000000e+00
5.356445312500000000e+00 6.347656250000000000e-01
9.106445312500000000e+00 -1.865234375000000000e+00
1.606445312500000000e+00 3.134765625000000000e+00
-2.685546875000000000e-01 -6.152343750000000000e-01
7.231445312500000000e+00 4.384765625000000000e+00
3.481445312500000000e+00 -3.115234375000000000e+00
-4.018554687500000000e+00 1.884765625000000000e+00
-3.549804687500000000e+00 -2.802734375000000000e+00
3.950195312500000000e+00 2.197265625000000000e+00
7.700195312500000000e+00 -3.027343750000000000e-01
2.001953125000000000e-01 4.697265625000000000e+00
2.075195312500000000e+00 -1.552734375000000000e+00
9.575195312500000000e+00 3.447265625000000000e+00
5.825195312500000000e+00 -4.052734375000000000e+00
-1.674804687500000000e+00 9.472656250000000000e-01
-2.612304687500000000e+00 -9.277343750000000000e-01
4.887695312500000000e+00 4.072265625000000000e+00
8.637695312500000000e+00 -3.427734375000000000e+00
1.137695312500000000e+00 1.572265625000000000e+00
-7.373046875000000000e-01 -4.677734375000000000e+00
6.762695312500000000e+00 3.222656250000000000e-01
3.012695312500000000e+00 -2.177734375000000000e+00
-4.487304687500000000e+00 2.822265625000000000e+00
-4.252929687500000000e+00 -4.833984375000000000e+00
3.247070312500000000e+00 1.660156250000000000e-01
6.997070312500000000e+00 -2.333984375000000000e+00
-5.029296875000000000e-01 2.666015625000000000e+00
1.372070312500000000e+00 -1.083984375000000000e+00
8.872070312500000000e+00 3.916015625000000000e+00
5.122070312500000000e+00 -3.583984375000000000e+00
-2.377929687500000000e+00 1.416015625000000000e+00
-1.440429687500000000e+00 -1.708984375000000000e+00
6.059570312500000000e+00 3.291015625000000000e+00
9.809570312500000000e+00 -4.208984375000000000e+00
2.309570312500000000e+00 7.910156250000000000e-01
4.345703125000000000e-01 -2.958984375000000000e+00
7.934570312500000000e+00 2.041015625000000000e+00
4.184570312500000000e+00 -4.589843750000000000e-01
-3.315429687500000000e+00 4.541015625000000000e+00
-3.784179687500000000e+00 -1.464843750000000000e-01
3.715820312500000000e+00 4.853515625000000000e+00
7.465820312500000000e+00 -2.646484375000000000e+00
-3.417968750000000000e-02 2.353515625000000000e+00
1.840820312500000000e+00 -3.896484375000000000e+00
9.340820312500000000e+00 1.103515625000000000e+00
5.590820312500000000e+00 -1.396484375000000000e+00
-1.909179687500000000e+00 3.603515625000000000e+00
-2.846679687500000000e+00 -3.271484375000000000e+00
4.653320312500000000e+00 1.728515625000000000e+00
8.403320312500000000e+00 -7.714843750000000000e-01
9.033203125000000000e-01 4.228515625000000000e+00
-9.716796875000000000e-01 -2.021484375000000000e+00
6.528320312500000000e+00 2.978515625000000000e+00
2.778320312500000000e+00 -4.521484375000000000e+00
-4.721679687500000000e+00 4.785156250000000000e-01
-4.604492187500000000e+00 -3.505859375000000000e+00
2.895507812500000000e+00 1.494140625000000000e+00
6.645507812500000000e+00 -1.005859375000000000e+00
-8.544921875000000000e-01 3.994140625000000000e+00
1.020507812500000000e+00 -2.255859375000000000e+00
8.520507812500000000e+00 2.744140625000000000e+00
4.770507812500000000e+00 -4.755859375000000000e+00
-2.729492187500000000e+00 2.441406250000000000e-01
-1.791992187500000000e+00 -3.808593750000000000e-01
5.708007812500000000e+00 4.619140625000000000e+00
9.458007812500000000e+00 -2.880859375000000000e+00
1.958007812500000000e+00 2.119140625000000000e+00
8.300781250000000000e-02 -4.130859375000000000e+00
7.583007812500000000e+00 8.691406250000000000e-01
3.833007812500000000e+00 -1.630859375000000000e+00
-3.666992187500000000e+00 3.369140625000000000e+00
-3.198242187500000000e+00 -1.318359375000000000e+00
4.301757812500000000e+00 3.681640625000000000e+00
8.051757812500000000e+00 -3.818359375000000000e+00
5.517578125000000000e-01 1.181640625000000000e+00
2.426757812500000000e+00 -2.568359375000000000e+00
9.926757812500000000e+00 2.431640625000000000e+00
6.176757812500000000e+00 -6.835937500000000000e-02
-1.323242187500000000e+00 4.931640625000000000e+00
-2.260742187500000000e+00 -4.443359375000000000e+00
5.239257812500000000e+00 5.566406250000000000e-01
8.989257812500000000e+00 -1.943359375000000000e+00
1.489257812500000000e+00 3.056640625000000000e+00
-3.857421875000000000e-01 -6.933593750000000000e-01
7.114257812500000000e+00 4.306640625000000000e+00
3.364257812500000000e+00 -3.193359375000000000e+00
-4.135742187500000000e+00 1.806640625000000000e+00
-4.370117187500000000e+00 -1.162109375000000000e+00
3.129882812500000000e+00 3.837890625000000000e+00
6.879882812500000000e+00 -3.662109375000000000e+00
-6.201171875000000000e-01 1.337890625000000000e+00
1.254882812500000000e+00 -4.912109375000000000e+00
8.754882812500000000e+00 8.789062500000000000e-02
5.004882812500000000e+00 -2.412109375000000000e+00
-2.495117187500000000e+00 2.587890625000000000e+00
-1.557617187500000000e+00 -3.037109375000000000e+00
5.942382812500000000e+00 1.962890625000000000e+00
9.692382812500000000e+00 -5.371093750000000000e-01
2.192382812500000000e+00 4.462890625000000000e+00
3.173828125000000000e-01 -1.787109375000000000e+00
7.817382812500000000e+00 3.212890625000000000e+00
4.067382812500000000e+00 -4.287109375000000000e+00
-3.432617187500000000e+00 7.128906250000000000e-01
-3.901367187500000000e+00 -3.974609375000000000e+00
3.598632812500000000e+00 1.025390625000000000e+00
7.348632812500000000e+00 -1.474609375000000000e+00
-1.513671875000000000e-01 3.525390625000000000e+00
1.723632812500000000e+00 -2.246093750000000000e-01
9.223632812500000000e+00 4.775390625000000000e+00
5.473632812500000000e+00 -2.724609375000000000e+00
-2.026367187500000000e+00 2.275390625000000000e+00
-2.963867187500000000e+00 -2.099609375000000000e+00
4.536132812500000000e+00 2.900390625000000000e+00
8.286132812500000000e+00 -4.599609375000000000e+00
7.861328125000000000e-01 4.003906250000000000e-01
-1.088867187500000000e+00 -3.349609375000000000e+00
6.411132812500000000e+00 1.650390625000000000e+00
2.661132812500000000e+00 -8.496093750000000000e-01
-4.838867187500000000e+00 4.150390625000000000e+00
-4.780273437500000000e+00 -4.169921875000000000e+00
2.719726562500000000e+00 8.300781250000000000e-01
6.469726562500000000e+00 -1.669921875000000000e+00
-1.030273437500000000e+00 3.330078125000000000e+00
8.447265625000000000e-01 -4.199218750000000000e-01
8.344726562500000000e+00 4.580078125000000000e+00
4.594726562500000000e+00 -2.919921875000000000e+00
-2.905273437500000000e+00 2.080078125000000000e+00
-1.967773437500000000e+00 -2.294921875000000000e+00
5.532226562500000000e+00 2.705078125000000000e+00
9.282226562500000000e+00 -4.794921875000000000e+00
1.782226562500000000e+00 2.050781250000000000e-01
-9.277343750000000000e-02 -3.544921875000000000e+00
7.407226562500000000e+00 1.455078125000000000e+00
3.657226562500000000e+00 -1.044921875000000000e+00
-3.842773437500000000e+00 3.955078125000000000e+00
-3.374023437500000000e+00 -7.324218750000000000e-01
4.125976562500000000e+00 4.267578125000000000e+00
7.875976562500000000e+00 -3.232421875000000000e+00
3.759765625000000000e-01 1.767578125000000000e+00
2.250976562500000000e+00 -4.482421875000000000e+00
9.750976562500000000e+00 5.175781250000000000e-01
6.000976562500000000e+00 -1.982421875000000000e+00
-1.499023437500000000e+00 3.017578125000000000e+00
-2.436523437500000000e+00 -2.607421875000000000e+00
5.063476562500000000e+00 2.392578125000000000e+00
8.813476562500000000e+00 -1.074218750000000000e-01
1.313476562500000000e+00 4.892578125000000000e+00
-5.615234375000000000e-01 -1.357421875000000000e+00
6.938476562500000000e+00 3.642578125000000000e+00
3.188476562500000000e+00 -3.857421875000000000e+00
-4.311523437500000000e+00 1.142578125000000000e+00
-4.077148437500000000e+00 -1.826171875000000000e+00
3.422851562500000000e+00 3.173828125000000000e+00
7.172851562500000000e+00 -4.326171875000000000e+00
-3.271484375000000000e-01 6.738281250000000000e-01
1.547851562500000000e+00 -3.076171875000000000e+00
9.047851562500000000e+00 1.923828125000000000e+00
5.297851562500000000e+00 -5.761718750000000000e-01
-2.202148437500000000e+00 4.423828125000000000e+00
-1.264648437500000000e+00 -4.951171875000000000e+00
6.235351562500000000e+00 4.882812500000000000e-02
9.985351562500000000e+00 -2.451171875000000000e+00
2.485351562500000000e+00 2.548828125000000000e+00
6.103515625000000000e-01 -1.201171875000000000e+00
8.110351562500000000e+00 3.798828125000000000e+00
4.360351562500000000e+00 -3.701171875000000000e+00
-3.139648437500000000e+00 1.298828125000000000e+00
-3.608398437500000000e+00 -3.388671875000000000e+00
3.891601562500000000e+00 1.611328125000000000e+00
7.641601562500000000e+00 -8.886718750000000000e-01
1.416015625000000000e-01 4.111328125000000000e+00
2.016601562500000000e+00 -2.138671875000000000e+00
9.516601562500000000e+00 2.861328125000000000e+00
5.766601562500000000e+00 -4.638671875000000000e+00
-1.733398437500000000e+00 3.613281250000000000e-01
-2.670898437500000000e+00 -2.636718750000000000e-01
4.829101562500000000e+00 4.736328125000000000e+00
8.579101562500000000e+00 -2.763671875000000000e+00
1.079101562500000000e+00 2.236328125000000000e+00
-7.958984375000000000e-01 -4.013671875000000000e+00
6.704101562500000000e+00 9.863281250000000000e-01
2.954101562500000000e+00 -1.513671875000000000e+00
-4.545898437500000000e+00 3.486328125000000000e+00
-4.663085937500000000e+00 -4.980468750000000000e-01
2.836914062500000000e+00 4.501953125000000000e+00
6.586914062500000000e+00 -2.998046875000000000e+00
-9.130859375000000000e-01 2.001953125000000000e+00
9.619140625000000000e-01 -4.248046875000000000e+00
8.461914062500000000e+00 7.519531250000000000e-01
4.711914062500000000e+00 -1.748046875000000000e+00
-2.788085937500000000e+00 3.251953125000000000e+00
-1.850585937500000000e+00 -3.623046875000000000e+00
5.649414062500000000e+00 1.376953125000000000e+00
9.399414062500000000e+00 -1.123046875000000000e+00
1.899414062500000000e+00 3.876953125000000000e+00
2.441406250000000000e-02 -2.373046875000000000e+00
7.524414062500000000e+00 2.626953125000000000e+00
3.774414062500000000e+00 -4.873046875000000000e+00
-3.725585937500000000e+00 1.269531250000000000e-01
-3.256835937500000000e+00 -4.560546875000000000e+00
4.243164062500000000e+00 4.394531250000000000e-01
7.993164062500000000e+00 -2.060546875000000000e+00
4.931640625000000000e-01 2.939453125000000000e+00
2.368164062500000000e+00 -8.105468750000000000e-01
9.868164062500000000e+00 4.189453125000000000e+00
6.118164062500000000e+00 -3.310546875000000000e+00
-1.381835937500000000e+00 1.689453125000000000e+00
-2.319335937500000000e+00 -1.435546875000000000e+00
5.180664062500000000e+00 3.564453125000000000e+00
8.930664062500000000e+00 -3.935546875000000000e+00
1.430664062500000000e+00 1.064453125000000000e+00
-4.443359375000000000e-01 -2.685546875000000000e+00
7.055664062500000000e+00 2.314453125000000000e+00
3.305664062500000000e+00 -1.855468750000000000e-01
-4.194335937500000000e+00 4.814453125000000000e+00
-4.428710937500000000e+00 -2.841796875000000000e+00
3.071289062500000000e+00 2.158203125000000000e+00
6.821289062500000000e+00 -3.417968750000000000e-01
-6.787109375000000000e-01 4.658203125000000000e+00
1.196289062500000000e+00 -1.591796875000000000e+00
8.696289062500000000e+00 3.408203125000000000e+00
4.946289062500000000e+00 -4.091796875000000000e+00
-2.553710937500000000e+00 9.082031250000000000e-01
-1.616210937500000000e+00 -9.667968750000000000e-01
5.883789062500000000e+00 4.033203125000000000e+00
9.633789062500000000e+00 -3.466796875000000000e+00
2.133789062500000000e+00 1.533203125000000000e+00
2.587890625000000000e-01 -4.716796875000000000e+00
7.758789062500000000e+00 2.832031250000000000e-01
4.008789062500000000e+00 -2.216796875000000000e+00
-3.491210937500000000e+00 2.783203125000000000e+00
-3.959960937500000000e+00 -1.904296875000000000e+00
3.540039062500000000e+00 3.095703125000000000e+00
7.290039062500000000e+00 -4.404296875000000000e+00
-2.099609375000000000e-01 5.957031250000000000e-01
1.665039062500000000e+00 -3.154296875000000000e+00
9.165039062500000000e+00 1.845703125000000000e+00
5.415039062500000000e+00 -6.542968750000000000e-01
-2.084960937500000000e+00 4.345703125000000000e+00
-3.022460937500000000e+00 -3.779296875000000000e+00
4.477539062500000000e+00 1.220703125000000000e+00
8.227539062500000000e+00 -1.279296875000000000e+00
7.275390625000000000e-01 3.720703125000000000e+00
-1.147460937500000000e+00 -2.929687500000000000e-02
6.352539062500000000e+00 4.970703125000000000e+00
2.602539062500000000e+00 -2.529296875000000000e+00
-4.897460937500000000e+00 2.470703125000000000e+00
-4.926757812500000000e+00 -2.509765625000000000e+00
2.573242187500000000e+00 2.490234375000000000e+00
6.323242187500000000e+00 -9.765625000000000000e-03
-1.176757812500000000e+00 4.990234375000000000e+00
6.982421875000000000e-01 -1.259765625000000000e+00
8.198242187500000000e+00 3.740234375000000000e+00
4.448242187500000000e+00 -3.759765625000000000e+00
-3.051757812500000000e+00 1.240234375000000000e+00
-2.114257812500000000e+00 -6.347656250000000000e-01
5.385742187500000000e+00 4.365234375000000000e+00
9.135742187500000000e+00 -3.134765625000000000e+00
1.635742187500000000e+00 1.865234375000000000e+00
-2.392578125000000000e-01 -4.384765625000000000e+00
7.260742187500000000e+00 6.152343750000000000e-01
3.510742187500000000e+00 -1.884765625000000000e+00
-3.989257812500000000e+00 3.115234375000000000e+00
-3.520507812500000000e+00 -2.197265625000000000e+00
3.979492187500000000e+00 2.802734375000000000e+00
7.729492187500000000e+00 -4.697265625000000000e+00
2.294921875000000000e-01 3.027343750000000000e-01
2.104492187500000000e+00 -3.447265625000000000e+00
9.604492187500000000e+00 1.552734375000000000e+00
5.854492187500000000e+00 -9.472656250000000000e-01
-1.645507812500000000e+00 4.052734375000000000e+00
-2.583007812500000000e+00 -4.072265625000000000e+00
4.916992187500000000e+00 9.277343750000000000e-01
8.666992187500000000e+00 -1.572265625000000000e+00
1.166992187500000000e+00 3.427734375000000000e+00
-7.080078125000000000e-01 -3.222656250000000000e-01
6.791992187500000000e+00 4.677734375000000000e+00
3.041992187500000000e+00 -2.822265625000000000e+00
-4.458007812500000000e+00 2.177734375000000000e+00
-4.223632812500000000e+00 -1.660156250000000000e-01
3.276367187500000000e+00 4.833984375000000000e+00
7.026367187500000000e+00 -2.666015625000000000e+00
-4.736328125000000000e-01 2.333984375000000000e+00
1.401367187500000000e+00 -3.916015625000000000e+00
8.901367187500000000e+00 1.083984375000000000e+00
5.151367187500000000e+00 -1.416015625000000000e+00
-2.348632812500000000e+00 3.583984375000000000e+00
-1.411132812500000000e+00 -3.291015625000000000e+00
6.088867187500000000e+00 1.708984375000000000e+00
9.838867187500000000e+00 -7.910156250000000000e-01
2.338867187500000000e+00 4.208984375000000000e+00
4.638671875000000000e-01 -2.041015625000000000e+00
7.963867187500000000e+00 2.958984375000000000e+00
4.213867187500000000e+00 -4.541015625000000000e+00
-3.286132812500000000e+00 4.589843750000000000e-01
-3.754882812500000000e+00 -4.853515625000000000e+00
3.745117187500000000e+00 1.464843750000000000e-01
7.495117187500000000e+00 -2.353515625000000000e+00
-4.882812500000000000e-03 2.646484375000000000e+00
1.870117187500000000e+00 -1.103515625000000000e+00
9.370117187500000000e+00 3.896484375000000000e+00
5.620117187500000000e+00 -3.603515625000000000e+00
-1.879882812500000000e+00 1.396484375000000000e+00
-2.817382812500000000e+00 -1.728515625000000000e+00
4.682617187500000000e+00 3.271484375000000000e+00
8.432617187500000000e+00 -4.228515625000000000e+00
9.326171875000000000e-01 7.714843750000000000e-01
-9.423828125000000000e-01 -2.978515625000000000e+00
6.557617187500000000e+00 2.021484375000000000e+00
2.807617187500000000e+00 -4.785156250000000000e-01
-4.692382812500000000e+00 4.521484375000000000e+00
-4.575195312500000000e+00 -1.494140625000000000e+00
2.924804687500000000e+00 3.505859375000000000e+00
6.674804687500000000e+00 -3.994140625000000000e+00
-8.251953125000000000e-01 1.005859375000000000e+00
1.049804687500000000e+00 -2.744140625000000000e+00
8.549804687500000000e+00 2.255859375000000000e+00
4.799804687500000000e+00 -2.441406250000000000e-01
-2.700195312500000000e+00 4.755859375000000000e+00
-1.762695312500000000e+00 -4.619140625000000000e+00
5.737304687500000000e+00 3.808593750000000000e-01
9.487304687500000000e+00 -2.119140625000000000e+00
1.987304687500000000e+00 2.880859375000000000e+00
1.123046875000000000e-01 -8.691406250000000000e-01
7.612304687500000000e+00 4.130859375000000000e+00
3.862304687500000000e+00 -3.369140625000000000e+00
-3.637695312500000000e+00 1.630859375000000000e+00
-3.168945312500000000e+00 -3.681640625000000000e+00
4.331054687500000000e+00 1.318359375000000000e+00
8.081054687500000000e+00 -1.181640625000000000e+00
5.810546875000000000e-01 3.818359375000000000e+00
2.456054687500000000e+00 -2.431640625000000000e+00
9.956054687500000000e+00 2.568359375000000000e+00
6.206054687500000000e+00 -4.931640625000000000e+00
-1.293945312500000000e+00 6.835937500000000000e-02
-2.231445312500000000e+00 -5.566406250000000000e-01
5.268554687500000000e+00 4.443359375000000000e+00
9.018554687500000000e+00 -3.056640625000000000e+00
1.518554687500000000e+00 1.943359375000000000e+00
-3.564453125000000000e-01 -4.306640625000000000e+00
7.143554687500000000e+00 6.933593750000000000e-01
3.393554687500000000e+00 -1.806640625000000000e+00
-4.106445312500000000e+00 3.193359375000000000e+00
-4.340820312500000000e+00 -3.837890625000000000e+00
3.159179687500000000e+00 1.162109375000000000e+00
6.909179687500000000e+00 -1.337890625000000000e+00
-5.908203125000000000e-01 3.662109375000000000e+00
1.284179687500000000e+00 -8.789062500000000000e-02
8.784179687500000000e+00 4.912109375000000000e+00
5.034179687500000000e+00 -2.587890625000000000e+00
-2.465820312500000000e+00 2.412109375000000000e+00
-1.528320312500000000e+00 -1.962890625000000000e+00
5.971679687500000000e+00 3.037109375000000000e+00
9.721679687500000000e+00 -4.462890625000000000e+00
2.221679687500000000e+00 5.371093750000000000e-01
3.466796875000000000e-01 -3.212890625000000000e+00
7.846679687500000000e+00 1.787109375000000000e+00
4.096679687500000000e+00 -7.128906250000000000e-01
-3.403320312500000000e+00 4.287109375000000000e+00
-3.872070312500000000e+00 -1.025390625000000000e+00
3.627929687500000000e+00 3.974609375000000000e+00
7.377929687500000000e+00 -3.525390625000000000e+00
-1.220703125000000000e-01 1.474609375000000000e+00
1.752929687500000000e+00 -4.775390625000000000e+00
9.252929687500000000e+00 2.246093750000000000e-01
5.502929687500000000e+00 -2.275390625000000000e+00
-1.997070312500000000e+00 2.724609375000000000e+00
-2.934570312500000000e+00 -2.900390625000000000e+00
4.565429687500000000e+00 2.099609375000000000e+00
8.315429687500000000e+00 -4.003906250000000000e-01
8.154296875000000000e-01 4.599609375000000000e+00
-1.059570312500000000e+00 -1.650390625000000000e+00
6.440429687500000000e+00 3.349609375000000000e+00
2.690429687500000000e+00 -4.150390625000000000e+00
-4.809570312500000000e+00 8.496093750000000000e-01
-4.868164062500000000e+00 -8.300781250000000000e-01
2.631835937500000000e+00 4.169921875000000000e+00
6.381835937500000000e+00 -3.330078125000000000e+00
-1.118164062500000000e+00 1.669921875000000000e+00
7.568359375000000000e-01 -4.580078125000000000e+00
8.256835937500000000e+00 4.199218750000000000e-01
4.506835937500000000e+00 -2.080078125000000000e+00
-2.993164062500000000e+00 2.919921875000000000e+00
-2.055664062500000000e+00 -2.705078125000000000e+00
5.444335937500000000e+00 2.294921875000000000e+00
9.194335937500000000e+00 -2.050781250000000000e-01
1.694335937500000000e+00 4.794921875000000000e+00
-1.806640625000000000e-01 -1.455078125000000000e+00
7.319335937500000000e+00 3.544921875000000000e+00
3.569335937500000000e+00 -3.955078125000000000e+00
-3.930664062500000000e+00 1.044921875000000000e+00
-3.461914062500000000e+00 -4.267578125000000000e+00
4.038085937500000000e+00 7.324218750000000000e-01
7.788085937500000000e+00 -1.767578125000000000e+00
2.880859375000000000e-01 3.232421875000000000e+00
2.163085937500000000e+00 -5.175781250000000000e-01
9.663085937500000000e+00 4.482421875000000000e+00
5.913085937500000000e+00 -3.017578125000000000e+00
-1.586914062500000000e+00 1.982421875000000000e+00
-2.524414062500000000e+00 -2.392578125000000000e+00
4.975585937500000000e+00 2.607421875000000000e+00
8.725585937500000000e+00 -4.892578125000000000e+00
1.225585937500000000e+00 1.074218750000000000e-01
-6.494140625000000000e-01 -3.642578125000000000e+00
6.850585937500000000e+00 1.357421875000000000e+00
3.100585937500000000e+00 -1.142578125000000000e+00
-4.399414062500000000e+00 3.857421875000000000e+00
-4.165039062500000000e+00 -3.173828125000000000e+00
3.334960937500000000e+00 1.826171875000000000e+00
7.084960937500000000e+00 -6.738281250000000000e-01
-4.150390625000000000e-01 4.326171875000000000e+00
1.459960937500000000e+00 -1.923828125000000000e+00
8.959960937500000000e+00 3.076171875000000000e+00
5.209960937500000000e+00 -4.423828125000000000e+00
-2.290039062500000000e+00 5.761718750000000000e-01
-1.352539062500000000e+00 -4.882812500000000000e-02
6.147460937500000000e+00 4.951171875000000000e+00
9.897460937500000000e+00 -2.548828125000000000e+00
2.397460937500000000e+00 2.451171875000000000e+00
5.224609375000000000e-01 -3.798828125000000000e+00
8.022460937500000000e+00 1.201171875000000000e+00
4.272460937500000000e+00 -1.298828125000000000e+00
-3.227539062500000000e+00 3.701171875000000000e+00
-3.696289062500000000e+00 -1.611328125000000000e+00
3.803710937500000000e+00 3.388671875000000000e+00
7.553710937500000000e+00 -4.111328125000000000e+00
5.371093750000000000e-02 8.886718750000000000e-01
1.928710937500000000e+00 -2.861328125000000000e+00
9.428710937500000000e+00 2.138671875000000000e+00
5.678710937500000000e+00 -3.613281250000000000e-01
-1.821289062500000000e+00 4.638671875000000000e+00
-2.758789062500000000e+00 -4.736328125000000000e+00
4.741210937500000000e+00 2.636718750000000000e-01
8.491210937500000000e+00 -2.236328125000000000e+00
9.912109375000000000e-01 2.763671875000000000e+00
-8.837890625000000000e-01 -9.863281250000000000e-01
6.616210937500000000e+00 4.013671875000000000e+00
2.866210937500000000e+00 -3.486328125000000000e+00
-4.633789062500000000e+00 1.513671875000000000e+00
-4.750976562500000000e+00 -4.501953125000000000e+00
2.749023437500000000e+00 4.980468750000000000e-01
6.499023437500000000e+00 -2.001953125000000000e+00
-1.000976562500000000e+00 2.998046875000000000e+00
8.740234375000000000e-01 -7.519531250000000000e-01
8.374023437500000000e+00 4.248046875000000000e+00
4.624023437500000000e+00 -3.251953125000000000e+00
-2.875976562500000000e+00 1.748046875000000000e+00
-1.938476562500000000e+00 -1.376953125000000000e+00
5.561523437500000000e+00 3.623046875000000000e+00
9.311523437500000000e+00 -3.876953125000000000e+00
1.811523437500000000e+00 1.123046875000000000e+00
-6.347656250000000000e-02 -2.626953125000000000e+00
7.436523437500000000e+00 2.373046875000000000e+00
3.686523437500000000e+00 -1.269531250000000000e-01
-3.813476562500000000e+00 4.873046875000000000e+00
-3.344726562500000000e+00 -4.394531250000000000e-01
4.155273437500000000e+00 4.560546875000000000e+00
7.905273437500000000e+00 -2.939453125000000000e+00
4.052734375000000000e-01 2.060546875000000000e+00
2.280273437500000000e+00 -4.189453125000000000e+00
9.780273437500000000e+00 8.105468750000000000e-01
6.030273437500000000e+00 -1.689453125000000000e+00
-1.469726562500000000e+00 3.310546875000000000e+00
-2.407226562500000000e+00 -3.564453125000000000e+00
5.092773437500000000e+00 1.435546875000000000e+00
8.842773437500000000e+00 -1.064453125000000000e+00
1.342773437500000000e+00 3.935546875000000000e+00
-5.322265625000000000e-01 -2.314453125000000000e+00
6.967773437500000000e+00 2.685546875000000000e+00
3.217773437500000000e+00 -4.814453125000000000e+00
-4.282226562500000000e+00 1.855468750000000000e-01
-4.516601562500000000e+00 -2.158203125000000000e+00
2.983398437500000000e+00 2.841796875000000000e+00
6.733398437500000000e+00 -4.658203125000000000e+00
-7.666015625000000000e-01 3.417968750000000000e-01
1.108398437500000000e+00 -3.408203125000000000e+00
8.608398437500000000e+00 1.591796875000000000e+00
4.858398437500000000e+00 -9.082031250000000000e-01
-2.641601562500000000e+00 4.091796875000000000e+00
-1.704101562500000000e+00 -4.033203125000000000e+00
5.795898437500000000e+00 9.667968750000000000e-01
9.545898437500000000e+00 -1.533203125000000000e+00
2.045898437500000000e+00 3.466796875000000000e+00
1.708984375000000000e-01 -2.832031250000000000e-01
7.670898437500000000e+00 4.716796875000000000e+00
3.920898437500000000e+00 -2.783203125000000000e+00
-3.579101562500000000e+00 2.216796875000000000e+00
-4.047851562500000000e+00 -3.095703125000000000e+00
3.452148437500000000e+00 1.904296875000000000e+00
7.202148437500000000e+00 -5.957031250000000000e-01
-2.978515625000000000e-01 4.404296875000000000e+00
1.577148437500000000e+00 -1.845703125000000000e+00
9.077148437500000000e+00 3.154296875000000000e+00
5.327148437500000000e+00 -4.345703125000000000e+00
-2.172851562500000000e+00 6.542968750000000000e-01
-3.110351562500000000e+00 -1.220703125000000000e+00
4.389648437500000000e+00 3.779296875000000000e+00
8.139648437500000000e+00 -3.720703125000000000e+00
6.396484375000000000e-01 1.279296875000000000e+00
-1.235351562500000000e+00 -4.970703125000000000e+00
6.264648437500000000e+00 2.929687500000000000e-02
2.514648437500000000e+00 -2.470703125000000000e+00
-4.985351562500000000e+00 2.529296875000000000e+00
-4.978027343750000000e+00 -1.235351562500000000e+00
2.521972656250000000e+00 3.764648437500000000e+00
6.271972656250000000e+00 -3.735351562500000000e+00
-1.228027343750000000e+00 1.264648437500000000e+00
6.469726562500000000e-01 -4.985351562500000000e+00
8.146972656250000000e+00 1.464843750000000000e-02
4.396972656250000000e+00 -2.485351562500000000e+00
-3.103027343750000000e+00 2.514648437500000000e+00
-2.165527343750000000e+00 -3.110351562500000000e+00
5.334472656250000000e+00 1.889648437500000000e+00
9.084472656250000000e+00 -6.103515625000000000e-01
1.584472656250000000e+00 4.389648437500000000e+00
-2.905273437500000000e-01 -1.860351562500000000e+00
7.209472656250000000e+00 3.139648437500000000e+00
3.459472656250000000e+00 -4.360351562500000000e+00
-4.040527343750000000e+00 6.396484375000000000e-01
-3.571777343750000000e+00 -4.047851562500000000e+00
3.928222656250000000e+00 9.521484375000000000e-01
7.678222656250000000e+00 -1.547851562500000000e+00
1.782226562500000000e-01 3.452148437500000000e+00
2.053222656250000000e+00 -2.978515625000000000e-01
9.553222656250000000e+00 4.702148437500000000e+00
5.803222656250000000e+00 -2.797851562500000000e+00
-1.696777343750000000e+00 2.202148437500000000e+00
-2.634277343750000000e+00 -2.172851562500000000e+00
4.865722656250000000e+00 2.827148437500000000e+00
8.615722656250000000e+00 -4.672851562500000000e+00
1.115722656250000000e+00 3.271484375000000000e-01
-7.592773437500000000e-01 -3.422851562500000000e+00
6.740722656250000000e+00 1.577148437500000000e+00
2.990722656250000000e+00 -9.228515625000000000e-01
-4.509277343750000000e+00 4.077148437500000000e+00
-4.274902343750000000e+00 -3.579101562500000000e+00
3.225097656250000000e+00 1.420898437500000000e+00
6.975097656250000000e+00 -1.079101562500000000e+00
-5.249023437500000000e-01 3.920898437500000000e+00
1.350097656250000000e+00 -2.329101562500000000e+00
8.850097656250000000e+00 2.670898437500000000e+00
5.100097656250000000e+00 -4.829101562500000000e+00
-2.399902343750000000e+00 1.708984375000000000e-01
-1.462402343750000000e+00 -4.541015625000000000e-01
6.037597656250000000e+00 4.545898437500000000e+00
9.787597656250000000e+00 -2.954101562500000000e+00
2.287597656250000000e+00 2.045898437500000000e+00
4.125976562500000000e-01 -4.204101562500000000e+00
7.912597656250000000e+00 7.958984375000000000e-01
4.162597656250000000e+00 -1.704101562500000000e+00
-3.337402343750000000e+00 3.295898437500000000e+00
-3.806152343750000000e+00 -1.391601562500000000e+00
3.693847656250000000e+00 3.608398437500000000e+00
7.443847656250000000e+00 -3.891601562500000000e+00
-5.615234375000000000e-02 1.108398437500000000e+00
1.818847656250000000e+00 -2.641601562500000000e+00
9.318847656250000000e+00 2.358398437500000000e+00
5.568847656250000000e+00 -1.416015625000000000e-01
-1.931152343750000000e+00 4.858398437500000000e+00
-2.868652343750000000e+00 -4.516601562500000000e+00
4.631347656250000000e+00 4.833984375000000000e-01
8.381347656250000000e+00 -2.016601562500000000e+00
8.813476562500000000e-01 2.983398437500000000e+00
-9.936523437500000000e-01 -7.666015625000000000e-01
6.506347656250000000e+00 4.233398437500000000e+00
2.756347656250000000e+00 -3.266601562500000000e+00
-4.743652343750000000e+00 1.733398437500000000e+00
-4.626464843750000000e+00 -4.750976562500000000e+00
2.873535156250000000e+00 2.490234375000000000e-01
6.623535156250000000e+00 -2.250976562500000000e+00
-8.764648437500000000e-01 2.749023437500000000e+00
9.985351562500000000e-01 -1.000976562500000000e+00
8.498535156250000000e+00 3.999023437500000000e+00
4.748535156250000000e+00 -3.500976562500000000e+00
-2.751464843750000000e+00 1.499023437500000000e+00
-1.813964843750000000e+00 -1.625976562500000000e+00
5.686035156250000000e+00 3.374023437500000000e+00
9.436035156250000000e+00 -4.125976562500000000e+00
1.936035156250000000e+00 8.740234375000000000e-01
6.103515625000000000e-02 -2.875976562500000000e+00
7.561035156250000000e+00 2.124023437500000000e+00
3.811035156250000000e+00 -3.759765625000000000e-01
-3.688964843750000000e+00 4.624023437500000000e+00
-3.220214843750000000e+00 -6.347656250000000000e-02
4.279785156250000000e+00 4.936523437500000000e+00
8.029785156250000000e+00 -2.563476562500000000e+00
5.297851562500000000e-01 2.436523437500000000e+00
2.404785156250000000e+00 -3.813476562500000000e+00
9.904785156250000000e+00 1.186523437500000000e+00
6.154785156250000000e+00 -1.313476562500000000e+00
-1.345214843750000000e+00 3.686523437500000000e+00
-2.282714843750000000e+00 -3.188476562500000000e+00
5.217285156250000000e+00 1.811523437500000000e+00
8.967285156250000000e+00 -6.884765625000000000e-01
1.467285156250000000e+00 4.311523437500000000e+00
-4.077148437500000000e-01 -1.938476562500000000e+00
7.092285156250000000e+00 3.061523437500000000e+00
3.342285156250000000e+00 -4.438476562500000000e+00
-4.157714843750000000e+00 5.615234375000000000e-01
-4.392089843750000000e+00 -2.407226562500000000e+00
3.107910156250000000e+00 2.592773437500000000e+00
6.857910156250000000e+00 -4.907226562500000000e+00
-6.420898437500000000e-01 9.277343750000000000e-02
1.232910156250000000e+00 -3.657226562500000000e+00
8.732910156250000000e+00 1.342773437500000000e+00
4.982910156250000000e+00 -1.157226562500000000e+00
-2.517089843750000000e+00 3.842773437500000000e+00
-1.579589843750000000e+00 -4.282226562500000000e+00
5.920410156250000000e+00 7.177734375000000000e-01
9.670410156250000000e+00 -1.782226562500000000e+00
2.170410156250000000e+00 3.217773437500000000e+00
2.954101562500000000e-01 -5.322265625000000000e-01
7.795410156250000000e+00 4.467773437500000000e+00
4.045410156250000000e+00 -3.032226562500000000e+00
-3.454589843750000000e+00 1.967773437500000000e+00
-3.923339843750000000e+00 -2.719726562500000000e+00
3.576660156250000000e+00 2.280273437500000000e+00
7.326660156250000000e+00 -2.197265625000000000e-01
-1.733398437500000000e-01 4.780273437500000000e+00
1.701660156250000000e+00 -1.469726562500000000e+00
9.201660156250000000e+00 3.530273437500000000e+00
5.451660156250000000e+00 -3.969726562500000000e+00
-2.048339843750000000e+00 1.030273437500000000e+00
-2.985839843750000000e+00 -8.447265625000000000e-01
4.514160156250000000e+00 4.155273437500000000e+00
8.264160156250000000e+00 -3.344726562500000000e+00
7.641601562500000000e-01 1.655273437500000000e+00
-1.110839843750000000e+00 -4.594726562500000000e+00
6.389160156250000000e+00 4.052734375000000000e-01
2.639160156250000000e+00 -2.094726562500000000e+00
-4.860839843750000000e+00 2.905273437500000000e+00
-4.802246093750000000e+00 -2.915039062500000000e+00
2.697753906250000000e+00 2.084960937500000000e+00
6.447753906250000000e+00 -4.150390625000000000e-01
-1.052246093750000000e+00 4.584960937500000000e+00
8.227539062500000000e-01 -1.665039062500000000e+00
8.322753906250000000e+00 3.334960937500000000e+00
4.572753906250000000e+00 -4.165039062500000000e+00
-2.927246093750000000e+00 8.349609375000000000e-01
-1.989746093750000000e+00 -1.040039062500000000e+00
5.510253906250000000e+00 3.959960937500000000e+00
9.260253906250000000e+00 -3.540039062500000000e+00
1.760253906250000000e+00 1.459960937500000000e+00
-1.147460937500000000e-01 -4.790039062500000000e+00
7.385253906250000000e+00 2.099609375000000000e-01
3.635253906250000000e+00 -2.290039062500000000e+00
-3.864746093750000000e+00 2.709960937500000000e+00
-3.395996093750000000e+00 -1.977539062500000000e+00
4.104003906250000000e+00 3.022460937500000000e+00
7.854003906250000000e+00 -4.477539062500000000e+00
3.540039062500000000e-01 5.224609375000000000e-01
2.229003906250000000e+00 -3.227539062500000000e+00
9.729003906250000000e+00 1.772460937500000000e+00
5.979003906250000000e+00 -7.275390625000000000e-01
-1.520996093750000000e+00 4.272460937500000000e+00
-2.458496093750000000e+00 -3.852539062500000000e+00
5.041503906250000000e+00 1.147460937500000000e+00
8.791503906250000000e+00 -1.352539062500000000e+00
1.291503906250000000e+00 3.647460937500000000e+00
-5.834960937500000000e-01 -1.025390625000000000e-01
6.916503906250000000e+00 4.897460937500000000e+00
3.166503906250000000e+00 -2.602539062500000000e+00
-4.333496093750000000e+00 2.397460937500000000e+00
-4.099121093750000000e+00 -5.712890625000000000e-01
3.400878906250000000e+00 4.428710937500000000e+00
7.150878906250000000e+00 -3.071289062500000000e+00
-3.491210937500000000e-01 1.928710937500000000e+00
1.525878906250000000e+00 -4.321289062500000000e+00
9.025878906250000000e+00 6.787109375000000000e-01
5.275878906250000000e+00 -1.821289062500000000e+00
-2.224121093750000000e+00 3.178710937500000000e+00
-1.286621093750000000e+00 -3.696289062500000000e+00
6.213378906250000000e+00 1.303710937500000000e+00
9.963378906250000000e+00 -1.196289062500000000e+00
2.463378906250000000e+00 3.803710937500000000e+00
5.883789062500000000e-01 -2.446289062500000000e+00
8.088378906250000000e+00 2.553710937500000000e+00
4.338378906250000000e+00 -4.946289062500000000e+00
-3.161621093750000000e+00 5.371093750000000000e-02
-3.630371093750000000e+00 -4.633789062500000000e+00
3.869628906250000000e+00 3.662109375000000000e-01
7.619628906250000000e+00 -2.133789062500000000e+00
1.196289062500000000e-01 2.866210937500000000e+00
1.994628906250000000e+00 -8.837890625000000000e-01
9.494628906250000000e+00 4.116210937500000000e+00
5.744628906250000000e+00 -3.383789062500000000e+00
-1.755371093750000000e+00 1.616210937500000000e+00
-2.692871093750000000e+00 -1.508789062500000000e+00
4.807128906250000000e+00 3.491210937500000000e+00
8.557128906250000000e+00 -4.008789062500000000e+00
1.057128906250000000e+00 9.912109375000000000e-01
-8.178710937500000000e-01 -2.758789062500000000e+00
6.682128906250000000e+00 2.241210937500000000e+00
2.932128906250000000e+00 -2.587890625000000000e-01
-4.567871093750000000e+00 4.741210937500000000e+00
-4.685058593750000000e+00 -1.743164062500000000e+00
2.814941406250000000e+00 3.256835937500000000e+00
6.564941406250000000e+00 -4.243164062500000000e+00
-9.350585937500000000e-01 7.568359375000000000e-01
9.399414062500000000e-01 -2.993164062500000000e+00
8.439941406250000000e+00 2.006835937500000000e+00
4.689941406250000000e+00 -4.931640625000000000e-01
-2.810058593750000000e+00 4.506835937500000000e+00
-1.872558593750000000e+00 -4.868164062500000000e+00
5.627441406250000000e+00 1.318359375000000000e-01
9.377441406250000000e+00 -2.368164062500000000e+00
1.877441406250000000e+00 2.631835937500000000e+00
2.441406250000000000e-03 -1.118164062500000000e+00
7.502441406250000000e+00 3.881835937500000000e+00
3.752441406250000000e+00 -3.618164062500000000e+00
-3.747558593750000000e+00 1.381835937500000000e+00
-3.278808593750000000e+00 -3.305664062500000000e+00
4.221191406250000000e+00 1.694335937500000000e+00
7.971191406250000000e+00 -8.056640625000000000e-01
4.711914062500000000e-01 4.194335937500000000e+00
2.346191406250000000e+00 -2.055664062500000000e+00
9.846191406250000000e+00 2.944335937500000000e+00
6.096191406250000000e+00 -4.555664062500000000e+00
-1.403808593750000000e+00 4.443359375000000000e-01
-2.341308593750000000e+00 -1.806640625000000000e-01
5.158691406250000000e+00 4.819335937500000000e+00
8.908691406250000000e+00 -2.680664062500000000e+00
1.408691406250000000e+00 2.319335937500000000e+00
-4.663085937500000000e-01 -3.930664062500000000e+00
7.033691406250000000e+00 1.069335937500000000e+00
3.283691406250000000e+00 -1.430664062500000000e+00
-4.216308593750000000e+00 3.569335937500000000e+00
-4.450683593750000000e+00 -4.086914062500000000e+00
3.049316406250000000e+00 9.130859375000000000e-01
6.799316406250000000e+00 -1.586914062500000000e+00
-7.006835937500000000e-01 3.413085937500000000e+00
1.174316406250000000e+00 -3.369140625000000000e-01
8.674316406250000000e+00 4.663085937500000000e+00
4.924316406250000000e+00 -2.836914062500000000e+00
-2.575683593750000000e+00 2.163085937500000000e+00
-1.638183593750000000e+00 -2.211914062500000000e+00
5.861816406250000000e+00 2.788085937500000000e+00
9.611816406250000000e+00 -4.711914062500000000e+00
2.111816406250000000e+00 2.880859375000000000e-01
2.368164062500000000e-01 -3.461914062500000000e+00
7.736816406250000000e+00 1.538085937500000000e+00
3.986816406250000000e+00 -9.619140625000000000e-01
-3.513183593750000000e+00 4.038085937500000000e+00
-3.981933593750000000e+00 -6.494140625000000000e-01
3.518066406250000000e+00 4.350585937500000000e+00
7.268066406250000000e+00 -3.149414062500000000e+00
-2.319335937500000000e-01 1.850585937500000000e+00
1.643066406250000000e+00 -4.399414062500000000e+00
9.143066406250000000e+00 6.005859375000000000e-01
5.393066406250000000e+00 -1.899414062500000000e+00
-2.106933593750000000e+00 3.100585937500000000e+00
-3.044433593750000000e+00 -2.524414062500000000e+00
4.455566406250000000e+00 2.475585937500000000e+00
8.205566406250000000e+00 -2.441406250000000000e-02
7.055664062500000000e-01 4.975585937500000000e+00
-1.169433593750000000e+00 -1.274414062500000000e+00
6.330566406250000000e+00 3.725585937500000000e+00
2.580566406250000000e+00 -3.774414062500000000e+00
-4.919433593750000000e+00 1.225585937500000000e+00
-4.890136718750000000e+00 -3.754882812500000000e+00
2.609863281250000000e+00 1.245117187500000000e+00
6.359863281250000000e+00 -1.254882812500000000e+00
-1.140136718750000000e+00 3.745117187500000000e+00
7.348632812500000000e-01 -4.882812500000000000e-03
8.234863281250000000e+00 4.995117187500000000e+00
4.484863281250000000e+00 -2.504882812500000000e+00
-3.015136718750000000e+00 2.495117187500000000e+00
-2.077636718750000000e+00 -1.879882812500000000e+00
5.422363281250000000e+00 3.120117187500000000e+00
9.172363281250000000e+00 -4.379882812500000000e+00
1.672363281250000000e+00 6.201171875000000000e-01
-2.026367187500000000e-01 -3.129882812500000000e+00
7.297363281250000000e+00 1.870117187500000000e+00
3.547363281250000000e+00 -6.298828125000000000e-01
-3.952636718750000000e+00 4.370117187500000000e+00
-3.483886718750000000e+00 -9.423828125000000000e-01
4.016113281250000000e+00 4.057617187500000000e+00
7.766113281250000000e+00 -3.442382812500000000e+00
2.661132812500000000e-01 1.557617187500000000e+00
2.141113281250000000e+00 -4.692382812500000000e+00
9.641113281250000000e+00 3.076171875000000000e-01
5.891113281250000000e+00 -2.192382812500000000e+00
-1.608886718750000000e+00 2.807617187500000000e+00
-2.546386718750000000e+00 -2.817382812500000000e+00
4.953613281250000000e+00 2.182617187500000000e+00
8.703613281250000000e+00 -3.173828125000000000e-01
1.203613281250000000e+00 4.682617187500000000e+00
-6.713867187500000000e-01 -1.567382812500000000e+00
6.828613281250000000e+00 3.432617187500000000e+00
3.078613281250000000e+00 -4.067382812500000000e+00
-4.421386718750000000e+00 9.326171875000000000e-01
-4.187011718750000000e+00 -1.411132812500000000e+00
3.312988281250000000e+00 3.588867187500000000e+00
7.062988281250000000e+00 -3.911132812500000000e+00
-4.370117187500000000e-01 1.088867187500000000e+00
1.437988281250000000e+00 -2.661132812500000000e+00
8.937988281250000000e+00 2.338867187500000000e+00
5.187988281250000000e+00 -1.611328125000000000e-01
-2.312011718750000000e+00 4.838867187500000000e+00
-1.374511718750000000e+00 -4.536132812500000000e+00
6.125488281250000000e+00 4.638671875000000000e-01
9.875488281250000000e+00 -2.036132812500000000e+00
2.375488281250000000e+00 2.963867187500000000e+00
5.004882812500000000e-01 -7.861328125000000000e-01
8.000488281250000000e+00 4.213867187500000000e+00
4.250488281250000000e+00 -3.286132812500000000e+00
-3.249511718750000000e+00 1.713867187500000000e+00
-3.718261718750000000e+00 -3.598632812500000000e+00
3.781738281250000000e+00 1.401367187500000000e+00
7.531738281250000000e+00 -1.098632812500000000e+00
3.173828125000000000e-02 3.901367187500000000e+00
1.906738281250000000e+00 -2.348632812500000000e+00
9.406738281250000000e+00 2.651367187500000000e+00
5.656738281250000000e+00 -4.848632812500000000e+00
-1.843261718750000000e+00 1.513671875000000000e-01
-2.780761718750000000e+00 -4.736328125000000000e-01
4.719238281250000000e+00 4.526367187500000000e+00
8.469238281250000000e+00 -2.973632812500000000e+00
9.692382812500000000e-01 2.026367187500000000e+00
-9.057617187500000000e-01 -4.223632812500000000e+00
6.594238281250000000e+00 7.763671875000000000e-01
2.844238281250000000e+00 -1.723632812500000000e+00
-4.655761718750000000e+00 3.276367187500000000e+00
-4.538574218750000000e+00 -2.392578125000000000e-01
2.961425781250000000e+00 4.760742187500000000e+00
6.711425781250000000e+00 -2.739257812500000000e+00
-7.885742187500000000e-01 2.260742187500000000e+00
1.086425781250000000e+00 -3.989257812500000000e+00
8.586425781250000000e+00 1.010742187500000000e+00
4.836425781250000000e+00 -1.489257812500000000e+00
-2.663574218750000000e+00 3.510742187500000000e+00
-1.726074218750000000e+00 -3.364257812500000000e+00
5.773925781250000000e+00 1.635742187500000000e+00
9.523925781250000000e+00 -8.642578125000000000e-01
2.023925781250000000e+00 4.135742187500000000e+00
1.489257812500000000e-01 -2.114257812500000000e+00
7.648925781250000000e+00 2.885742187500000000e+00
3.898925781250000000e+00 -4.614257812500000000e+00
-3.601074218750000000e+00 3.857421875000000000e-01
-3.132324218750000000e+00 -4.926757812500000000e+00
4.367675781250000000e+00 7.324218750000000000e-02
8.117675781250000000e+00 -2.426757812500000000e+00
6.176757812500000000e-01 2.573242187500000000e+00
2.492675781250000000e+00 -1.176757812500000000e+00
9.992675781250000000e+00 3.823242187500000000e+00
6.242675781250000000e+00 -3.676757812500000000e+00
-1.257324218750000000e+00 1.323242187500000000e+00
-2.194824218750000000e+00 -1.801757812500000000e+00
5.305175781250000000e+00 3.198242187500000000e+00
9.055175781250000000e+00 -4.301757812500000000e+00
1.555175781250000000e+00 6.982421875000000000e-01
-3.198242187500000000e-01 -3.051757812500000000e+00
7.180175781250000000e+00 1.948242187500000000e+00
3.430175781250000000e+00 -5.517578125000000000e-01
-4.069824218750000000e+00 4.448242187500000000e+00
-4.304199218750000000e+00 -2.583007812500000000e+00
3.195800781250000000e+00 2.416992187500000000e+00
6.945800781250000000e+00 -8.300781250000000000e-02
-5.541992187500000000e-01 4.916992187500000000e+00
1.320800781250000000e+00 -1.333007812500000000e+00
8.820800781250000000e+00 3.666992187500000000e+00
5.070800781250000000e+00 -3.833007812500000000e+00
-2.429199218750000000e+00 1.166992187500000000e+00
-1.491699218750000000e+00 -7.080078125000000000e-01
6.008300781250000000e+00 4.291992187500000000e+00
9.758300781250000000e+00 -3.208007812500000000e+00
2.258300781250000000e+00 1.791992187500000000e+00
3.833007812500000000e-01 -4.458007812500000000e+00
7.883300781250000000e+00 5.419921875000000000e-01
4.133300781250000000e+00 -1.958007812500000000e+00
-3.366699218750000000e+00 3.041992187500000000e+00
-3.835449218750000000e+00 -2.270507812500000000e+00
3.664550781250000000e+00 2.729492187500000000e+00
7.414550781250000000e+00 -4.770507812500000000e+00
-8.544921875000000000e-02 2.294921875000000000e-01
1.789550781250000000e+00 -3.520507812500000000e+00
9.289550781250000000e+00 1.479492187500000000e+00
5.539550781250000000e+00 -1.020507812500000000e+00
-1.960449218750000000e+00 3.979492187500000000e+00
-2.897949218750000000e+00 -4.145507812500000000e+00
4.602050781250000000e+00 8.544921875000000000e-01
8.352050781250000000e+00 -1.645507812500000000e+00
8.520507812500000000e-01 3.354492187500000000e+00
-1.022949218750000000e+00 -3.955078125000000000e-01
6.477050781250000000e+00 4.604492187500000000e+00
2.727050781250000000e+00 -2.895507812500000000e+00
-4.772949218750000000e+00 2.104492187500000000e+00
-4.831542968750000000e+00 -2.075195312500000000e+00
2.668457031250000000e+00 2.924804687500000000e+00
6.418457031250000000e+00 -4.575195312500000000e+00
-1.081542968750000000e+00 4.248046875000000000e-01
7.934570312500000000e-01 -3.325195312500000000e+00
8.293457031250000000e+00 1.674804687500000000e+00
4.543457031250000000e+00 -8.251953125000000000e-01
-2.956542968750000000e+00 4.174804687500000000e+00
-2.019042968750000000e+00 -3.950195312500000000e+00
5.480957031250000000e+00 1.049804687500000000e+00
9.230957031250000000e+00 -1.450195312500000000e+00
1.730957031250000000e+00 3.549804687500000000e+00
-1.440429687500000000e-01 -2.001953125000000000e-01
7.355957031250000000e+00 4.799804687500000000e+00
3.605957031250000000e+00 -2.700195312500000000e+00
-3.894042968750000000e+00 2.299804687500000000e+00
-3.425292968750000000e+00 -3.012695312500000000e+00
4.074707031250000000e+00 1.987304687500000000e+00
7.824707031250000000e+00 -5.126953125000000000e-01
3.247070312500000000e-01 4.487304687500000000e+00
2.199707031250000000e+00 -1.762695312500000000e+00
9.699707031250000000e+00 3.237304687500000000e+00
5.949707031250000000e+00 -4.262695312500000000e+00
-1.550292968750000000e+00 7.373046875000000000e-01
-2.487792968750000000e+00 -1.137695312500000000e+00
5.012207031250000000e+00 3.862304687500000000e+00
8.762207031250000000e+00 -3.637695312500000000e+00
1.262207031250000000e+00 1.362304687500000000e+00
-6.127929687500000000e-01 -4.887695312500000000e+00
6.887207031250000000e+00 1.123046875000000000e-01
3.137207031250000000e+00 -2.387695312500000000e+00
-4.362792968750000000e+00 2.612304687500000000e+00
-4.128417968750000000e+00 -4.418945312500000000e+00
3.371582031250000000e+00 5.810546875000000000e-01
7.121582031250000000e+00 -1.918945312500000000e+00
-3.784179687500000000e-01 3.081054687500000000e+00
1.496582031250000000e+00 -6.689453125000000000e-01
8.996582031250000000e+00 4.331054687500000000e+00
5.246582031250000000e+00 -3.168945312500000000e+00
-2.253417968750000000e+00 1.831054687500000000e+00
-1.315917968750000000e+00 -1.293945312500000000e+00
6.184082031250000000e+00 3.706054687500000000e+00
9.934082031250000000e+00 -3.793945312500000000e+00
2.434082031250000000e+00 1.206054687500000000e+00
5.590820312500000000e-01 -2.543945312500000000e+00
8.059082031250000000e+00 2.456054687500000000e+00
4.309082031250000000e+00 -4.394531250000000000e-02
-3.190917968750000000e+00 4.956054687500000000e+00
-3.659667968750000000e+00 -3.564453125000000000e-01
3.840332031250000000e+00 4.643554687500000000e+00
7.590332031250000000e+00 -2.856445312500000000e+00
9.033203125000000000e-02 2.143554687500000000e+00
1.965332031250000000e+00 -4.106445312500000000e+00
9.465332031250000000e+00 8.935546875000000000e-01
5.715332031250000000e+00 -1.606445312500000000e+00
-1.784667968750000000e+00 3.393554687500000000e+00
-2.722167968750000000e+00 -3.481445312500000000e+00
4.777832031250000000e+00 1.518554687500000000e+00
8.527832031250000000e+00 -9.814453125000000000e-01
1.027832031250000000e+00 4.018554687500000000e+00
-8.471679687500000000e-01 -2.231445312500000000e+00
6.652832031250000000e+00 2.768554687500000000e+00
2.902832031250000000e+00 -4.731445312500000000e+00
-4.597167968750000000e+00 2.685546875000000000e-01
-4.714355468750000000e+00 -3.247070312500000000e+00
2.785644531250000000e+00 1.752929687500000000e+00
6.535644531250000000e+00 -7.470703125000000000e-01
-9.643554687500000000e-01 4.252929687500000000e+00
9.106445312500000000e-01 -1.997070312500000000e+00
8.410644531250000000e+00 3.002929687500000000e+00
4.660644531250000000e+00 -4.497070312500000000e+00
-2.839355468750000000e+00 5.029296875000000000e-01
-1.901855468750000000e+00 -1.220703125000000000e-01
5.598144531250000000e+00 4.877929687500000000e+00
9.348144531250000000e+00 -2.622070312500000000e+00
1.848144531250000000e+00 2.377929687500000000e+00
-2.685546875000000000e-02 -3.872070312500000000e+00
7.473144531250000000e+00 1.127929687500000000e+00
3.723144531250000000e+00 -1.372070312500000000e+00
-3.776855468750000000e+00 3.627929687500000000e+00
-3.308105468750000000e+00 -1.684570312500000000e+00
4.191894531250000000e+00 3.315429687500000000e+00
7.941894531250000000e+00 -4.184570312500000000e+00
4.418945312500000000e-01 8.154296875000000000e-01
2.316894531250000000e+00 -2.934570312500000000e+00
9.816894531250000000e+00 2.065429687500000000e+00
6.066894531250000000e+00 -4.345703125000000000e-01
-1.433105468750000000e+00 4.565429687500000000e+00
-2.370605468750000000e+00 -4.809570312500000000e+00
5.129394531250000000e+00 1.904296875000000000e-01
8.879394531250000000e+00 -2.309570312500000000e+00
1.379394531250000000e+00 2.690429687500000000e+00
-4.956054687500000000e-01 -1.059570312500000000e+00
7.004394531250000000e+00 3.940429687500000000e+00
3.254394531250000000e+00 -3.559570312500000000e+00
-4.245605468750000000e+00 1.440429687500000000e+00
-4.479980468750000000e+00 -9.033203125000000000e-01
3.020019531250000000e+00 4.096679687500000000e+00
6.770019531250000000e+00 -3.403320312500000000e+00
-7.299804687500000000e-01 1.596679687500000000e+00
1.145019531250000000e+00 -4.653320312500000000e+00
8.645019531250000000e+00 3.466796875000000000e-01
4.895019531250000000e+00 -2.153320312500000000e+00
-2.604980468750000000e+00 2.846679687500000000e+00
-1.667480468750000000e+00 -2.778320312500000000e+00
5.832519531250000000e+00 2.221679687500000000e+00
9.582519531250000000e+00 -2.783203125000000000e-01
2.082519531250000000e+00 4.721679687500000000e+00
2.075195312500000000e-01 -1.528320312500000000e+00
7.707519531250000000e+00 3.471679687500000000e+00
3.957519531250000000e+00 -4.028320312500000000e+00
-3.542480468750000000e+00 9.716796875000000000e-01
-4.011230468750000000e+00 -4.340820312500000000e+00
3.488769531250000000e+00 6.591796875000000000e-01
7.238769531250000000e+00 -1.840820312500000000e+00
-2.612304687500000000e-01 3.159179687500000000e+00
1.613769531250000000e+00 -5.908203125000000000e-01
9.113769531250000000e+00 4.409179687500000000e+00
5.363769531250000000e+00 -3.090820312500000000e+00
-2.136230468750000000e+00 1.909179687500000000e+00
-3.073730468750000000e+00 -2.465820312500000000e+00
4.426269531250000000e+00 2.534179687500000000e+00
8.176269531250000000e+00 -4.965820312500000000e+00
6.762695312500000000e-01 3.417968750000000000e-02
-1.198730468750000000e+00 -3.715820312500000000e+00
6.301269531250000000e+00 1.284179687500000000e+00
2.551269531250000000e+00 -1.215820312500000000e+00
-4.948730468750000000e+00 3.784179687500000000e+00
-4.963378906250000000e+00 -3.745117187500000000e+00
2.536621093750000000e+00 1.254882812500000000e+00
6.286621093750000000e+00 -1.245117187500000000e+00
-1.213378906250000000e+00 3.754882812500000000e+00
6.616210937500000000e-01 -2.495117187500000000e+00
8.161621093750000000e+00 2.504882812500000000e+00
4.411621093750000000e+00 -4.995117187500000000e+00
-3.088378906250000000e+00 4.882812500000000000e-03
-2.150878906250000000e+00 -6.201171875000000000e-01
5.349121093750000000e+00 4.379882812500000000e+00
9.099121093750000000e+00 -3.120117187500000000e+00
1.599121093750000000e+00 1.879882812500000000e+00
-2.758789062500000000e-01 -4.370117187500000000e+00
7.224121093750000000e+00 6.298828125000000000e-01
3.474121093750000000e+00 -1.870117187500000000e+00
-4.025878906250000000e+00 3.129882812500000000e+00
-3.557128906250000000e+00 -1.557617187500000000e+00
3.942871093750000000e+00 3.442382812500000000e+00
7.692871093750000000e+00 -4.057617187500000000e+00
1.928710937500000000e-01 9.423828125000000000e-01
2.067871093750000000e+00 -2.807617187500000000e+00
9.567871093750000000e+00 2.192382812500000000e+00
5.817871093750000000e+00 -3.076171875000000000e-01
-1.682128906250000000e+00 4.692382812500000000e+00
-2.619628906250000000e+00 -4.682617187500000000e+00
4.880371093750000000e+00 3.173828125000000000e-01
8.630371093750000000e+00 -2.182617187500000000e+00
1.130371093750000000e+00 2.817382812500000000e+00
-7.446289062500000000e-01 -9.326171875000000000e-01
6.755371093750000000e+00 4.067382812500000000e+00
3.005371093750000000e+00 -3.432617187500000000e+00
-4.494628906250000000e+00 1.567382812500000000e+00
-4.260253906250000000e+00 -1.088867187500000000e+00
3.239746093750000000e+00 3.911132812500000000e+00
6.989746093750000000e+00 -3.588867187500000000e+00
-5.102539062500000000e-01 1.411132812500000000e+00
1.364746093750000000e+00 -4.838867187500000000e+00
8.864746093750000000e+00 1.611328125000000000e-01
5.114746093750000000e+00 -2.338867187500000000e+00
-2.385253906250000000e+00 2.661132812500000000e+00
-1.447753906250000000e+00 -2.963867187500000000e+00
6.052246093750000000e+00 2.036132812500000000e+00
9.802246093750000000e+00 -4.638671875000000000e-01
2.302246093750000000e+00 4.536132812500000000e+00
4.272460937500000000e-01 -1.713867187500000000e+00
7.927246093750000000e+00 3.286132812500000000e+00
4.177246093750000000e+00 -4.213867187500000000e+00
-3.322753906250000000e+00 7.861328125000000000e-01
-3.791503906250000000e+00 -3.901367187500000000e+00
3.708496093750000000e+00 1.098632812500000000e+00
7.458496093750000000e+00 -1.401367187500000000e+00
-4.150390625000000000e-02 3.598632812500000000e+00
1.833496093750000000e+00 -1.513671875000000000e-01
9.333496093750000000e+00 4.848632812500000000e+00
5.583496093750000000e+00 -2.651367187500000000e+00
-1.916503906250000000e+00 2.348632812500000000e+00
-2.854003906250000000e+00 -2.026367187500000000e+00
4.645996093750000000e+00 2.973632812500000000e+00
8.395996093750000000e+00 -4.526367187500000000e+00
8.959960937500000000e-01 4.736328125000000000e-01
-9.790039062500000000e-01 -3.276367187500000000e+00
6.520996093750000000e+00 1.723632812500000000e+00
2.770996093750000000e+00 -7.763671875000000000e-01
-4.729003906250000000e+00 4.223632812500000000e+00
-4.611816406250000000e+00 -2.260742187500000000e+00
2.888183593750000000e+00 2.739257812500000000e+00
6.638183593750000000e+00 -4.760742187500000000e+00
-8.618164062500000000e-01 2.392578125000000000e-01
1.013183593750000000e+00 -3.510742187500000000e+00
8.513183593750000000e+00 1.489257812500000000e+00
4.763183593750000000e+00 -1.010742187500000000e+00
-2.736816406250000000e+00 3.989257812500000000e+00
-1.799316406250000000e+00 -4.135742187500000000e+00
5.700683593750000000e+00 8.642578125000000000e-01
9.450683593750000000e+00 -1.635742187500000000e+00
1.950683593750000000e+00 3.364257812500000000e+00
7.568359375000000000e-02 -3.857421875000000000e-01
7.575683593750000000e+00 4.614257812500000000e+00
3.825683593750000000e+00 -2.885742187500000000e+00
-3.674316406250000000e+00 2.114257812500000000e+00
-3.205566406250000000e+00 -2.573242187500000000e+00
4.294433593750000000e+00 2.426757812500000000e+00
8.044433593750000000e+00 -7.324218750000000000e-02
5.444335937500000000e-01 4.926757812500000000e+00
2.419433593750000000e+00 -1.323242187500000000e+00
9.919433593750000000e+00 3.676757812500000000e+00
6.169433593750000000e+00 -3.823242187500000000e+00
-1.330566406250000000e+00 1.176757812500000000e+00
-2.268066406250000000e+00 -6.982421875000000000e-01
5.231933593750000000e+00 4.301757812500000000e+00
8.981933593750000000e+00 -3.198242187500000000e+00
1.481933593750000000e+00 1.801757812500000000e+00
-3.930664062500000000e-01 -4.448242187500000000e+00
7.106933593750000000e+00 5.517578125000000000e-01
3.356933593750000000e+00 -1.948242187500000000e+00
-4.143066406250000000e+00 3.051757812500000000e+00
-4.377441406250000000e+00 -4.916992187500000000e+00
3.122558593750000000e+00 8.300781250000000000e-02
6.872558593750000000e+00 -2.416992187500000000e+00
-6.274414062500000000e-01 2.583007812500000000e+00
1.247558593750000000e+00 -1.166992187500000000e+00
8.747558593750000000e+00 3.833007812500000000e+00
4.997558593750000000e+00 -3.666992187500000000e+00
-2.502441406250000000e+00 1.333007812500000000e+00
-1.564941406250000000e+00 -1.791992187500000000e+00
5.935058593750000000e+00 3.208007812500000000e+00
9.685058593750000000e+00 -4.291992187500000000e+00
2.185058593750000000e+00 7.080078125000000000e-01
3.100585937500000000e-01 -3.041992187500000000e+00
7.810058593750000000e+00 1.958007812500000000e+00
4.060058593750000000e+00 -5.419921875000000000e-01
-3.439941406250000000e+00 4.458007812500000000e+00
-3.908691406250000000e+00 -2.294921875000000000e-01
3.591308593750000000e+00 4.770507812500000000e+00
7.341308593750000000e+00 -2.729492187500000000e+00
-1.586914062500000000e-01 2.270507812500000000e+00
1.716308593750000000e+00 -3.979492187500000000e+00
9.216308593750000000e+00 1.020507812500000000e+00
5.466308593750000000e+00 -1.479492187500000000e+00
-2.033691406250000000e+00 3.520507812500000000e+00
-2.971191406250000000e+00 -3.354492187500000000e+00
4.528808593750000000e+00 1.645507812500000000e+00
8.278808593750000000e+00 -8.544921875000000000e-01
7.788085937500000000e-01 4.145507812500000000e+00
-1.096191406250000000e+00 -2.104492187500000000e+00
6.403808593750000000e+00 2.895507812500000000e+00
2.653808593750000000e+00 -4.604492187500000000e+00
-4.846191406250000000e+00 3.955078125000000000e-01
-4.787597656250000000e+00 -4.248046875000000000e-01
2.712402343750000000e+00 4.575195312500000000e+00
6.462402343750000000e+00 -2.924804687500000000e+00
-1.037597656250000000e+00 2.075195312500000000e+00
8.374023437500000000e-01 -4.174804687500000000e+00
8.337402343750000000e+00 8.251953125000000000e-01
4.587402343750000000e+00 -1.674804687500000000e+00
-2.912597656250000000e+00 3.325195312500000000e+00
-1.975097656250000000e+00 -3.549804687500000000e+00
5.524902343750000000e+00 1.450195312500000000e+00
9.274902343750000000e+00 -1.049804687500000000e+00
1.774902343750000000e+00 3.950195312500000000e+00
-1.000976562500000000e-01 -2.299804687500000000e+00
7.399902343750000000e+00 2.700195312500000000e+00
3.649902343750000000e+00 -4.799804687500000000e+00
-3.850097656250000000e+00 2.001953125000000000e-01
-3.381347656250000000e+00 -4.487304687500000000e+00
4.118652343750000000e+00 5.126953125000000000e-01
7.868652343750000000e+00 -1.987304687500000000e+00
3.686523437500000000e-01 3.012695312500000000e+00
2.243652343750000000e+00 -7.373046875000000000e-01
9.743652343750000000e+00 4.262695312500000000e+00
5.993652343750000000e+00 -3.237304687500000000e+00
-1.506347656250000000e+00 1.762695312500000000e+00
-2.443847656250000000e+00 -1.362304687500000000e+00
5.056152343750000000e+00 3.637695312500000000e+00
8.806152343750000000e+00 -3.862304687500000000e+00
1.306152343750000000e+00 1.137695312500000000e+00
-5.688476562500000000e-01 -2.612304687500000000e+00
6.931152343750000000e+00 2.387695312500000000e+00
3.181152343750000000e+00 -1.123046875000000000e-01
-4.318847656250000000e+00 4.887695312500000000e+00
-4.084472656250000000e+00 -3.081054687500000000e+00
3.415527343750000000e+00 1.918945312500000000e+00
7.165527343750000000e+00 -5.810546875000000000e-01
-3.344726562500000000e-01 4.418945312500000000e+00
1.540527343750000000e+00 -1.831054687500000000e+00
9.040527343750000000e+00 3.168945312500000000e+00
5.290527343750000000e+00 -4.331054687500000000e+00
-2.209472656250000000e+00 6.689453125000000000e-01
-1.271972656250000000e+00 -1.206054687500000000e+00
6.228027343750000000e+00 3.793945312500000000e+00
9.978027343750000000e+00 -3.706054687500000000e+00
2.478027343750000000e+00 1.293945312500000000e+00
6.030273437500000000e-01 -4.956054687500000000e+00
8.103027343750000000e+00 4.394531250000000000e-02
4.353027343750000000e+00 -2.456054687500000000e+00
-3.146972656250000000e+00 2.543945312500000000e+00
-3.615722656250000000e+00 -2.143554687500000000e+00
3.884277343750000000e+00 2.856445312500000000e+00
7.634277343750000000e+00 -4.643554687500000000e+00
1.342773437500000000e-01 3.564453125000000000e-01
2.009277343750000000e+00 -3.393554687500000000e+00
9.509277343750000000e+00 1.606445312500000000e+00
5.759277343750000000e+00 -8.935546875000000000e-01
-1.740722656250000000e+00 4.106445312500000000e+00
-2.678222656250000000e+00 -4.018554687500000000e+00
4.821777343750000000e+00 9.814453125000000000e-01
8.571777343750000000e+00 -1.518554687500000000e+00
1.071777343750000000e+00 3.481445312500000000e+00
-8.032226562500000000e-01 -2.685546875000000000e-01
6.696777343750000000e+00 4.731445312500000000e+00
2.946777343750000000e+00 -2.768554687500000000e+00
-4.553222656250000000e+00 2.231445312500000000e+00
-4.670410156250000000e+00 -4.252929687500000000e+00
2.829589843750000000e+00 7.470703125000000000e-01
6.579589843750000000e+00 -1.752929687500000000e+00
-9.204101562500000000e-01 3.247070312500000000e+00
9.545898437500000000e-01 -5.029296875000000000e-01
8.454589843750000000e+00 4.497070312500000000e+00
4.704589843750000000e+00 -3.002929687500000000e+00
-2.795410156250000000e+00 1.997070312500000000e+00
-1.857910156250000000e+00 -2.377929687500000000e+00
5.642089843750000000e+00 2.622070312500000000e+00
9.392089843750000000e+00 -4.877929687500000000e+00
1.892089843750000000e+00 1.220703125000000000e-01
1.708984375000000000e-02 -3.627929687500000000e+00
7.517089843750000000e+00 1.372070312500000000e+00
3.767089843750000000e+00 -1.127929687500000000e+00
-3.732910156250000000e+00 3.872070312500000000e+00
-3.264160156250000000e+00 -8.154296875000000000e-01
4.235839843750000000e+00 4.184570312500000000e+00
7.985839843750000000e+00 -3.315429687500000000e+00
4.858398437500000000e-01 1.684570312500000000e+00
2.360839843750000000e+00 -4.565429687500000000e+00
9.860839843750000000e+00 4.345703125000000000e-01
6.110839843750000000e+00 -2.065429687500000000e+00
-1.389160156250000000e+00 2.934570312500000000e+00
-2.326660156250000000e+00 -2.690429687500000000e+00
5.173339843750000000e+00 2.309570312500000000e+00
8.923339843750000000e+00 -1.904296875000000000e-01
1.423339843750000000e+00 4.809570312500000000e+00
-4.516601562500000000e-01 -1.440429687500000000e+00
7.048339843750000000e+00 3.559570312500000000e+00
3.298339843750000000e+00 -3.940429687500000000e+00
-4.201660156250000000e+00 1.059570312500000000e+00
-4.436035156250000000e+00 -1.596679687500000000e+00
3.063964843750000000e+00 3.403320312500000000e+00
6.813964843750000000e+00 -4.096679687500000000e+00
-6.860351562500000000e-01 9.033203125000000000e-01
1.188964843750000000e+00 -2.846679687500000000e+00
8.688964843750000000e+00 2.153320312500000000e+00
4.938964843750000000e+00 -3.466796875000000000e-01
-2.561035156250000000e+00 4.653320312500000000e+00
-1.623535156250000000e+00 -4.721679687500000000e+00
5.876464843750000000e+00 2.783203125000000000e-01
9.626464843750000000e+00 -2.221679687500000000e+00
2.126464843750000000e+00 2.778320312500000000e+00
2.514648437500000000e-01 -9.716796875000000000e-01
7.751464843750000000e+00 4.028320312500000000e+00
4.001464843750000000e+00 -3.471679687500000000e+00
-3.498535156250000000e+00 1.528320312500000000e+00
-3.967285156250000000e+00 -3.159179687500000000e+00
3.532714843750000000e+00 1.840820312500000000e+00
7.282714843750000000e+00 -6.591796875000000000e-01
-2.172851562500000000e-01 4.340820312500000000e+00
1.657714843750000000e+00 -1.909179687500000000e+00
9.157714843750000000e+00 3.090820312500000000e+00
5.407714843750000000e+00 -4.409179687500000000e+00
-2.092285156250000000e+00 5.908203125000000000e-01
-3.029785156250000000e+00 -3.417968750000000000e-02
4.470214843750000000e+00 4.965820312500000000e+00
8.220214843750000000e+00 -2.534179687500000000e+00
7.202148437500000000e-01 2.465820312500000000e+00
-1.154785156250000000e+00 -3.784179687500000000e+00
6.345214843750000000e+00 1.215820312500000000e+00
2.595214843750000000e+00 -1.284179687500000000e+00
-4.904785156250000000e+00 3.715820312500000000e+00
-4.934082031250000000e+00 -1.264648437500000000e+00
2.565917968750000000e+00 3.735351562500000000e+00
6.315917968750000000e+00 -3.764648437500000000e+00
-1.184082031250000000e+00 1.235351562500000000e+00
6.909179687500000000e-01 -2.514648437500000000e+00
8.190917968750000000e+00 2.485351562500000000e+00
4.440917968750000000e+00 -1.464843750000000000e-02
-3.059082031250000000e+00 4.985351562500000000e+00
-2.121582031250000000e+00 -4.389648437500000000e+00
5.378417968750000000e+00 6.103515625000000000e-01
9.128417968750000000e+00 -1.889648437500000000e+00
1.628417968750000000e+00 3.110351562500000000e+00
-2.465820312500000000e-01 -6.396484375000000000e-01
7.253417968750000000e+00 4.360351562500000000e+00
3.503417968750000000e+00 -3.139648437500000000e+00
-3.996582031250000000e+00 1.860351562500000000e+00
-3.527832031250000000e+00 -3.452148437500000000e+00
3.972167968750000000e+00 1.547851562500000000e+00
7.722167968750000000e+00 -9.521484375000000000e-01
2.221679687500000000e-01 4.047851562500000000e+00
2.097167968750000000e+00 -2.202148437500000000e+00
9.597167968750000000e+00 2.797851562500000000e+00
5.847167968750000000e+00 -4.702148437500000000e+00
-1.652832031250000000e+00 2.978515625000000000e-01
-2.590332031250000000e+00 -3.271484375000000000e-01
4.909667968750000000e+00 4.672851562500000000e+00
8.659667968750000000e+00 -2.827148437500000000e+00
1.159667968750000000e+00 2.172851562500000000e+00
-7.153320312500000000e-01 -4.077148437500000000e+00
6.784667968750000000e+00 9.228515625000000000e-01
3.034667968750000000e+00 -1.577148437500000000e+00
-4.465332031250000000e+00 3.422851562500000000e+00
-4.230957031250000000e+00 -3.920898437500000000e+00
3.269042968750000000e+00 1.079101562500000000e+00
7.019042968750000000e+00 -1.420898437500000000e+00
-4.809570312500000000e-01 3.579101562500000000e+00
1.394042968750000000e+00 -1.708984375000000000e-01
8.894042968750000000e+00 4.829101562500000000e+00
5.144042968750000000e+00 -2.670898437500000000e+00
-2.355957031250000000e+00 2.329101562500000000e+00
-1.418457031250000000e+00 -2.045898437500000000e+00
6.081542968750000000e+00 2.954101562500000000e+00
9.831542968750000000e+00 -4.545898437500000000e+00
2.331542968750000000e+00 4.541015625000000000e-01
4.565429687500000000e-01 -3.295898437500000000e+00
7.956542968750000000e+00 1.704101562500000000e+00
4.206542968750000000e+00 -7.958984375000000000e-01
-3.293457031250000000e+00 4.204101562500000000e+00
-3.762207031250000000e+00 -1.108398437500000000e+00
3.737792968750000000e+00 3.891601562500000000e+00
7.487792968750000000e+00 -3.608398437500000000e+00
-1.220703125000000000e-02 1.391601562500000000e+00
1.862792968750000000e+00 -4.858398437500000000e+00
9.362792968750000000e+00 1.416015625000000000e-01
5.612792968750000000e+00 -2.358398437500000000e+00
-1.887207031250000000e+00 2.641601562500000000e+00
-2.824707031250000000e+00 -2.983398437500000000e+00
4.675292968750000000e+00 2.016601562500000000e+00
8.425292968750000000e+00 -4.833984375000000000e-01
9.252929687500000000e-01 4.516601562500000000e+00
-9.497070312500000000e-01 -1.733398437500000000e+00
6.550292968750000000e+00 3.266601562500000000e+00
2.800292968750000000e+00 -4.233398437500000000e+00
-4.699707031250000000e+00 7.666015625000000000e-01
-4.582519531250000000e+00 -2.749023437500000000e+00
2.917480468750000000e+00 2.250976562500000000e+00
6.667480468750000000e+00 -2.490234375000000000e-01
-8.325195312500000000e-01 4.750976562500000000e+00
1.042480468750000000e+00 -1.499023437500000000e+00
8.542480468750000000e+00 3.500976562500000000e+00
4.792480468750000000e+00 -3.999023437500000000e+00
-2.707519531250000000e+00 1.000976562500000000e+00
-1.770019531250000000e+00 -8.740234375000000000e-01
5.729980468750000000e+00 4.125976562500000000e+00
9.479980468750000000e+00 -3.374023437500000000e+00
1.979980468750000000e+00 1.625976562500000000e+00
1.049804687500000000e-01 -4.624023437500000000e+00
7.604980468750000000e+00 3.759765625000000000e-01
3.854980468750000000e+00 -2.124023437500000000e+00
-3.645019531250000000e+00 2.875976562500000000e+00
-3.176269531250000000e+00 -2.436523437500000000e+00
4.323730468750000000e+00 2.563476562500000000e+00
8.073730468750000000e+00 -4.936523437500000000e+00
5.737304687500000000e-01 6.347656250000000000e-02
2.448730468750000000e+00 -3.686523437500000000e+00
9.948730468750000000e+00 1.313476562500000000e+00
6.198730468750000000e+00 -1.186523437500000000e+00
-1.301269531250000000e+00 3.813476562500000000e+00
-2.238769531250000000e+00 -4.311523437500000000e+00
5.261230468750000000e+00 6.884765625000000000e-01
9.011230468750000000e+00 -1.811523437500000000e+00
1.511230468750000000e+00 3.188476562500000000e+00
-3.637695312500000000e-01 -5.615234375000000000e-01
7.136230468750000000e+00 4.438476562500000000e+00
3.386230468750000000e+00 -3.061523437500000000e+00
-4.113769531250000000e+00 1.938476562500000000e+00
-4.348144531250000000e+00 -9.277343750000000000e-02
3.151855468750000000e+00 4.907226562500000000e+00
6.901855468750000000e+00 -2.592773437500000000e+00
-5.981445312500000000e-01 2.407226562500000000e+00
1.276855468750000000e+00 -3.842773437500000000e+00
8.776855468750000000e+00 1.157226562500000000e+00
5.026855468750000000e+00 -1.342773437500000000e+00
-2.473144531250000000e+00 3.657226562500000000e+00
-1.535644531250000000e+00 -3.217773437500000000e+00
5.964355468750000000e+00 1.782226562500000000e+00
9.714355468750000000e+00 -7.177734375000000000e-01
2.214355468750000000e+00 4.282226562500000000e+00
3.393554687500000000e-01 -1.967773437500000000e+00
7.839355468750000000e+00 3.032226562500000000e+00
4.089355468750000000e+00 -4.467773437500000000e+00
-3.410644531250000000e+00 5.322265625000000000e-01
-3.879394531250000000e+00 -4.780273437500000000e+00
3.620605468750000000e+00 2.197265625000000000e-01
7.370605468750000000e+00 -2.280273437500000000e+00
-1.293945312500000000e-01 2.719726562500000000e+00
1.745605468750000000e+00 -1.030273437500000000e+00
9.245605468750000000e+00 3.969726562500000000e+00
5.495605468750000000e+00 -3.530273437500000000e+00
-2.004394531250000000e+00 1.469726562500000000e+00
-2.941894531250000000e+00 -1.655273437500000000e+00
4.558105468750000000e+00 3.344726562500000000e+00
8.308105468750000000e+00 -4.155273437500000000e+00
8.081054687500000000e-01 8.447265625000000000e-01
-1.066894531250000000e+00 -2.905273437500000000e+00
6.433105468750000000e+00 2.094726562500000000e+00
2.683105468750000000e+00 -4.052734375000000000e-01
-4.816894531250000000e+00 4.594726562500000000e+00
-4.875488281250000000e+00 -4.584960937500000000e+00
2.624511718750000000e+00 4.150390625000000000e-01
6.374511718750000000e+00 -2.084960937500000000e+00
-1.125488281250000000e+00 2.915039062500000000e+00
7.495117187500000000e-01 -8.349609375000000000e-01
8.249511718750000000e+00 4.165039062500000000e+00
4.499511718750000000e+00 -3.334960937500000000e+00
-3.000488281250000000e+00 1.665039062500000000e+00
-2.062988281250000000e+00 -1.459960937500000000e+00
5.437011718750000000e+00 3.540039062500000000e+00
9.187011718750000000e+00 -3.959960937500000000e+00
1.687011718750000000e+00 1.040039062500000000e+00
-1.879882812500000000e-01 -2.709960937500000000e+00
7.312011718750000000e+00 2.290039062500000000e+00
3.562011718750000000e+00 -2.099609375000000000e-01
-3.937988281250000000e+00 4.790039062500000000e+00
-3.469238281250000000e+00 -5.224609375000000000e-01
4.030761718750000000e+00 4.477539062500000000e+00
7.780761718750000000e+00 -3.022460937500000000e+00
2.807617187500000000e-01 1.977539062500000000e+00
2.155761718750000000e+00 -4.272460937500000000e+00
9.655761718750000000e+00 7.275390625000000000e-01
5.905761718750000000e+00 -1.772460937500000000e+00
-1.594238281250000000e+00 3.227539062500000000e+00
-2.531738281250000000e+00 -3.647460937500000000e+00
4.968261718750000000e+00 1.352539062500000000e+00
8.718261718750000000e+00 -1.147460937500000000e+00
1.218261718750000000e+00 3.852539062500000000e+00
-6.567382812500000000e-01 -2.397460937500000000e+00
6.843261718750000000e+00 2.602539062500000000e+00
3.093261718750000000e+00 -4.897460937500000000e+00
-4.406738281250000000e+00 1.025390625000000000e-01
-4.172363281250000000e+00 -1.928710937500000000e+00
3.327636718750000000e+00 3.071289062500000000e+00
7.077636718750000000e+00 -4.428710937500000000e+00
-4.223632812500000000e-01 5.712890625000000000e-01
1.452636718750000000e+00 -3.178710937500000000e+00
8.952636718750000000e+00 1.821289062500000000e+00
5.202636718750000000e+00 -6.787109375000000000e-01
-2.297363281250000000e+00 4.321289062500000000e+00
-1.359863281250000000e+00 -3.803710937500000000e+00
6.140136718750000000e+00 1.196289062500000000e+00
9.890136718750000000e+00 -1.303710937500000000e+00
2.390136718750000000e+00 3.696289062500000000e+00
5.151367187500000000e-01 -5.371093750000000000e-02
8.015136718750000000e+00 4.946289062500000000e+00
4.265136718750000000e+00 -2.553710937500000000e+00
-3.234863281250000000e+00 2.446289062500000000e+00
-3.703613281250000000e+00 -2.866210937500000000e+00
3.796386718750000000e+00 2.133789062500000000e+00
7.546386718750000000e+00 -3.662109375000000000e-01
4.638671875000000000e-02 4.633789062500000000e+00
1.921386718750000000e+00 -1.616210937500000000e+00
9.421386718750000000e+00 3.383789062500000000e+00
5.671386718750000000e+00 -4.116210937500000000e+00
-1.828613281250000000e+00 8.837890625000000000e-01
-2.766113281250000000e+00 -9.912109375000000000e-01
4.733886718750000000e+00 4.008789062500000000e+00
8.483886718750000000e+00 -3.491210937500000000e+00
9.838867187500000000e-01 1.508789062500000000e+00
-8.911132812500000000e-01 -4.741210937500000000e+00
6.608886718750000000e+00 2.587890625000000000e-01
2.858886718750000000e+00 -2.241210937500000000e+00
-4.641113281250000000e+00 2.758789062500000000e+00
-4.758300781250000000e+00 -7.568359375000000000e-01
2.741699218750000000e+00 4.243164062500000000e+00
6.491699218750000000e+00 -3.256835937500000000e+00
-1.008300781250000000e+00 1.743164062500000000e+00
8.666992187500000000e-01 -4.506835937500000000e+00
8.366699218750000000e+00 4.931640625000000000e-01
4.616699218750000000e+00 -2.006835937500000000e+00
-2.883300781250000000e+00 2.993164062500000000e+00
-1.945800781250000000e+00 -2.631835937500000000e+00
5.554199218750000000e+00 2.368164062500000000e+00
9.304199218750000000e+00 -1.318359375000000000e-01
1.804199218750000000e+00 4.868164062500000000e+00
-7.080078125000000000e-02 -1.381835937500000000e+00
7.429199218750000000e+00 3.618164062500000000e+00
3.679199218750000000e+00 -3.881835937500000000e+00
-3.820800781250000000e+00 1.118164062500000000e+00
-3.352050781250000000e+00 -4.194335937500000000e+00
4.147949218750000000e+00 8.056640625000000000e-01
7.897949218750000000e+00 -1.694335937500000000e+00
3.979492187500000000e-01 3.305664062500000000e+00
2.272949218750000000e+00 -4.443359375000000000e-01
9.772949218750000000e+00 4.555664062500000000e+00
6.022949218750000000e+00 -2.944335937500000000e+00
-1.477050781250000000e+00 2.055664062500000000e+00
-2.414550781250000000e+00 -2.319335937500000000e+00
5.085449218750000000e+00 2.680664062500000000e+00
8.835449218750000000e+00 -4.819335937500000000e+00
1.335449218750000000e+00 1.806640625000000000e-01
-5.395507812500000000e-01 -3.569335937500000000e+00
6.960449218750000000e+00 1.430664062500000000e+00
3.210449218750000000e+00 -1.069335937500000000e+00
-4.289550781250000000e+00 3.930664062500000000e+00
-4.523925781250000000e+00 -3.413085937500000000e+00
2.976074218750000000e+00 1.586914062500000000e+00
6.726074218750000000e+00 -9.130859375000000000e-01
-7.739257812500000000e-01 4.086914062500000000e+00
1.101074218750000000e+00 -2.163085937500000000e+00
8.601074218750000000e+00 2.836914062500000000e+00
4.851074218750000000e+00 -4.663085937500000000e+00
-2.648925781250000000e+00 3.369140625000000000e-01
-1.711425781250000000e+00 -2.880859375000000000e-01
5.788574218750000000e+00 4.711914062500000000e+00
9.538574218750000000e+00 -2.788085937500000000e+00
2.038574218750000000e+00 2.211914062500000000e+00
1.635742187500000000e-01 -4.038085937500000000e+00
7.663574218750000000e+00 9.619140625000000000e-01
3.913574218750000000e+00 -1.538085937500000000e+00
-3.586425781250000000e+00 3.461914062500000000e+00
-4.055175781250000000e+00 -1.850585937500000000e+00
3.444824218750000000e+00 3.149414062500000000e+00
7.194824218750000000e+00 -4.350585937500000000e+00
-3.051757812500000000e-01 6.494140625000000000e-01
1.569824218750000000e+00 -3.100585937500000000e+00
9.069824218750000000e+00 1.899414062500000000e+00
5.319824218750000000e+00 -6.005859375000000000e-01
-2.180175781250000000e+00 4.399414062500000000e+00
-3.117675781250000000e+00 -4.975585937500000000e+00
4.382324218750000000e+00 2.441406250000000000e-02
8.132324218750000000e+00 -2.475585937500000000e+00
6.323242187500000000e-01 2.524414062500000000e+00
-1.242675781250000000e+00 -1.225585937500000000e+00
6.257324218750000000e+00 3.774414062500000000e+00
2.507324218750000000e+00 -3.725585937500000000e+00
-4.992675781250000000e+00 1.274414062500000000e+00
-4.989013671875000000e+00 -1.862792968750000000e+00
2.510986328125000000e+00 3.137207031250000000e+00
6.260986328125000000e+00 -4.362792968750000000e+00
-1.239013671875000000e+00 6.372070312500000000e-01
6.359863281250000000e-01 -3.112792968750000000e+00
8.135986328125000000e+00 1.887207031250000000e+00
4.385986328125000000e+00 -6.127929687500000000e-01
-3.114013671875000000e+00 4.387207031250000000e+00
-2.176513671875000000e+00 -4.987792968750000000e+00
5.323486328125000000e+00 1.220703125000000000e-02
9.073486328125000000e+00 -2.487792968750000000e+00
1.573486328125000000e+00 2.512207031250000000e+00
-3.015136718750000000e-01 -1.237792968750000000e+00
7.198486328125000000e+00 3.762207031250000000e+00
3.448486328125000000e+00 -3.737792968750000000e+00
-4.051513671875000000e+00 1.262207031250000000e+00
-3.582763671875000000e+00 -3.425292968750000000e+00
3.917236328125000000e+00 1.574707031250000000e+00
7.667236328125000000e+00 -9.252929687500000000e-01
1.672363281250000000e-01 4.074707031250000000e+00
2.042236328125000000e+00 -2.175292968750000000e+00
9.542236328125000000e+00 2.824707031250000000e+00
5.792236328125000000e+00 -4.675292968750000000e+00
-1.707763671875000000e+00 3.247070312500000000e-01
-2.645263671875000000e+00 -3.002929687500000000e-01
4.854736328125000000e+00 4.699707031250000000e+00
8.604736328125000000e+00 -2.800292968750000000e+00
1.104736328125000000e+00 2.199707031250000000e+00
-7.702636718750000000e-01 -4.050292968750000000e+00
6.729736328125000000e+00 9.497070312500000000e-01
2.979736328125000000e+00 -1.550292968750000000e+00
-4.520263671875000000e+00 3.449707031250000000e+00
-4.285888671875000000e+00 -4.206542968750000000e+00
3.214111328125000000e+00 7.934570312500000000e-01
6.964111328125000000e+00 -1.706542968750000000e+00
-5.358886718750000000e-01 3.293457031250000000e+00
1.339111328125000000e+00 -4.565429687500000000e-01
8.839111328125000000e+00 4.543457031250000000e+00
5.089111328125000000e+00 -2.956542968750000000e+00
-2.410888671875000000e+00 2.043457031250000000e+00
-1.473388671875000000e+00 -2.331542968750000000e+00
6.026611328125000000e+00 2.668457031250000000e+00
9.776611328125000000e+00 -4.831542968750000000e+00
2.276611328125000000e+00 1.684570312500000000e-01
4.016113281250000000e-01 -3.581542968750000000e+00
7.901611328125000000e+00 1.418457031250000000e+00
4.151611328125000000e+00 -1.081542968750000000e+00
-3.348388671875000000e+00 3.918457031250000000e+00
-3.817138671875000000e+00 -7.690429687500000000e-01
3.682861328125000000e+00 4.230957031250000000e+00
7.432861328125000000e+00 -3.269042968750000000e+00
-6.713867187500000000e-02 1.730957031250000000e+00
1.807861328125000000e+00 -4.519042968750000000e+00
9.307861328125000000e+00 4.809570312500000000e-01
5.557861328125000000e+00 -2.019042968750000000e+00
-1.942138671875000000e+00 2.980957031250000000e+00
-2.879638671875000000e+00 -2.644042968750000000e+00
4.620361328125000000e+00 2.355957031250000000e+00
8.370361328125000000e+00 -1.440429687500000000e-01
8.703613281250000000e-01 4.855957031250000000e+00
-1.004638671875000000e+00 -1.394042968750000000e+00
6.495361328125000000e+00 3.605957031250000000e+00
2.745361328125000000e+00 -3.894042968750000000e+00
-4.754638671875000000e+00 1.105957031250000000e+00
-4.637451171875000000e+00 -2.878417968750000000e+00
2.862548828125000000e+00 2.121582031250000000e+00
6.612548828125000000e+00 -3.784179687500000000e-01
-8.874511718750000000e-01 4.621582031250000000e+00
9.875488281250000000e-01 -1.628417968750000000e+00
8.487548828125000000e+00 3.371582031250000000e+00
4.737548828125000000e+00 -4.128417968750000000e+00
-2.762451171875000000e+00 8.715820312500000000e-01
-1.824951171875000000e+00 -1.003417968750000000e+00
5.675048828125000000e+00 3.996582031250000000e+00
9.425048828125000000e+00 -3.503417968750000000e+00
1.925048828125000000e+00 1.496582031250000000e+00
5.004882812500000000e-02 -4.753417968750000000e+00
7.550048828125000000e+00 2.465820312500000000e-01
3.800048828125000000e+00 -2.253417968750000000e+00
-3.699951171875000000e+00 2.746582031250000000e+00
-3.231201171875000000e+00 -1.940917968750000000e+00
4.268798828125000000e+00 3.059082031250000000e+00
8.018798828125000000e+00 -4.440917968750000000e+00
5.187988281250000000e-01 5.590820312500000000e-01
2.393798828125000000e+00 -3.190917968750000000e+00
9.893798828125000000e+00 1.809082031250000000e+00
6.143798828125000000e+00 -6.909179687500000000e-01
-1.356201171875000000e+00 4.309082031250000000e+00
-2.293701171875000000e+00 -3.815917968750000000e+00
5.206298828125000000e+00 1.184082031250000000e+00
8.956298828125000000e+00 -1.315917968750000000e+00
1.456298828125000000e+00 3.684082031250000000e+00
-4.187011718750000000e-01 -6.591796875000000000e-02
7.081298828125000000e+00 4.934082031250000000e+00
3.331298828125000000e+00 -2.565917968750000000e+00
-4.168701171875000000e+00 2.434082031250000000e+00
-4.403076171875000000e+00 -5.346679687500000000e-01
3.096923828125000000e+00 4.465332031250000000e+00
6.846923828125000000e+00 -3.034667968750000000e+00
-6.530761718750000000e-01 1.965332031250000000e+00
1.221923828125000000e+00 -4.284667968750000000e+00
8.721923828125000000e+00 7.153320312500000000e-01
4.971923828125000000e+00 -1.784667968750000000e+00
-2.528076171875000000e+00 3.215332031250000000e+00
-1.590576171875000000e+00 -3.659667968750000000e+00
5.909423828125000000e+00 1.340332031250000000e+00
9.659423828125000000e+00 -1.159667968750000000e+00
2.159423828125000000e+00 3.840332031250000000e+00
2.844238281250000000e-01 -2.409667968750000000e+00
7.784423828125000000e+00 2.590332031250000000e+00
4.034423828125000000e+00 -4.909667968750000000e+00
-3.465576171875000000e+00 9.033203125000000000e-02
-3.934326171875000000e+00 -4.597167968750000000e+00
3.565673828125000000e+00 4.028320312500000000e-01
7.315673828125000000e+00 -2.097167968750000000e+00
-1.843261718750000000e-01 2.902832031250000000e+00
1.690673828125000000e+00 -8.471679687500000000e-01
9.190673828125000000e+00 4.152832031250000000e+00
5.440673828125000000e+00 -3.347167968750000000e+00
-2.059326171875000000e+00 1.652832031250000000e+00
-2.996826171875000000e+00 -1.472167968750000000e+00
4.503173828125000000e+00 3.527832031250000000e+00
8.253173828125000000e+00 -3.972167968750000000e+00
7.531738281250000000e-01 1.027832031250000000e+00
-1.121826171875000000e+00 -2.722167968750000000e+00
6.378173828125000000e+00 2.277832031250000000e+00
2.628173828125000000e+00 -2.221679687500000000e-01
-4.871826171875000000e+00 4.777832031250000000e+00
-4.813232421875000000e+00 -4.792480468750000000e+00
2.686767578125000000e+00 2.075195312500000000e-01
6.436767578125000000e+00 -2.292480468750000000e+00
-1.063232421875000000e+00 2.707519531250000000e+00
8.117675781250000000e-01 -1.042480468750000000e+00
8.311767578125000000e+00 3.957519531250000000e+00
4.561767578125000000e+00 -3.542480468750000000e+00
-2.938232421875000000e+00 1.457519531250000000e+00
-2.000732421875000000e+00 -1.667480468750000000e+00
5.499267578125000000e+00 3.332519531250000000e+00
9.249267578125000000e+00 -4.167480468750000000e+00
1.749267578125000000e+00 8.325195312500000000e-01
-1.257324218750000000e-01 -2.917480468750000000e+00
7.374267578125000000e+00 2.082519531250000000e+00
3.624267578125000000e+00 -4.174804687500000000e-01
-3.875732421875000000e+00 4.582519531250000000e+00
-3.406982421875000000e+00 -1.049804687500000000e-01
4.093017578125000000e+00 4.895019531250000000e+00
7.843017578125000000e+00 -2.604980468750000000e+00
3.430175781250000000e-01 2.395019531250000000e+00
2.218017578125000000e+00 -3.854980468750000000e+00
9.718017578125000000e+00 1.145019531250000000e+00
5.968017578125000000e+00 -1.354980468750000000e+00
-1.531982421875000000e+00 3.645019531250000000e+00
-2.469482421875000000e+00 -3.229980468750000000e+00
5.030517578125000000e+00 1.770019531250000000e+00
8.780517578125000000e+00 -7.299804687500000000e-01
1.280517578125000000e+00 4.270019531250000000e+00
-5.944824218750000000e-01 -1.979980468750000000e+00
6.905517578125000000e+00 3.020019531250000000e+00
3.155517578125000000e+00 -4.479980468750000000e+00
-4.344482421875000000e+00 5.200195312500000000e-01
-4.110107421875000000e+00 -2.448730468750000000e+00
3.389892578125000000e+00 2.551269531250000000e+00
7.139892578125000000e+00 -4.948730468750000000e+00
-3.601074218750000000e-01 5.126953125000000000e-02
1.514892578125000000e+00 -3.698730468750000000e+00
9.014892578125000000e+00 1.301269531250000000e+00
5.264892578125000000e+00 -1.198730468750000000e+00
-2.235107421875000000e+00 3.801269531250000000e+00
-1.297607421875000000e+00 -4.323730468750000000e+00
6.202392578125000000e+00 6.762695312500000000e-01
9.952392578125000000e+00 -1.823730468750000000e+00
2.452392578125000000e+00 3.176269531250000000e+00
5.773925781250000000e-01 -5.737304687500000000e-01
8.077392578125000000e+00 4.426269531250000000e+00
4.327392578125000000e+00 -3.073730468750000000e+00
-3.172607421875000000e+00 1.926269531250000000e+00
-3.641357421875000000e+00 -2.761230468750000000e+00
3.858642578125000000e+00 2.238769531250000000e+00
7.608642578125000000e+00 -2.612304687500000000e-01
1.086425781250000000e-01 4.738769531250000000e+00
1.983642578125000000e+00 -1.511230468750000000e+00
9.483642578125000000e+00 3.488769531250000000e+00
5.733642578125000000e+00 -4.011230468750000000e+00
-1.766357421875000000e+00 9.887695312500000000e-01
-2.703857421875000000e+00 -8.862304687500000000e-01
4.796142578125000000e+00 4.113769531250000000e+00
8.546142578125000000e+00 -3.386230468750000000e+00
1.046142578125000000e+00 1.613769531250000000e+00
-8.288574218750000000e-01 -4.636230468750000000e+00
6.671142578125000000e+00 3.637695312500000000e-01
2.921142578125000000e+00 -2.136230468750000000e+00
-4.578857421875000000e+00 2.863769531250000000e+00
-4.696044921875000000e+00 -1.120605468750000000e+00
2.803955078125000000e+00 3.879394531250000000e+00
6.553955078125000000e+00 -3.620605468750000000e+00
-9.460449218750000000e-01 1.379394531250000000e+00
9.289550781250000000e-01 -4.870605468750000000e+00
8.428955078125000000e+00 1.293945312500000000e-01
4.678955078125000000e+00 -2.370605468750000000e+00
-2.821044921875000000e+00 2.629394531250000000e+00
-1.883544921875000000e+00 -2.995605468750000000e+00
5.616455078125000000e+00 2.004394531250000000e+00
9.366455078125000000e+00 -4.956054687500000000e-01
1.866455078125000000e+00 4.504394531250000000e+00
-8.544921875000000000e-03 -1.745605468750000000e+00
7.491455078125000000e+00 3.254394531250000000e+00
3.741455078125000000e+00 -4.245605468750000000e+00
-3.758544921875000000e+00 7.543945312500000000e-01
-3.289794921875000000e+00 -3.933105468750000000e+00
4.210205078125000000e+00 1.066894531250000000e+00
7.960205078125000000e+00 -1.433105468750000000e+00
4.602050781250000000e-01 3.566894531250000000e+00
2.335205078125000000e+00 -1.831054687500000000e-01
9.835205078125000000e+00 4.816894531250000000e+00
6.085205078125000000e+00 -2.683105468750000000e+00
-1.414794921875000000e+00 2.316894531250000000e+00
-2.352294921875000000e+00 -2.058105468750000000e+00
5.147705078125000000e+00 2.941894531250000000e+00
8.897705078125000000e+00 -4.558105468750000000e+00
1.397705078125000000e+00 4.418945312500000000e-01
-4.772949218750000000e-01 -3.308105468750000000e+00
7.022705078125000000e+00 1.691894531250000000e+00
3.272705078125000000e+00 -8.081054687500000000e-01
-4.227294921875000000e+00 4.191894531250000000e+00
-4.461669921875000000e+00 -3.464355468750000000e+00
3.038330078125000000e+00 1.535644531250000000e+00
6.788330078125000000e+00 -9.643554687500000000e-01
-7.116699218750000000e-01 4.035644531250000000e+00
1.163330078125000000e+00 -2.214355468750000000e+00
8.663330078125000000e+00 2.785644531250000000e+00
4.913330078125000000e+00 -4.714355468750000000e+00
-2.586669921875000000e+00 2.856445312500000000e-01
-1.649169921875000000e+00 -3.393554687500000000e-01
5.850830078125000000e+00 4.660644531250000000e+00
9.600830078125000000e+00 -2.839355468750000000e+00
2.100830078125000000e+00 2.160644531250000000e+00
2.258300781250000000e-01 -4.089355468750000000e+00
7.725830078125000000e+00 9.106445312500000000e-01
3.975830078125000000e+00 -1.589355468750000000e+00
-3.524169921875000000e+00 3.410644531250000000e+00
-3.992919921875000000e+00 -1.276855468750000000e+00
3.507080078125000000e+00 3.723144531250000000e+00
7.257080078125000000e+00 -3.776855468750000000e+00
-2.429199218750000000e-01 1.223144531250000000e+00
1.632080078125000000e+00 -2.526855468750000000e+00
9.132080078125000000e+00 2.473144531250000000e+00
5.382080078125000000e+00 -2.685546875000000000e-02
-2.117919921875000000e+00 4.973144531250000000e+00
-3.055419921875000000e+00 -4.401855468750000000e+00
4.444580078125000000e+00 5.981445312500000000e-01
8.194580078125000000e+00 -1.901855468750000000e+00
6.945800781250000000e-01 3.098144531250000000e+00
-1.180419921875000000e+00 -6.518554687500000000e-01
6.319580078125000000e+00 4.348144531250000000e+00
2.569580078125000000e+00 -3.151855468750000000e+00
-4.930419921875000000e+00 1.848144531250000000e+00
-4.901123046875000000e+00 -3.132324218750000000e+00
2.598876953125000000e+00 1.867675781250000000e+00
6.348876953125000000e+00 -6.323242187500000000e-01
-1.151123046875000000e+00 4.367675781250000000e+00
7.238769531250000000e-01 -1.882324218750000000e+00
8.223876953125000000e+00 3.117675781250000000e+00
4.473876953125000000e+00 -4.382324218750000000e+00
-3.026123046875000000e+00 6.176757812500000000e-01
-2.088623046875000000e+00 -7.324218750000000000e-03
5.411376953125000000e+00 4.992675781250000000e+00
9.161376953125000000e+00 -2.507324218750000000e+00
1.661376953125000000e+00 2.492675781250000000e+00
-2.136230468750000000e-01 -3.757324218750000000e+00
7.286376953125000000e+00 1.242675781250000000e+00
3.536376953125000000e+00 -1.257324218750000000e+00
-3.963623046875000000e+00 3.742675781250000000e+00
-3.494873046875000000e+00 -1.569824218750000000e+00
4.005126953125000000e+00 3.430175781250000000e+00
7.755126953125000000e+00 -4.069824218750000000e+00
2.551269531250000000e-01 9.301757812500000000e-01
2.130126953125000000e+00 -2.819824218750000000e+00
9.630126953125000000e+00 2.180175781250000000e+00
5.880126953125000000e+00 -3.198242187500000000e-01
-1.619873046875000000e+00 4.680175781250000000e+00
-2.557373046875000000e+00 -4.694824218750000000e+00
4.942626953125000000e+00 3.051757812500000000e-01
8.692626953125000000e+00 -2.194824218750000000e+00
1.192626953125000000e+00 2.805175781250000000e+00
-6.823730468750000000e-01 -9.448242187500000000e-01
6.817626953125000000e+00 4.055175781250000000e+00
3.067626953125000000e+00 -3.444824218750000000e+00
-4.432373046875000000e+00 1.555175781250000000e+00
-4.197998046875000000e+00 -7.885742187500000000e-01
3.302001953125000000e+00 4.211425781250000000e+00
7.052001953125000000e+00 -3.288574218750000000e+00
-4.479980468750000000e-01 1.711425781250000000e+00
1.427001953125000000e+00 -4.538574218750000000e+00
8.927001953125000000e+00 4.614257812500000000e-01
5.177001953125000000e+00 -2.038574218750000000e+00
-2.322998046875000000e+00 2.961425781250000000e+00
-1.385498046875000000e+00 -2.663574218750000000e+00
6.114501953125000000e+00 2.336425781250000000e+00
9.864501953125000000e+00 -1.635742187500000000e-01
2.364501953125000000e+00 4.836425781250000000e+00
4.895019531250000000e-01 -1.413574218750000000e+00
7.989501953125000000e+00 3.586425781250000000e+00
4.239501953125000000e+00 -3.913574218750000000e+00
-3.260498046875000000e+00 1.086425781250000000e+00
-3.729248046875000000e+00 -4.226074218750000000e+00
3.770751953125000000e+00 7.739257812500000000e-01
7.520751953125000000e+00 -1.726074218750000000e+00
2.075195312500000000e-02 3.273925781250000000e+00
1.895751953125000000e+00 -4.760742187500000000e-01
9.395751953125000000e+00 4.523925781250000000e+00
5.645751953125000000e+00 -2.976074218750000000e+00
-1.854248046875000000e+00 2.023925781250000000e+00
-2.791748046875000000e+00 -2.351074218750000000e+00
4.708251953125000000e+00 2.648925781250000000e+00
8.458251953125000000e+00 -4.851074218750000000e+00
9.582519531250000000e-01 1.489257812500000000e-01
-9.167480468750000000e-01 -3.601074218750000000e+00
6.583251953125000000e+00 1.398925781250000000e+00
2.833251953125000000e+00 -1.101074218750000000e+00
-4.666748046875000000e+00 3.898925781250000000e+00
-4.549560546875000000e+00 -2.116699218750000000e+00
2.950439453125000000e+00 2.883300781250000000e+00
6.700439453125000000e+00 -4.616699218750000000e+00
-7.995605468750000000e-01 3.833007812500000000e-01
1.075439453125000000e+00 -3.366699218750000000e+00
8.575439453125000000e+00 1.633300781250000000e+00
4.825439453125000000e+00 -8.666992187500000000e-01
-2.674560546875000000e+00 4.133300781250000000e+00
-1.737060546875000000e+00 -3.991699218750000000e+00
5.762939453125000000e+00 1.008300781250000000e+00
9.512939453125000000e+00 -1.491699218750000000e+00
2.012939453125000000e+00 3.508300781250000000e+00
1.379394531250000000e-01 -2.416992187500000000e-01
7.637939453125000000e+00 4.758300781250000000e+00
3.887939453125000000e+00 -2.741699218750000000e+00
-3.612060546875000000e+00 2.258300781250000000e+00
-3.143310546875000000e+00 -3.054199218750000000e+00
4.356689453125000000e+00 1.945800781250000000e+00
8.106689453125000000e+00 -5.541992187500000000e-01
6.066894531250000000e-01 4.445800781250000000e+00
2.481689453125000000e+00 -1.804199218750000000e+00
9.981689453125000000e+00 3.195800781250000000e+00
6.231689453125000000e+00 -4.304199218750000000e+00
-1.268310546875000000e+00 6.958007812500000000e-01
-2.205810546875000000e+00 -1.179199218750000000e+00
5.294189453125000000e+00 3.820800781250000000e+00
9.044189453125000000e+00 -3.679199218750000000e+00
1.544189453125000000e+00 1.320800781250000000e+00
-3.308105468750000000e-01 -4.929199218750000000e+00
7.169189453125000000e+00 7.080078125000000000e-02
3.419189453125000000e+00 -2.429199218750000000e+00
-4.080810546875000000e+00 2.570800781250000000e+00
-4.315185546875000000e+00 -4.460449218750000000e+00
3.184814453125000000e+00 5.395507812500000000e-01
6.934814453125000000e+00 -1.960449218750000000e+00
-5.651855468750000000e-01 3.039550781250000000e+00
1.309814453125000000e+00 -7.104492187500000000e-01
8.809814453125000000e+00 4.289550781250000000e+00
5.059814453125000000e+00 -3.210449218750000000e+00
-2.440185546875000000e+00 1.789550781250000000e+00
-1.502685546875000000e+00 -1.335449218750000000e+00
5.997314453125000000e+00 3.664550781250000000e+00
9.747314453125000000e+00 -3.835449218750000000e+00
2.247314453125000000e+00 1.164550781250000000e+00
3.723144531250000000e-01 -2.585449218750000000e+00
7.872314453125000000e+00 2.414550781250000000e+00
4.122314453125000000e+00 -8.544921875000000000e-02
-3.377685546875000000e+00 4.914550781250000000e+00
-3.846435546875000000e+00 -3.979492187500000000e-01
3.653564453125000000e+00 4.602050781250000000e+00
7.403564453125000000e+00 -2.897949218750000000e+00
-9.643554687500000000e-02 2.102050781250000000e+00
1.778564453125000000e+00 -4.147949218750000000e+00
9.278564453125000000e+00 8.520507812500000000e-01
5.528564453125000000e+00 -1.647949218750000000e+00
-1.971435546875000000e+00 3.352050781250000000e+00
-2.908935546875000000e+00 -3.522949218750000000e+00
4.591064453125000000e+00 1.477050781250000000e+00
8.341064453125000000e+00 -1.022949218750000000e+00
8.410644531250000000e-01 3.977050781250000000e+00
-1.033935546875000000e+00 -2.272949218750000000e+00
6.466064453125000000e+00 2.727050781250000000e+00
2.716064453125000000e+00 -4.772949218750000000e+00
-4.783935546875000000e+00 2.270507812500000000e-01
-4.842529296875000000e+00 -2.026367187500000000e-01
2.657470703125000000e+00 4.797363281250000000e+00
6.407470703125000000e+00 -2.702636718750000000e+00
-1.092529296875000000e+00 2.297363281250000000e+00
7.824707031250000000e-01 -3.952636718750000000e+00
8.282470703125000000e+00 1.047363281250000000e+00
4.532470703125000000e+00 -1.452636718750000000e+00
-2.967529296875000000e+00 3.547363281250000000e+00
-2.030029296875000000e+00 -3.327636718750000000e+00
5.469970703125000000e+00 1.672363281250000000e+00
9.219970703125000000e+00 -8.276367187500000000e-01
1.719970703125000000e+00 4.172363281250000000e+00
-1.550292968750000000e-01 -2.077636718750000000e+00
7.344970703125000000e+00 2.922363281250000000e+00
3.594970703125000000e+00 -4.577636718750000000e+00
-3.905029296875000000e+00 4.223632812500000000e-01
-3.436279296875000000e+00 -4.890136718750000000e+00
4.063720703125000000e+00 1.098632812500000000e-01
7.813720703125000000e+00 -2.390136718750000000e+00
3.137207031250000000e-01 2.609863281250000000e+00
2.188720703125000000e+00 -1.140136718750000000e+00
9.688720703125000000e+00 3.859863281250000000e+00
5.938720703125000000e+00 -3.640136718750000000e+00
-1.561279296875000000e+00 1.359863281250000000e+00
-2.498779296875000000e+00 -1.765136718750000000e+00
5.001220703125000000e+00 3.234863281250000000e+00
8.751220703125000000e+00 -4.265136718750000000e+00
1.251220703125000000e+00 7.348632812500000000e-01
-6.237792968750000000e-01 -3.015136718750000000e+00
6.876220703125000000e+00 1.984863281250000000e+00
3.126220703125000000e+00 -5.151367187500000000e-01
-4.373779296875000000e+00 4.484863281250000000e+00
-4.139404296875000000e+00 -2.546386718750000000e+00
3.360595703125000000e+00 2.453613281250000000e+00
7.110595703125000000e+00 -4.638671875000000000e-02
-3.894042968750000000e-01 4.953613281250000000e+00
1.485595703125000000e+00 -1.296386718750000000e+00
8.985595703125000000e+00 3.703613281250000000e+00
5.235595703125000000e+00 -3.796386718750000000e+00
-2.264404296875000000e+00 1.203613281250000000e+00
-1.326904296875000000e+00 -6.713867187500000000e-01
6.173095703125000000e+00 4.328613281250000000e+00
9.923095703125000000e+00 -3.171386718750000000e+00
2.423095703125000000e+00 1.828613281250000000e+00
5.480957031250000000e-01 -4.421386718750000000e+00
8.048095703125000000e+00 5.786132812500000000e-01
4.298095703125000000e+00 -1.921386718750000000e+00
-3.201904296875000000e+00 3.078613281250000000e+00
-3.670654296875000000e+00 -2.233886718750000000e+00
3.829345703125000000e+00 2.766113281250000000e+00
7.579345703125000000e+00 -4.733886718750000000e+00
7.934570312500000000e-02 2.661132812500000000e-01
1.954345703125000000e+00 -3.483886718750000000e+00
9.454345703125000000e+00 1.516113281250000000e+00
5.704345703125000000e+00 -9.838867187500000000e-01
-1.795654296875000000e+00 4.016113281250000000e+00
-2.733154296875000000e+00 -4.108886718750000000e+00
4.766845703125000000e+00 8.911132812500000000e-01
8.516845703125000000e+00 -1.608886718750000000e+00
1.016845703125000000e+00 3.391113281250000000e+00
-8.581542968750000000e-01 -3.588867187500000000e-01
6.641845703125000000e+00 4.641113281250000000e+00
2.891845703125000000e+00 -2.858886718750000000e+00
-4.608154296875000000e+00 2.141113281250000000e+00
-4.725341796875000000e+00 -3.874511718750000000e+00
2.774658203125000000e+00 1.125488281250000000e+00
6.524658203125000000e+00 -1.374511718750000000e+00
-9.753417968750000000e-01 3.625488281250000000e+00
8.996582031250000000e-01 -1.245117187500000000e-01
8.399658203125000000e+00 4.875488281250000000e+00
4.649658203125000000e+00 -2.624511718750000000e+00
-2.850341796875000000e+00 2.375488281250000000e+00
-1.912841796875000000e+00 -1.999511718750000000e+00
5.587158203125000000e+00 3.000488281250000000e+00
9.337158203125000000e+00 -4.499511718750000000e+00
1.837158203125000000e+00 5.004882812500000000e-01
-3.784179687500000000e-02 -3.249511718750000000e+00
7.462158203125000000e+00 1.750488281250000000e+00
3.712158203125000000e+00 -7.495117187500000000e-01
-3.787841796875000000e+00 4.250488281250000000e+00
-3.319091796875000000e+00 -1.062011718750000000e+00
4.180908203125000000e+00 3.937988281250000000e+00
7.930908203125000000e+00 -3.562011718750000000e+00
4.309082031250000000e-01 1.437988281250000000e+00
2.305908203125000000e+00 -4.812011718750000000e+00
9.805908203125000000e+00 1.879882812500000000e-01
6.055908203125000000e+00 -2.312011718750000000e+00
-1.444091796875000000e+00 2.687988281250000000e+00
-2.381591796875000000e+00 -2.937011718750000000e+00
5.118408203125000000e+00 2.062988281250000000e+00
8.868408203125000000e+00 -4.370117187500000000e-01
1.368408203125000000e+00 4.562988281250000000e+00
-5.065917968750000000e-01 -1.687011718750000000e+00
6.993408203125000000e+00 3.312988281250000000e+00
3.243408203125000000e+00 -4.187011718750000000e+00
-4.256591796875000000e+00 8.129882812500000000e-01
-4.490966796875000000e+00 -1.530761718750000000e+00
3.009033203125000000e+00 3.469238281250000000e+00
6.759033203125000000e+00 -4.030761718750000000e+00
-7.409667968750000000e-01 9.692382812500000000e-01
1.134033203125000000e+00 -2.780761718750000000e+00
8.634033203125000000e+00 2.219238281250000000e+00
4.884033203125000000e+00 -2.807617187500000000e-01
-2.615966796875000000e+00 4.719238281250000000e+00
-1.678466796875000000e+00 -4.655761718750000000e+00
5.821533203125000000e+00 3.442382812500000000e-01
9.571533203125000000e+00 -2.155761718750000000e+00
2.071533203125000000e+00 2.844238281250000000e+00
1.965332031250000000e-01 -9.057617187500000000e-01
7.696533203125000000e+00 4.094238281250000000e+00
3.946533203125000000e+00 -3.405761718750000000e+00
-3.553466796875000000e+00 1.594238281250000000e+00
-4.022216796875000000e+00 -3.718261718750000000e+00
3.477783203125000000e+00 1.281738281250000000e+00
7.227783203125000000e+00 -1.218261718750000000e+00
-2.722167968750000000e-01 3.781738281250000000e+00
1.602783203125000000e+00 -2.468261718750000000e+00
9.102783203125000000e+00 2.531738281250000000e+00
5.352783203125000000e+00 -4.968261718750000000e+00
-2.147216796875000000e+00 3.173828125000000000e-02
-3.084716796875000000e+00 -5.932617187500000000e-01
4.415283203125000000e+00 4.406738281250000000e+00
8.165283203125000000e+00 -3.093261718750000000e+00
6.652832031250000000e-01 1.906738281250000000e+00
-1.209716796875000000e+00 -4.343261718750000000e+00
6.290283203125000000e+00 6.567382812500000000e-01
2.540283203125000000e+00 -1.843261718750000000e+00
-4.959716796875000000e+00 3.156738281250000000e+00
-4.945068359375000000e+00 -4.372558593750000000e+00
2.554931640625000000e+00 6.274414062500000000e-01
6.304931640625000000e+00 -1.872558593750000000e+00
-1.195068359375000000e+00 3.127441406250000000e+00
6.799316406250000000e-01 -6.225585937500000000e-01
8.179931640625000000e+00 4.377441406250000000e+00
4.429931640625000000e+00 -3.122558593750000000e+00
-3.070068359375000000e+00 1.877441406250000000e+00
-2.132568359375000000e+00 -2.497558593750000000e+00
5.367431640625000000e+00 2.502441406250000000e+00
9.117431640625000000e+00 -4.997558593750000000e+00
1.617431640625000000e+00 2.441406250000000000e-03
-2.575683593750000000e-01 -3.747558593750000000e+00
7.242431640625000000e+00 1.252441406250000000e+00
3.492431640625000000e+00 -1.247558593750000000e+00
-4.007568359375000000e+00 3.752441406250000000e+00
-3.538818359375000000e+00 -9.350585937500000000e-01
3.961181640625000000e+00 4.064941406250000000e+00
7.711181640625000000e+00 -3.435058593750000000e+00
2.111816406250000000e-01 1.564941406250000000e+00
2.086181640625000000e+00 -4.685058593750000000e+00
9.586181640625000000e+00 3.149414062500000000e-01
5.836181640625000000e+00 -2.185058593750000000e+00
-1.663818359375000000e+00 2.814941406250000000e+00
-2.601318359375000000e+00 -2.810058593750000000e+00
4.898681640625000000e+00 2.189941406250000000e+00
8.648681640625000000e+00 -3.100585937500000000e-01
1.148681640625000000e+00 4.689941406250000000e+00
-7.263183593750000000e-01 -1.560058593750000000e+00
6.773681640625000000e+00 3.439941406250000000e+00
3.023681640625000000e+00 -4.060058593750000000e+00
-4.476318359375000000e+00 9.399414062500000000e-01
-4.241943359375000000e+00 -1.716308593750000000e+00
3.258056640625000000e+00 3.283691406250000000e+00
7.008056640625000000e+00 -4.216308593750000000e+00
-4.919433593750000000e-01 7.836914062500000000e-01
1.383056640625000000e+00 -2.966308593750000000e+00
8.883056640625000000e+00 2.033691406250000000e+00
5.133056640625000000e+00 -4.663085937500000000e-01
-2.366943359375000000e+00 4.533691406250000000e+00
-1.429443359375000000e+00 -4.841308593750000000e+00
6.070556640625000000e+00 1.586914062500000000e-01
9.820556640625000000e+00 -2.341308593750000000e+00
2.320556640625000000e+00 2.658691406250000000e+00
4.455566406250000000e-01 -1.091308593750000000e+00
7.945556640625000000e+00 3.908691406250000000e+00
4.195556640625000000e+00 -3.591308593750000000e+00
-3.304443359375000000e+00 1.408691406250000000e+00
-3.773193359375000000e+00 -3.278808593750000000e+00
3.726806640625000000e+00 1.721191406250000000e+00
7.476806640625000000e+00 -7.788085937500000000e-01
-2.319335937500000000e-02 4.221191406250000000e+00
1.851806640625000000e+00 -2.028808593750000000e+00
9.351806640625000000e+00 2.971191406250000000e+00
5.601806640625000000e+00 -4.528808593750000000e+00
-1.898193359375000000e+00 4.711914062500000000e-01
-2.835693359375000000e+00 -1.538085937500000000e-01
4.664306640625000000e+00 4.846191406250000000e+00
8.414306640625000000e+00 -2.653808593750000000e+00
9.143066406250000000e-01 2.346191406250000000e+00
-9.606933593750000000e-01 -3.903808593750000000e+00
6.539306640625000000e+00 1.096191406250000000e+00
2.789306640625000000e+00 -1.403808593750000000e+00
-4.710693359375000000e+00 3.596191406250000000e+00
-4.593505859375000000e+00 -3.881835937500000000e-01
2.906494140625000000e+00 4.611816406250000000e+00
6.656494140625000000e+00 -2.888183593750000000e+00
-8.435058593750000000e-01 2.111816406250000000e+00
1.031494140625000000e+00 -4.138183593750000000e+00
8.531494140625000000e+00 8.618164062500000000e-01
4.781494140625000000e+00 -1.638183593750000000e+00
-2.718505859375000000e+00 3.361816406250000000e+00
-1.781005859375000000e+00 -3.513183593750000000e+00
5.718994140625000000e+00 1.486816406250000000e+00
9.468994140625000000e+00 -1.013183593750000000e+00
1.968994140625000000e+00 3.986816406250000000e+00
9.399414062500000000e-02 -2.263183593750000000e+00
7.593994140625000000e+00 2.736816406250000000e+00
3.843994140625000000e+00 -4.763183593750000000e+00
-3.656005859375000000e+00 2.368164062500000000e-01
-3.187255859375000000e+00 -4.450683593750000000e+00
4.312744140625000000e+00 5.493164062500000000e-01
8.062744140625000000e+00 -1.950683593750000000e+00
5.627441406250000000e-01 3.049316406250000000e+00
2.437744140625000000e+00 -7.006835937500000000e-01
9.937744140625000000e+00 4.299316406250000000e+00
6.187744140625000000e+00 -3.200683593750000000e+00
-1.312255859375000000e+00 1.799316406250000000e+00
-2.249755859375000000e+00 -1.325683593750000000e+00
5.250244140625000000e+00 3.674316406250000000e+00
9.000244140625000000e+00 -3.825683593750000000e+00
1.500244140625000000e+00 1.174316406250000000e+00
-3.747558593750000000e-01 -2.575683593750000000e+00
7.125244140625000000e+00 2.424316406250000000e+00
3.375244140625000000e+00 -7.568359375000000000e-02
-4.124755859375000000e+00 4.924316406250000000e+00
-4.359130859375000000e+00 -3.044433593750000000e+00
3.140869140625000000e+00 1.955566406250000000e+00
6.890869140625000000e+00 -5.444335937500000000e-01
-6.091308593750000000e-01 4.455566406250000000e+00
1.265869140625000000e+00 -1.794433593750000000e+00
8.765869140625000000e+00 3.205566406250000000e+00
5.015869140625000000e+00 -4.294433593750000000e+00
-2.484130859375000000e+00 7.055664062500000000e-01
-1.546630859375000000e+00 -1.169433593750000000e+00
5.953369140625000000e+00 3.830566406250000000e+00
9.703369140625000000e+00 -3.669433593750000000e+00
2.203369140625000000e+00 1.330566406250000000e+00
3.283691406250000000e-01 -4.919433593750000000e+00
7.828369140625000000e+00 8.056640625000000000e-02
4.078369140625000000e+00 -2.419433593750000000e+00
-3.421630859375000000e+00 2.580566406250000000e+00
-3.890380859375000000e+00 -2.106933593750000000e+00
3.609619140625000000e+00 2.893066406250000000e+00
7.359619140625000000e+00 -4.606933593750000000e+00
-1.403808593750000000e-01 3.930664062500000000e-01
1.734619140625000000e+00 -3.356933593750000000e+00
9.234619140625000000e+00 1.643066406250000000e+00
5.484619140625000000e+00 -8.569335937500000000e-01
-2.015380859375000000e+00 4.143066406250000000e+00
-2.952880859375000000e+00 -3.981933593750000000e+00
4.547119140625000000e+00 1.018066406250000000e+00
8.297119140625000000e+00 -1.481933593750000000e+00
7.971191406250000000e-01 3.518066406250000000e+00
-1.077880859375000000e+00 -2.319335937500000000e-01
6.422119140625000000e+00 4.768066406250000000e+00
2.672119140625000000e+00 -2.731933593750000000e+00
-4.827880859375000000e+00 2.268066406250000000e+00
-4.769287109375000000e+00 -2.302246093750000000e+00
2.730712890625000000e+00 2.697753906250000000e+00
6.480712890625000000e+00 -4.802246093750000000e+00
-1.019287109375000000e+00 1.977539062500000000e-01
8.557128906250000000e-01 -3.552246093750000000e+00
8.355712890625000000e+00 1.447753906250000000e+00
4.605712890625000000e+00 -1.052246093750000000e+00
-2.894287109375000000e+00 3.947753906250000000e+00
-1.956787109375000000e+00 -4.177246093750000000e+00
5.543212890625000000e+00 8.227539062500000000e-01
9.293212890625000000e+00 -1.677246093750000000e+00
1.793212890625000000e+00 3.322753906250000000e+00
-8.178710937500000000e-02 -4.272460937500000000e-01
7.418212890625000000e+00 4.572753906250000000e+00
3.668212890625000000e+00 -2.927246093750000000e+00
-3.831787109375000000e+00 2.072753906250000000e+00
-3.363037109375000000e+00 -2.614746093750000000e+00
4.136962890625000000e+00 2.385253906250000000e+00
7.886962890625000000e+00 -1.147460937500000000e-01
3.869628906250000000e-01 4.885253906250000000e+00
2.261962890625000000e+00 -1.364746093750000000e+00
9.761962890625000000e+00 3.635253906250000000e+00
6.011962890625000000e+00 -3.864746093750000000e+00
-1.488037109375000000e+00 1.135253906250000000e+00
-2.425537109375000000e+00 -7.397460937500000000e-01
5.074462890625000000e+00 4.260253906250000000e+00
8.824462890625000000e+00 -3.239746093750000000e+00
1.324462890625000000e+00 1.760253906250000000e+00
-5.505371093750000000e-01 -4.489746093750000000e+00
6.949462890625000000e+00 5.102539062500000000e-01
3.199462890625000000e+00 -1.989746093750000000e+00
-4.300537109375000000e+00 3.010253906250000000e+00
-4.066162109375000000e+00 -4.958496093750000000e+00
3.433837890625000000e+00 4.150390625000000000e-02
7.183837890625000000e+00 -2.458496093750000000e+00
-3.161621093750000000e-01 2.541503906250000000e+00
1.558837890625000000e+00 -1.208496093750000000e+00
9.058837890625000000e+00 3.791503906250000000e+00
5.308837890625000000e+00 -3.708496093750000000e+00
-2.191162109375000000e+00 1.291503906250000000e+00
-1.253662109375000000e+00 -1.833496093750000000e+00
6.246337890625000000e+00 3.166503906250000000e+00
9.996337890625000000e+00 -4.333496093750000000e+00
2.496337890625000000e+00 6.665039062500000000e-01
6.213378906250000000e-01 -3.083496093750000000e+00
8.121337890625000000e+00 1.916503906250000000e+00
4.371337890625000000e+00 -5.834960937500000000e-01
-3.128662109375000000e+00 4.416503906250000000e+00
-3.597412109375000000e+00 -2.709960937500000000e-01
3.902587890625000000e+00 4.729003906250000000e+00
7.652587890625000000e+00 -2.770996093750000000e+00
1.525878906250000000e-01 2.229003906250000000e+00
2.027587890625000000e+00 -4.020996093750000000e+00
9.527587890625000000e+00 9.790039062500000000e-01
5.777587890625000000e+00 -1.520996093750000000e+00
-1.722412109375000000e+00 3.479003906250000000e+00
-2.659912109375000000e+00 -3.395996093750000000e+00
4.840087890625000000e+00 1.604003906250000000e+00
8.590087890625000000e+00 -8.959960937500000000e-01
1.090087890625000000e+00 4.104003906250000000e+00
-7.849121093750000000e-01 -2.145996093750000000e+00
6.715087890625000000e+00 2.854003906250000000e+00
2.965087890625000000e+00 -4.645996093750000000e+00
-4.534912109375000000e+00 3.540039062500000000e-01
-4.652099609375000000e+00 -3.630371093750000000e+00
2.847900390625000000e+00 1.369628906250000000e+00
6.597900390625000000e+00 -1.130371093750000000e+00
-9.020996093750000000e-01 3.869628906250000000e+00
9.729003906250000000e-01 -2.380371093750000000e+00
8.472900390625000000e+00 2.619628906250000000e+00
4.722900390625000000e+00 -4.880371093750000000e+00
-2.777099609375000000e+00 1.196289062500000000e-01
-1.839599609375000000e+00 -5.053710937500000000e-01
5.660400390625000000e+00 4.494628906250000000e+00
9.410400390625000000e+00 -3.005371093750000000e+00
1.910400390625000000e+00 1.994628906250000000e+00
3.540039062500000000e-02 -4.255371093750000000e+00
7.535400390625000000e+00 7.446289062500000000e-01
3.785400390625000000e+00 -1.755371093750000000e+00
-3.714599609375000000e+00 3.244628906250000000e+00
-3.245849609375000000e+00 -1.442871093750000000e+00
4.254150390625000000e+00 3.557128906250000000e+00
8.004150390625000000e+00 -3.942871093750000000e+00
5.041503906250000000e-01 1.057128906250000000e+00
2.379150390625000000e+00 -2.692871093750000000e+00
9.879150390625000000e+00 2.307128906250000000e+00
6.129150390625000000e+00 -1.928710937500000000e-01
-1.370849609375000000e+00 4.807128906250000000e+00
-2.308349609375000000e+00 -4.567871093750000000e+00
5.191650390625000000e+00 4.321289062500000000e-01
8.941650390625000000e+00 -2.067871093750000000e+00
1.441650390625000000e+00 2.932128906250000000e+00
-4.333496093750000000e-01 -8.178710937500000000e-01
7.066650390625000000e+00 4.182128906250000000e+00
3.316650390625000000e+00 -3.317871093750000000e+00
-4.183349609375000000e+00 1.682128906250000000e+00
-4.417724609375000000e+00 -9.741210937500000000e-01
3.082275390625000000e+00 4.025878906250000000e+00
6.832275390625000000e+00 -3.474121093750000000e+00
-6.677246093750000000e-01 1.525878906250000000e+00
1.207275390625000000e+00 -4.724121093750000000e+00
8.707275390625000000e+00 2.758789062500000000e-01
4.957275390625000000e+00 -2.224121093750000000e+00
-2.542724609375000000e+00 2.775878906250000000e+00
-1.605224609375000000e+00 -2.849121093750000000e+00
5.894775390625000000e+00 2.150878906250000000e+00
9.644775390625000000e+00 -3.491210937500000000e-01
2.144775390625000000e+00 4.650878906250000000e+00
2.697753906250000000e-01 -1.599121093750000000e+00
7.769775390625000000e+00 3.400878906250000000e+00
4.019775390625000000e+00 -4.099121093750000000e+00
-3.480224609375000000e+00 9.008789062500000000e-01
-3.948974609375000000e+00 -3.786621093750000000e+00
3.551025390625000000e+00 1.213378906250000000e+00
7.301025390625000000e+00 -1.286621093750000000e+00
-1.989746093750000000e-01 3.713378906250000000e+00
1.676025390625000000e+00 -3.662109375000000000e-02
9.176025390625000000e+00 4.963378906250000000e+00
5.426025390625000000e+00 -2.536621093750000000e+00
-2.073974609375000000e+00 2.463378906250000000e+00
-3.011474609375000000e+00 -1.911621093750000000e+00
4.488525390625000000e+00 3.088378906250000000e+00
8.238525390625000000e+00 -4.411621093750000000e+00
7.385253906250000000e-01 5.883789062500000000e-01
-1.136474609375000000e+00 -3.161621093750000000e+00
6.363525390625000000e+00 1.838378906250000000e+00
2.613525390625000000e+00 -6.616210937500000000e-01
-4.886474609375000000e+00 4.338378906250000000e+00
-4.915771484375000000e+00 -6.420898437500000000e-01
2.584228515625000000e+00 4.357910156250000000e+00
6.334228515625000000e+00 -3.142089843750000000e+00
-1.165771484375000000e+00 1.857910156250000000e+00
7.092285156250000000e-01 -4.392089843750000000e+00
8.209228515625000000e+00 6.079101562500000000e-01
4.459228515625000000e+00 -1.892089843750000000e+00
-3.040771484375000000e+00 3.107910156250000000e+00
-2.103271484375000000e+00 -2.517089843750000000e+00
5.396728515625000000e+00 2.482910156250000000e+00
9.146728515625000000e+00 -1.708984375000000000e-02
1.646728515625000000e+00 4.982910156250000000e+00
-2.282714843750000000e-01 -1.267089843750000000e+00
7.271728515625000000e+00 3.732910156250000000e+00
3.521728515625000000e+00 -3.767089843750000000e+00
-3.978271484375000000e+00 1.232910156250000000e+00
-3.509521484375000000e+00 -4.079589843750000000e+00
3.990478515625000000e+00 9.204101562500000000e-01
7.740478515625000000e+00 -1.579589843750000000e+00
2.404785156250000000e-01 3.420410156250000000e+00
2.115478515625000000e+00 -3.295898437500000000e-01
9.615478515625000000e+00 4.670410156250000000e+00
5.865478515625000000e+00 -2.829589843750000000e+00
-1.634521484375000000e+00 2.170410156250000000e+00
-2.572021484375000000e+00 -2.204589843750000000e+00
4.927978515625000000e+00 2.795410156250000000e+00
8.677978515625000000e+00 -4.704589843750000000e+00
1.177978515625000000e+00 2.954101562500000000e-01
-6.970214843750000000e-01 -3.454589843750000000e+00
6.802978515625000000e+00 1.545410156250000000e+00
3.052978515625000000e+00 -9.545898437500000000e-01
-4.447021484375000000e+00 4.045410156250000000e+00
-4.212646484375000000e+00 -3.298339843750000000e+00
3.287353515625000000e+00 1.701660156250000000e+00
7.037353515625000000e+00 -7.983398437500000000e-01
-4.626464843750000000e-01 4.201660156250000000e+00
1.412353515625000000e+00 -2.048339843750000000e+00
8.912353515625000000e+00 2.951660156250000000e+00
5.162353515625000000e+00 -4.548339843750000000e+00
-2.337646484375000000e+00 4.516601562500000000e-01
-1.400146484375000000e+00 -1.733398437500000000e-01
6.099853515625000000e+00 4.826660156250000000e+00
9.849853515625000000e+00 -2.673339843750000000e+00
2.349853515625000000e+00 2.326660156250000000e+00
4.748535156250000000e-01 -3.923339843750000000e+00
7.974853515625000000e+00 1.076660156250000000e+00
4.224853515625000000e+00 -1.423339843750000000e+00
-3.275146484375000000e+00 3.576660156250000000e+00
-3.743896484375000000e+00 -1.735839843750000000e+00
3.756103515625000000e+00 3.264160156250000000e+00
7.506103515625000000e+00 -4.235839843750000000e+00
6.103515625000000000e-03 7.641601562500000000e-01
1.881103515625000000e+00 -2.985839843750000000e+00
9.381103515625000000e+00 2.014160156250000000e+00
5.631103515625000000e+00 -4.858398437500000000e-01
-1.868896484375000000e+00 4.514160156250000000e+00
-2.806396484375000000e+00 -4.860839843750000000e+00
4.693603515625000000e+00 1.391601562500000000e-01
8.443603515625000000e+00 -2.360839843750000000e+00
9.436035156250000000e-01 2.639160156250000000e+00
-9.313964843750000000e-01 -1.110839843750000000e+00
6.568603515625000000e+00 3.889160156250000000e+00
2.818603515625000000e+00 -3.610839843750000000e+00
-4.681396484375000000e+00 1.389160156250000000e+00
-4.564208984375000000e+00 -4.626464843750000000e+00
2.935791015625000000e+00 3.735351562500000000e-01
6.685791015625000000e+00 -2.126464843750000000e+00
-8.142089843750000000e-01 2.873535156250000000e+00
1.060791015625000000e+00 -8.764648437500000000e-01
8.560791015625000000e+00 4.123535156250000000e+00
4.810791015625000000e+00 -3.376464843750000000e+00
-2.689208984375000000e+00 1.623535156250000000e+00
-1.751708984375000000e+00 -1.501464843750000000e+00
5.748291015625000000e+00 3.498535156250000000e+00
9.498291015625000000e+00 -4.001464843750000000e+00
1.998291015625000000e+00 9.985351562500000000e-01
1.232910156250000000e-01 -2.751464843750000000e+00
7.623291015625000000e+00 2.248535156250000000e+00
3.873291015625000000e+00 -2.514648437500000000e-01
-3.626708984375000000e+00 4.748535156250000000e+00
-3.157958984375000000e+00 -5.639648437500000000e-01
4.342041015625000000e+00 4.436035156250000000e+00
8.092041015625000000e+00 -3.063964843750000000e+00
5.920410156250000000e-01 1.936035156250000000e+00
2.467041015625000000e+00 -4.313964843750000000e+00
9.967041015625000000e+00 6.860351562500000000e-01
6.217041015625000000e+00 -1.813964843750000000e+00
-1.282958984375000000e+00 3.186035156250000000e+00
-2.220458984375000000e+00 -3.688964843750000000e+00
5.279541015625000000e+00 1.311035156250000000e+00
9.029541015625000000e+00 -1.188964843750000000e+00
1.529541015625000000e+00 3.811035156250000000e+00
-3.454589843750000000e-01 -2.438964843750000000e+00
7.154541015625000000e+00 2.561035156250000000e+00
3.404541015625000000e+00 -4.938964843750000000e+00
-4.095458984375000000e+00 6.103515625000000000e-02
-4.329833984375000000e+00 -1.970214843750000000e+00
3.170166015625000000e+00 3.029785156250000000e+00
6.920166015625000000e+00 -4.470214843750000000e+00
-5.798339843750000000e-01 5.297851562500000000e-01
1.295166015625000000e+00 -3.220214843750000000e+00
8.795166015625000000e+00 1.779785156250000000e+00
5.045166015625000000e+00 -7.202148437500000000e-01
-2.454833984375000000e+00 4.279785156250000000e+00
-1.517333984375000000e+00 -3.845214843750000000e+00
5.982666015625000000e+00 1.154785156250000000e+00
9.732666015625000000e+00 -1.345214843750000000e+00
2.232666015625000000e+00 3.654785156250000000e+00
3.576660156250000000e-01 -9.521484375000000000e-02
7.857666015625000000e+00 4.904785156250000000e+00
4.107666015625000000e+00 -2.595214843750000000e+00
-3.392333984375000000e+00 2.404785156250000000e+00
-3.861083984375000000e+00 -2.907714843750000000e+00
3.638916015625000000e+00 2.092285156250000000e+00
7.388916015625000000e+00 -4.077148437500000000e-01
-1.110839843750000000e-01 4.592285156250000000e+00
1.763916015625000000e+00 -1.657714843750000000e+00
9.263916015625000000e+00 3.342285156250000000e+00
5.513916015625000000e+00 -4.157714843750000000e+00
-1.986083984375000000e+00 8.422851562500000000e-01
-2.923583984375000000e+00 -1.032714843750000000e+00
4.576416015625000000e+00 3.967285156250000000e+00
8.326416015625000000e+00 -3.532714843750000000e+00
8.264160156250000000e-01 1.467285156250000000e+00
-1.048583984375000000e+00 -4.782714843750000000e+00
6.451416015625000000e+00 2.172851562500000000e-01
2.701416015625000000e+00 -2.282714843750000000e+00
-4.798583984375000000e+00 2.717285156250000000e+00
-4.857177734375000000e+00 -2.712402343750000000e+00
2.642822265625000000e+00 2.287597656250000000e+00
6.392822265625000000e+00 -2.124023437500000000e-01
-1.107177734375000000e+00 4.787597656250000000e+00
7.678222656250000000e-01 -1.462402343750000000e+00
8.267822265625000000e+00 3.537597656250000000e+00
4.517822265625000000e+00 -3.962402343750000000e+00
-2.982177734375000000e+00 1.037597656250000000e+00
-2.044677734375000000e+00 -8.374023437500000000e-01
5.455322265625000000e+00 4.162597656250000000e+00
9.205322265625000000e+00 -3.337402343750000000e+00
1.705322265625000000e+00 1.662597656250000000e+00
-1.696777343750000000e-01 -4.587402343750000000e+00
7.330322265625000000e+00 4.125976562500000000e-01
3.580322265625000000e+00 -2.087402343750000000e+00
-3.919677734375000000e+00 2.912597656250000000e+00
-3.450927734375000000e+00 -2.399902343750000000e+00
4.049072265625000000e+00 2.600097656250000000e+00
7.799072265625000000e+00 -4.899902343750000000e+00
2.990722656250000000e-01 1.000976562500000000e-01
2.174072265625000000e+00 -3.649902343750000000e+00
9.674072265625000000e+00 1.350097656250000000e+00
5.924072265625000000e+00 -1.149902343750000000e+00
-1.575927734375000000e+00 3.850097656250000000e+00
-2.513427734375000000e+00 -4.274902343750000000e+00
4.986572265625000000e+00 7.250976562500000000e-01
8.736572265625000000e+00 -1.774902343750000000e+00
1.236572265625000000e+00 3.225097656250000000e+00
-6.384277343750000000e-01 -5.249023437500000000e-01
6.861572265625000000e+00 4.475097656250000000e+00
3.111572265625000000e+00 -3.024902343750000000e+00
-4.388427734375000000e+00 1.975097656250000000e+00
-4.154052734375000000e+00 -5.615234375000000000e-02
3.345947265625000000e+00 4.943847656250000000e+00
7.095947265625000000e+00 -2.556152343750000000e+00
-4.040527343750000000e-01 2.443847656250000000e+00
1.470947265625000000e+00 -3.806152343750000000e+00
8.970947265625000000e+00 1.193847656250000000e+00
5.220947265625000000e+00 -1.306152343750000000e+00
-2.279052734375000000e+00 3.693847656250000000e+00
-1.341552734375000000e+00 -3.181152343750000000e+00
6.158447265625000000e+00 1.818847656250000000e+00
9.908447265625000000e+00 -6.811523437500000000e-01
2.408447265625000000e+00 4.318847656250000000e+00
5.334472656250000000e-01 -1.931152343750000000e+00
8.033447265625000000e+00 3.068847656250000000e+00
4.283447265625000000e+00 -4.431152343750000000e+00
-3.216552734375000000e+00 5.688476562500000000e-01
-3.685302734375000000e+00 -4.743652343750000000e+00
3.814697265625000000e+00 2.563476562500000000e-01
7.564697265625000000e+00 -2.243652343750000000e+00
6.469726562500000000e-02 2.756347656250000000e+00
1.939697265625000000e+00 -9.936523437500000000e-01
9.439697265625000000e+00 4.006347656250000000e+00
5.689697265625000000e+00 -3.493652343750000000e+00
-1.810302734375000000e+00 1.506347656250000000e+00
-2.747802734375000000e+00 -1.618652343750000000e+00
4.752197265625000000e+00 3.381347656250000000e+00
8.502197265625000000e+00 -4.118652343750000000e+00
1.002197265625000000e+00 8.813476562500000000e-01
-8.728027343750000000e-01 -2.868652343750000000e+00
6.627197265625000000e+00 2.131347656250000000e+00
2.877197265625000000e+00 -3.686523437500000000e-01
-4.622802734375000000e+00 4.631347656250000000e+00
-4.739990234375000000e+00 -1.384277343750000000e+00
2.760009765625000000e+00 3.615722656250000000e+00
6.510009765625000000e+00 -3.884277343750000000e+00
-9.899902343750000000e-01 1.115722656250000000e+00
8.850097656250000000e-01 -2.634277343750000000e+00
8.385009765625000000e+00 2.365722656250000000e+00
4.635009765625000000e+00 -1.342773437500000000e-01
-2.864990234375000000e+00 4.865722656250000000e+00
-1.927490234375000000e+00 -4.509277343750000000e+00
5.572509765625000000e+00 4.907226562500000000e-01
9.322509765625000000e+00 -2.009277343750000000e+00
1.822509765625000000e+00 2.990722656250000000e+00
-5.249023437500000000e-02 -7.592773437500000000e-01
7.447509765625000000e+00 4.240722656250000000e+00
3.697509765625000000e+00 -3.259277343750000000e+00
-3.802490234375000000e+00 1.740722656250000000e+00
-3.333740234375000000e+00 -3.571777343750000000e+00
4.166259765625000000e+00 1.428222656250000000e+00
7.916259765625000000e+00 -1.071777343750000000e+00
4.162597656250000000e-01 3.928222656250000000e+00
2.291259765625000000e+00 -2.321777343750000000e+00
9.791259765625000000e+00 2.678222656250000000e+00
6.041259765625000000e+00 -4.821777343750000000e+00
-1.458740234375000000e+00 1.782226562500000000e-01
-2.396240234375000000e+00 -4.467773437500000000e-01
5.103759765625000000e+00 4.553222656250000000e+00
8.853759765625000000e+00 -2.946777343750000000e+00
1.353759765625000000e+00 2.053222656250000000e+00
-5.212402343750000000e-01 -4.196777343750000000e+00
6.978759765625000000e+00 8.032226562500000000e-01
3.228759765625000000e+00 -1.696777343750000000e+00
-4.271240234375000000e+00 3.303222656250000000e+00
-4.505615234375000000e+00 -4.040527343750000000e+00
2.994384765625000000e+00 9.594726562500000000e-01
6.744384765625000000e+00 -1.540527343750000000e+00
-7.556152343750000000e-01 3.459472656250000000e+00
1.119384765625000000e+00 -2.905273437500000000e-01
8.619384765625000000e+00 4.709472656250000000e+00
4.869384765625000000e+00 -2.790527343750000000e+00
-2.630615234375000000e+00 2.209472656250000000e+00
-1.693115234375000000e+00 -2.165527343750000000e+00
5.806884765625000000e+00 2.834472656250000000e+00
9.556884765625000000e+00 -4.665527343750000000e+00
2.056884765625000000e+00 3.344726562500000000e-01
1.818847656250000000e-01 -3.415527343750000000e+00
7.681884765625000000e+00 1.584472656250000000e+00
3.931884765625000000e+00 -9.155273437500000000e-01
-3.568115234375000000e+00 4.084472656250000000e+00
-4.036865234375000000e+00 -1.228027343750000000e+00
3.463134765625000000e+00 3.771972656250000000e+00
7.213134765625000000e+00 -3.728027343750000000e+00
-2.868652343750000000e-01 1.271972656250000000e+00
1.588134765625000000e+00 -4.978027343750000000e+00
9.088134765625000000e+00 2.197265625000000000e-02
5.338134765625000000e+00 -2.478027343750000000e+00
-2.161865234375000000e+00 2.521972656250000000e+00
-3.099365234375000000e+00 -3.103027343750000000e+00
4.400634765625000000e+00 1.896972656250000000e+00
8.150634765625000000e+00 -6.030273437500000000e-01
6.506347656250000000e-01 4.396972656250000000e+00
-1.224365234375000000e+00 -1.853027343750000000e+00
6.275634765625000000e+00 3.146972656250000000e+00
2.525634765625000000e+00 -4.353027343750000000e+00
-4.974365234375000000e+00 6.469726562500000000e-01
-4.981689453125000000e+00 -3.117675781250000000e+00
2.518310546875000000e+00 1.882324218750000000e+00
6.268310546875000000e+00 -6.176757812500000000e-01
-1.231689453125000000e+00 4.382324218750000000e+00
6.433105468750000000e-01 -1.867675781250000000e+00
8.143310546875000000e+00 3.132324218750000000e+00
4.393310546875000000e+00 -4.367675781250000000e+00
-3.106689453125000000e+00 6.323242187500000000e-01
-2.169189453125000000e+00 -1.242675781250000000e+00
5.330810546875000000e+00 3.757324218750000000e+00
9.080810546875000000e+00 -3.742675781250000000e+00
1.580810546875000000e+00 1.257324218750000000e+00
-2.941894531250000000e-01 -4.992675781250000000e+00
7.205810546875000000e+00 7.324218750000000000e-03
3.455810546875000000e+00 -2.492675781250000000e+00
-4.044189453125000000e+00 2.507324218750000000e+00
-3.575439453125000000e+00 -2.180175781250000000e+00
3.924560546875000000e+00 2.819824218750000000e+00
7.674560546875000000e+00 -4.680175781250000000e+00
1.745605468750000000e-01 3.198242187500000000e-01
2.049560546875000000e+00 -3.430175781250000000e+00
9.549560546875000000e+00 1.569824218750000000e+00
5.799560546875000000e+00 -9.301757812500000000e-01
-1.700439453125000000e+00 4.069824218750000000e+00
-2.637939453125000000e+00 -4.055175781250000000e+00
4.862060546875000000e+00 9.448242187500000000e-01
8.612060546875000000e+00 -1.555175781250000000e+00
1.112060546875000000e+00 3.444824218750000000e+00
-7.629394531250000000e-01 -3.051757812500000000e-01
6.737060546875000000e+00 4.694824218750000000e+00
2.987060546875000000e+00 -2.805175781250000000e+00
-4.512939453125000000e+00 2.194824218750000000e+00
-4.278564453125000000e+00 -4.614257812500000000e-01
3.221435546875000000e+00 4.538574218750000000e+00
6.971435546875000000e+00 -2.961425781250000000e+00
-5.285644531250000000e-01 2.038574218750000000e+00
1.346435546875000000e+00 -4.211425781250000000e+00
8.846435546875000000e+00 7.885742187500000000e-01
5.096435546875000000e+00 -1.711425781250000000e+00
-2.403564453125000000e+00 3.288574218750000000e+00
-1.466064453125000000e+00 -3.586425781250000000e+00
6.033935546875000000e+00 1.413574218750000000e+00
9.783935546875000000e+00 -1.086425781250000000e+00
2.283935546875000000e+00 3.913574218750000000e+00
4.089355468750000000e-01 -2.336425781250000000e+00
7.908935546875000000e+00 2.663574218750000000e+00
4.158935546875000000e+00 -4.836425781250000000e+00
-3.341064453125000000e+00 1.635742187500000000e-01
-3.809814453125000000e+00 -4.523925781250000000e+00
3.690185546875000000e+00 4.760742187500000000e-01
7.440185546875000000e+00 -2.023925781250000000e+00
-5.981445312500000000e-02 2.976074218750000000e+00
1.815185546875000000e+00 -7.739257812500000000e-01
9.315185546875000000e+00 4.226074218750000000e+00
5.565185546875000000e+00 -3.273925781250000000e+00
-1.934814453125000000e+00 1.726074218750000000e+00
-2.872314453125000000e+00 -1.398925781250000000e+00
4.627685546875000000e+00 3.601074218750000000e+00
8.377685546875000000e+00 -3.898925781250000000e+00
8.776855468750000000e-01 1.101074218750000000e+00
-9.973144531250000000e-01 -2.648925781250000000e+00
6.502685546875000000e+00 2.351074218750000000e+00
2.752685546875000000e+00 -1.489257812500000000e-01
-4.747314453125000000e+00 4.851074218750000000e+00
-4.630126953125000000e+00 -1.633300781250000000e+00
2.869873046875000000e+00 3.366699218750000000e+00
6.619873046875000000e+00 -4.133300781250000000e+00
-8.801269531250000000e-01 8.666992187500000000e-01
9.948730468750000000e-01 -2.883300781250000000e+00
8.494873046875000000e+00 2.116699218750000000e+00
4.744873046875000000e+00 -3.833007812500000000e-01
-2.755126953125000000e+00 4.616699218750000000e+00
-1.817626953125000000e+00 -4.758300781250000000e+00
5.682373046875000000e+00 2.416992187500000000e-01
9.432373046875000000e+00 -2.258300781250000000e+00
1.932373046875000000e+00 2.741699218750000000e+00
5.737304687500000000e-02 -1.008300781250000000e+00
7.557373046875000000e+00 3.991699218750000000e+00
3.807373046875000000e+00 -3.508300781250000000e+00
-3.692626953125000000e+00 1.491699218750000000e+00
-3.223876953125000000e+00 -3.195800781250000000e+00
4.276123046875000000e+00 1.804199218750000000e+00
8.026123046875000000e+00 -6.958007812500000000e-01
5.261230468750000000e-01 4.304199218750000000e+00
2.401123046875000000e+00 -1.945800781250000000e+00
9.901123046875000000e+00 3.054199218750000000e+00
6.151123046875000000e+00 -4.445800781250000000e+00
-1.348876953125000000e+00 5.541992187500000000e-01
-2.286376953125000000e+00 -7.080078125000000000e-02
5.213623046875000000e+00 4.929199218750000000e+00
8.963623046875000000e+00 -2.570800781250000000e+00
1.463623046875000000e+00 2.429199218750000000e+00
-4.113769531250000000e-01 -3.820800781250000000e+00
7.088623046875000000e+00 1.179199218750000000e+00
3.338623046875000000e+00 -1.320800781250000000e+00
-4.161376953125000000e+00 3.679199218750000000e+00
-4.395751953125000000e+00 -4.289550781250000000e+00
3.104248046875000000e+00 7.104492187500000000e-01
6.854248046875000000e+00 -1.789550781250000000e+00
-6.457519531250000000e-01 3.210449218750000000e+00
1.229248046875000000e+00 -5.395507812500000000e-01
8.729248046875000000e+00 4.460449218750000000e+00
4.979248046875000000e+00 -3.039550781250000000e+00
-2.520751953125000000e+00 1.960449218750000000e+00
-1.583251953125000000e+00 -2.414550781250000000e+00
5.916748046875000000e+00 2.585449218750000000e+00
9.666748046875000000e+00 -4.914550781250000000e+00
2.166748046875000000e+00 8.544921875000000000e-02
2.917480468750000000e-01 -3.664550781250000000e+00
7.791748046875000000e+00 1.335449218750000000e+00
4.041748046875000000e+00 -1.164550781250000000e+00
-3.458251953125000000e+00 3.835449218750000000e+00
-3.927001953125000000e+00 -8.520507812500000000e-01
3.572998046875000000e+00 4.147949218750000000e+00
7.322998046875000000e+00 -3.352050781250000000e+00
-1.770019531250000000e-01 1.647949218750000000e+00
1.697998046875000000e+00 -4.602050781250000000e+00
9.197998046875000000e+00 3.979492187500000000e-01
5.447998046875000000e+00 -2.102050781250000000e+00
-2.052001953125000000e+00 2.897949218750000000e+00
-2.989501953125000000e+00 -2.727050781250000000e+00
4.510498046875000000e+00 2.272949218750000000e+00
8.260498046875000000e+00 -2.270507812500000000e-01
7.604980468750000000e-01 4.772949218750000000e+00
-1.114501953125000000e+00 -1.477050781250000000e+00
6.385498046875000000e+00 3.522949218750000000e+00
2.635498046875000000e+00 -3.977050781250000000e+00
-4.864501953125000000e+00 1.022949218750000000e+00
-4.805908203125000000e+00 -1.047363281250000000e+00
2.694091796875000000e+00 3.952636718750000000e+00
6.444091796875000000e+00 -3.547363281250000000e+00
-1.055908203125000000e+00 1.452636718750000000e+00
8.190917968750000000e-01 -4.797363281250000000e+00
8.319091796875000000e+00 2.026367187500000000e-01
4.569091796875000000e+00 -2.297363281250000000e+00
-2.930908203125000000e+00 2.702636718750000000e+00
-1.993408203125000000e+00 -2.922363281250000000e+00
5.506591796875000000e+00 2.077636718750000000e+00
9.256591796875000000e+00 -4.223632812500000000e-01
1.756591796875000000e+00 4.577636718750000000e+00
-1.184082031250000000e-01 -1.672363281250000000e+00
7.381591796875000000e+00 3.327636718750000000e+00
3.631591796875000000e+00 -4.172363281250000000e+00
-3.868408203125000000e+00 8.276367187500000000e-01
-3.399658203125000000e+00 -3.859863281250000000e+00
4.100341796875000000e+00 1.140136718750000000e+00
7.850341796875000000e+00 -1.359863281250000000e+00
3.503417968750000000e-01 3.640136718750000000e+00
2.225341796875000000e+00 -1.098632812500000000e-01
9.725341796875000000e+00 4.890136718750000000e+00
5.975341796875000000e+00 -2.609863281250000000e+00
-1.524658203125000000e+00 2.390136718750000000e+00
-2.462158203125000000e+00 -1.984863281250000000e+00
5.037841796875000000e+00 3.015136718750000000e+00
8.787841796875000000e+00 -4.484863281250000000e+00
1.287841796875000000e+00 5.151367187500000000e-01
-5.871582031250000000e-01 -3.234863281250000000e+00
6.912841796875000000e+00 1.765136718750000000e+00
3.162841796875000000e+00 -7.348632812500000000e-01
-4.337158203125000000e+00 4.265136718750000000e+00
-4.102783203125000000e+00 -3.703613281250000000e+00
3.397216796875000000e+00 1.296386718750000000e+00
7.147216796875000000e+00 -1.203613281250000000e+00
-3.527832031250000000e-01 3.796386718750000000e+00
1.522216796875000000e+00 -2.453613281250000000e+00
9.022216796875000000e+00 2.546386718750000000e+00
5.272216796875000000e+00 -4.953613281250000000e+00
-2.227783203125000000e+00 4.638671875000000000e-02
-1.290283203125000000e+00 -5.786132812500000000e-01
6.209716796875000000e+00 4.421386718750000000e+00
9.959716796875000000e+00 -3.078613281250000000e+00
2.459716796875000000e+00 1.921386718750000000e+00
5.847167968750000000e-01 -4.328613281250000000e+00
8.084716796875000000e+00 6.713867187500000000e-01
4.334716796875000000e+00 -1.828613281250000000e+00
-3.165283203125000000e+00 3.171386718750000000e+00
-3.634033203125000000e+00 -1.516113281250000000e+00
3.865966796875000000e+00 3.483886718750000000e+00
7.615966796875000000e+00 -4.016113281250000000e+00
1.159667968750000000e-01 9.838867187500000000e-01
1.990966796875000000e+00 -2.766113281250000000e+00
9.490966796875000000e+00 2.233886718750000000e+00
5.740966796875000000e+00 -2.661132812500000000e-01
-1.759033203125000000e+00 4.733886718750000000e+00
-2.696533203125000000e+00 -4.641113281250000000e+00
4.803466796875000000e+00 3.588867187500000000e-01
8.553466796875000000e+00 -2.141113281250000000e+00
1.053466796875000000e+00 2.858886718750000000e+00
-8.215332031250000000e-01 -8.911132812500000000e-01
6.678466796875000000e+00 4.108886718750000000e+00
2.928466796875000000e+00 -3.391113281250000000e+00
-4.571533203125000000e+00 1.608886718750000000e+00
-4.688720703125000000e+00 -4.875488281250000000e+00
2.811279296875000000e+00 1.245117187500000000e-01
6.561279296875000000e+00 -2.375488281250000000e+00
-9.387207031250000000e-01 2.624511718750000000e+00
9.362792968750000000e-01 -1.125488281250000000e+00
8.436279296875000000e+00 3.874511718750000000e+00
4.686279296875000000e+00 -3.625488281250000000e+00
-2.813720703125000000e+00 1.374511718750000000e+00
-1.876220703125000000e+00 -1.750488281250000000e+00
5.623779296875000000e+00 3.249511718750000000e+00
9.373779296875000000e+00 -4.250488281250000000e+00
1.873779296875000000e+00 7.495117187500000000e-01
-1.220703125000000000e-03 -3.000488281250000000e+00
7.498779296875000000e+00 1.999511718750000000e+00
3.748779296875000000e+00 -5.004882812500000000e-01
-3.751220703125000000e+00 4.499511718750000000e+00
-3.282470703125000000e+00 -1.879882812500000000e-01
4.217529296875000000e+00 4.812011718750000000e+00
7.967529296875000000e+00 -2.687988281250000000e+00
4.675292968750000000e-01 2.312011718750000000e+00
2.342529296875000000e+00 -3.937988281250000000e+00
9.842529296875000000e+00 1.062011718750000000e+00
6.092529296875000000e+00 -1.437988281250000000e+00
-1.407470703125000000e+00 3.562011718750000000e+00
-2.344970703125000000e+00 -3.312988281250000000e+00
5.155029296875000000e+00 1.687011718750000000e+00
8.905029296875000000e+00 -8.129882812500000000e-01
1.405029296875000000e+00 4.187011718750000000e+00
-4.699707031250000000e-01 -2.062988281250000000e+00
7.030029296875000000e+00 2.937011718750000000e+00
3.280029296875000000e+00 -4.562988281250000000e+00
-4.219970703125000000e+00 4.370117187500000000e-01
-4.454345703125000000e+00 -2.219238281250000000e+00
3.045654296875000000e+00 2.780761718750000000e+00
6.795654296875000000e+00 -4.719238281250000000e+00
-7.043457031250000000e-01 2.807617187500000000e-01
1.170654296875000000e+00 -3.469238281250000000e+00
8.670654296875000000e+00 1.530761718750000000e+00
4.920654296875000000e+00 -9.692382812500000000e-01
-2.579345703125000000e+00 4.030761718750000000e+00
-1.641845703125000000e+00 -4.094238281250000000e+00
5.858154296875000000e+00 9.057617187500000000e-01
9.608154296875000000e+00 -1.594238281250000000e+00
2.108154296875000000e+00 3.405761718750000000e+00
2.331542968750000000e-01 -3.442382812500000000e-01
7.733154296875000000e+00 4.655761718750000000e+00
3.983154296875000000e+00 -2.844238281250000000e+00
-3.516845703125000000e+00 2.155761718750000000e+00
-3.985595703125000000e+00 -2.531738281250000000e+00
3.514404296875000000e+00 2.468261718750000000e+00
7.264404296875000000e+00 -3.173828125000000000e-02
-2.355957031250000000e-01 4.968261718750000000e+00
1.639404296875000000e+00 -1.281738281250000000e+00
9.139404296875000000e+00 3.718261718750000000e+00
5.389404296875000000e+00 -3.781738281250000000e+00
-2.110595703125000000e+00 1.218261718750000000e+00
-3.048095703125000000e+00 -6.567382812500000000e-01
4.451904296875000000e+00 4.343261718750000000e+00
8.201904296875000000e+00 -3.156738281250000000e+00
7.019042968750000000e-01 1.843261718750000000e+00
-1.173095703125000000e+00 -4.406738281250000000e+00
6.326904296875000000e+00 5.932617187500000000e-01
2.576904296875000000e+00 -1.906738281250000000e+00
-4.923095703125000000e+00 3.093261718750000000e+00
-4.893798828125000000e+00 -1.887207031250000000e+00
2.606201171875000000e+00 3.112792968750000000e+00
6.356201171875000000e+00 -4.387207031250000000e+00
-1.143798828125000000e+00 6.127929687500000000e-01
7.312011718750000000e-01 -3.137207031250000000e+00
8.231201171875000000e+00 1.862792968750000000e+00
4.481201171875000000e+00 -6.372070312500000000e-01
-3.018798828125000000e+00 4.362792968750000000e+00
-2.081298828125000000e+00 -3.762207031250000000e+00
5.418701171875000000e+00 1.237792968750000000e+00
9.168701171875000000e+00 -1.262207031250000000e+00
1.668701171875000000e+00 3.737792968750000000e+00
-2.062988281250000000e-01 -1.220703125000000000e-02
7.293701171875000000e+00 4.987792968750000000e+00
3.543701171875000000e+00 -2.512207031250000000e+00
-3.956298828125000000e+00 2.487792968750000000e+00
-3.487548828125000000e+00 -2.824707031250000000e+00
4.012451171875000000e+00 2.175292968750000000e+00
7.762451171875000000e+00 -3.247070312500000000e-01
2.624511718750000000e-01 4.675292968750000000e+00
2.137451171875000000e+00 -1.574707031250000000e+00
9.637451171875000000e+00 3.425292968750000000e+00
5.887451171875000000e+00 -4.074707031250000000e+00
-1.612548828125000000e+00 9.252929687500000000e-01
-2.550048828125000000e+00 -9.497070312500000000e-01
4.949951171875000000e+00 4.050292968750000000e+00
8.699951171875000000e+00 -3.449707031250000000e+00
1.199951171875000000e+00 1.550292968750000000e+00
-6.750488281250000000e-01 -4.699707031250000000e+00
6.824951171875000000e+00 3.002929687500000000e-01
3.074951171875000000e+00 -2.199707031250000000e+00
-4.425048828125000000e+00 2.800292968750000000e+00
-4.190673828125000000e+00 -4.543457031250000000e+00
3.309326171875000000e+00 4.565429687500000000e-01
7.059326171875000000e+00 -2.043457031250000000e+00
-4.406738281250000000e-01 2.956542968750000000e+00
1.434326171875000000e+00 -7.934570312500000000e-01
8.934326171875000000e+00 4.206542968750000000e+00
5.184326171875000000e+00 -3.293457031250000000e+00
-2.315673828125000000e+00 1.706542968750000000e+00
-1.378173828125000000e+00 -1.418457031250000000e+00
6.121826171875000000e+00 3.581542968750000000e+00
9.871826171875000000e+00 -3.918457031250000000e+00
2.371826171875000000e+00 1.081542968750000000e+00
4.968261718750000000e-01 -2.668457031250000000e+00
7.996826171875000000e+00 2.331542968750000000e+00
4.246826171875000000e+00 -1.684570312500000000e-01
-3.253173828125000000e+00 4.831542968750000000e+00
-3.721923828125000000e+00 -4.809570312500000000e-01
3.778076171875000000e+00 4.519042968750000000e+00
7.528076171875000000e+00 -2.980957031250000000e+00
2.807617187500000000e-02 2.019042968750000000e+00
1.903076171875000000e+00 -4.230957031250000000e+00
9.403076171875000000e+00 7.690429687500000000e-01
5.653076171875000000e+00 -1.730957031250000000e+00
-1.846923828125000000e+00 3.269042968750000000e+00
-2.784423828125000000e+00 -3.605957031250000000e+00
4.715576171875000000e+00 1.394042968750000000e+00
8.465576171875000000e+00 -1.105957031250000000e+00
9.655761718750000000e-01 3.894042968750000000e+00
-9.094238281250000000e-01 -2.355957031250000000e+00
6.590576171875000000e+00 2.644042968750000000e+00
2.840576171875000000e+00 -4.855957031250000000e+00
-4.659423828125000000e+00 1.440429687500000000e-01
-4.542236328125000000e+00 -3.371582031250000000e+00
2.957763671875000000e+00 1.628417968750000000e+00
6.707763671875000000e+00 -8.715820312500000000e-01
-7.922363281250000000e-01 4.128417968750000000e+00
1.082763671875000000e+00 -2.121582031250000000e+00
8.582763671875000000e+00 2.878417968750000000e+00
4.832763671875000000e+00 -4.621582031250000000e+00
-2.667236328125000000e+00 3.784179687500000000e-01
-1.729736328125000000e+00 -2.465820312500000000e-01
5.770263671875000000e+00 4.753417968750000000e+00
9.520263671875000000e+00 -2.746582031250000000e+00
2.020263671875000000e+00 2.253417968750000000e+00
1.452636718750000000e-01 -3.996582031250000000e+00
7.645263671875000000e+00 1.003417968750000000e+00
3.895263671875000000e+00 -1.496582031250000000e+00
-3.604736328125000000e+00 3.503417968750000000e+00
-3.135986328125000000e+00 -1.809082031250000000e+00
4.364013671875000000e+00 3.190917968750000000e+00
8.114013671875000000e+00 -4.309082031250000000e+00
6.140136718750000000e-01 6.909179687500000000e-01
2.489013671875000000e+00 -3.059082031250000000e+00
9.989013671875000000e+00 1.940917968750000000e+00
6.239013671875000000e+00 -5.590820312500000000e-01
-1.260986328125000000e+00 4.440917968750000000e+00
-2.198486328125000000e+00 -4.934082031250000000e+00
5.301513671875000000e+00 6.591796875000000000e-02
9.051513671875000000e+00 -2.434082031250000000e+00
1.551513671875000000e+00 2.565917968750000000e+00
-3.234863281250000000e-01 -1.184082031250000000e+00
7.176513671875000000e+00 3.815917968750000000e+00
3.426513671875000000e+00 -3.684082031250000000e+00
-4.073486328125000000e+00 1.315917968750000000e+00
-4.307861328125000000e+00 -7.153320312500000000e-01
3.192138671875000000e+00 4.284667968750000000e+00
6.942138671875000000e+00 -3.215332031250000000e+00
-5.578613281250000000e-01 1.784667968750000000e+00
1.317138671875000000e+00 -4.465332031250000000e+00
8.817138671875000000e+00 5.346679687500000000e-01
5.067138671875000000e+00 -1.965332031250000000e+00
-2.432861328125000000e+00 3.034667968750000000e+00
-1.495361328125000000e+00 -2.590332031250000000e+00
6.004638671875000000e+00 2.409667968750000000e+00
9.754638671875000000e+00 -9.033203125000000000e-02
2.254638671875000000e+00 4.909667968750000000e+00
3.796386718750000000e-01 -1.340332031250000000e+00
7.879638671875000000e+00 3.659667968750000000e+00
4.129638671875000000e+00 -3.840332031250000000e+00
-3.370361328125000000e+00 1.159667968750000000e+00
-3.839111328125000000e+00 -4.152832031250000000e+00
3.660888671875000000e+00 8.471679687500000000e-01
7.410888671875000000e+00 -1.652832031250000000e+00
-8.911132812500000000e-02 3.347167968750000000e+00
1.785888671875000000e+00 -4.028320312500000000e-01
9.285888671875000000e+00 4.597167968750000000e+00
5.535888671875000000e+00 -2.902832031250000000e+00
-1.964111328125000000e+00 2.097167968750000000e+00
-2.901611328125000000e+00 -2.277832031250000000e+00
4.598388671875000000e+00 2.722167968750000000e+00
8.348388671875000000e+00 -4.777832031250000000e+00
8.483886718750000000e-01 2.221679687500000000e-01
-1.026611328125000000e+00 -3.527832031250000000e+00
6.473388671875000000e+00 1.472167968750000000e+00
2.723388671875000000e+00 -1.027832031250000000e+00
-4.776611328125000000e+00 3.972167968750000000e+00
-4.835205078125000000e+00 -3.957519531250000000e+00
2.664794921875000000e+00 1.042480468750000000e+00
6.414794921875000000e+00 -1.457519531250000000e+00
-1.085205078125000000e+00 3.542480468750000000e+00
7.897949218750000000e-01 -2.075195312500000000e-01
8.289794921875000000e+00 4.792480468750000000e+00
4.539794921875000000e+00 -2.707519531250000000e+00
-2.960205078125000000e+00 2.292480468750000000e+00
-2.022705078125000000e+00 -2.082519531250000000e+00
5.477294921875000000e+00 2.917480468750000000e+00
9.227294921875000000e+00 -4.582519531250000000e+00
1.727294921875000000e+00 4.174804687500000000e-01
-1.477050781250000000e-01 -3.332519531250000000e+00
7.352294921875000000e+00 1.667480468750000000e+00
3.602294921875000000e+00 -8.325195312500000000e-01
-3.897705078125000000e+00 4.167480468750000000e+00
-3.428955078125000000e+00 -1.145019531250000000e+00
4.071044921875000000e+00 3.854980468750000000e+00
7.821044921875000000e+00 -3.645019531250000000e+00
3.210449218750000000e-01 1.354980468750000000e+00
2.196044921875000000e+00 -4.895019531250000000e+00
9.696044921875000000e+00 1.049804687500000000e-01
5.946044921875000000e+00 -2.395019531250000000e+00
-1.553955078125000000e+00 2.604980468750000000e+00
-2.491455078125000000e+00 -3.020019531250000000e+00
5.008544921875000000e+00 1.979980468750000000e+00
8.758544921875000000e+00 -5.200195312500000000e-01
1.258544921875000000e+00 4.479980468750000000e+00
-6.164550781250000000e-01 -1.770019531250000000e+00
6.883544921875000000e+00 3.229980468750000000e+00
3.133544921875000000e+00 -4.270019531250000000e+00
-4.366455078125000000e+00 7.299804687500000000e-01
-4.132080078125000000e+00 -1.301269531250000000e+00
3.367919921875000000e+00 3.698730468750000000e+00
7.117919921875000000e+00 -3.801269531250000000e+00
-3.820800781250000000e-01 1.198730468750000000e+00
1.492919921875000000e+00 -2.551269531250000000e+00
8.992919921875000000e+00 2.448730468750000000e+00
5.242919921875000000e+00 -5.126953125000000000e-02
-2.257080078125000000e+00 4.948730468750000000e+00
-1.319580078125000000e+00 -4.426269531250000000e+00
6.180419921875000000e+00 5.737304687500000000e-01
9.930419921875000000e+00 -1.926269531250000000e+00
2.430419921875000000e+00 3.073730468750000000e+00
5.554199218750000000e-01 -6.762695312500000000e-01
8.055419921875000000e+00 4.323730468750000000e+00
4.305419921875000000e+00 -3.176269531250000000e+00
-3.194580078125000000e+00 1.823730468750000000e+00
-3.663330078125000000e+00 -3.488769531250000000e+00
3.836669921875000000e+00 1.511230468750000000e+00
7.586669921875000000e+00 -9.887695312500000000e-01
8.666992187500000000e-02 4.011230468750000000e+00
1.961669921875000000e+00 -2.238769531250000000e+00
9.461669921875000000e+00 2.761230468750000000e+00
5.711669921875000000e+00 -4.738769531250000000e+00
-1.788330078125000000e+00 2.612304687500000000e-01
-2.725830078125000000e+00 -3.637695312500000000e-01
4.774169921875000000e+00 4.636230468750000000e+00
8.524169921875000000e+00 -2.863769531250000000e+00
1.024169921875000000e+00 2.136230468750000000e+00
-8.508300781250000000e-01 -4.113769531250000000e+00
6.649169921875000000e+00 8.862304687500000000e-01
2.899169921875000000e+00 -1.613769531250000000e+00
-4.600830078125000000e+00 3.386230468750000000e+00
-4.718017578125000000e+00 -1.293945312500000000e-01
2.781982421875000000e+00 4.870605468750000000e+00
6.531982421875000000e+00 -2.629394531250000000e+00
-9.680175781250000000e-01 2.370605468750000000e+00
9.069824218750000000e-01 -3.879394531250000000e+00
8.406982421875000000e+00 1.120605468750000000e+00
4.656982421875000000e+00 -1.379394531250000000e+00
-2.843017578125000000e+00 3.620605468750000000e+00
-1.905517578125000000e+00 -3.254394531250000000e+00
5.594482421875000000e+00 1.745605468750000000e+00
9.344482421875000000e+00 -7.543945312500000000e-01
1.844482421875000000e+00 4.245605468750000000e+00
-3.051757812500000000e-02 -2.004394531250000000e+00
7.469482421875000000e+00 2.995605468750000000e+00
3.719482421875000000e+00 -4.504394531250000000e+00
-3.780517578125000000e+00 4.956054687500000000e-01
-3.311767578125000000e+00 -4.816894531250000000e+00
4.188232421875000000e+00 1.831054687500000000e-01
7.938232421875000000e+00 -2.316894531250000000e+00
4.382324218750000000e-01 2.683105468750000000e+00
2.313232421875000000e+00 -1.066894531250000000e+00
9.813232421875000000e+00 3.933105468750000000e+00
6.063232421875000000e+00 -3.566894531250000000e+00
-1.436767578125000000e+00 1.433105468750000000e+00
-2.374267578125000000e+00 -1.691894531250000000e+00
5.125732421875000000e+00 3.308105468750000000e+00
8.875732421875000000e+00 -4.191894531250000000e+00
1.375732421875000000e+00 8.081054687500000000e-01
-4.992675781250000000e-01 -2.941894531250000000e+00
7.000732421875000000e+00 2.058105468750000000e+00
3.250732421875000000e+00 -4.418945312500000000e-01
-4.249267578125000000e+00 4.558105468750000000e+00
-4.483642578125000000e+00 -2.785644531250000000e+00
3.016357421875000000e+00 2.214355468750000000e+00
6.766357421875000000e+00 -2.856445312500000000e-01
-7.336425781250000000e-01 4.714355468750000000e+00
1.141357421875000000e+00 -1.535644531250000000e+00
8.641357421875000000e+00 3.464355468750000000e+00
4.891357421875000000e+00 -4.035644531250000000e+00
-2.608642578125000000e+00 9.643554687500000000e-01
-1.671142578125000000e+00 -9.106445312500000000e-01
5.828857421875000000e+00 4.089355468750000000e+00
9.578857421875000000e+00 -3.410644531250000000e+00
2.078857421875000000e+00 1.589355468750000000e+00
2.038574218750000000e-01 -4.660644531250000000e+00
7.703857421875000000e+00 3.393554687500000000e-01
3.953857421875000000e+00 -2.160644531250000000e+00
-3.546142578125000000e+00 2.839355468750000000e+00
-4.014892578125000000e+00 -2.473144531250000000e+00
3.485107421875000000e+00 2.526855468750000000e+00
7.235107421875000000e+00 -4.973144531250000000e+00
-2.648925781250000000e-01 2.685546875000000000e-02
1.610107421875000000e+00 -3.723144531250000000e+00
9.110107421875000000e+00 1.276855468750000000e+00
5.360107421875000000e+00 -1.223144531250000000e+00
-2.139892578125000000e+00 3.776855468750000000e+00
-3.077392578125000000e+00 -4.348144531250000000e+00
4.422607421875000000e+00 6.518554687500000000e-01
8.172607421875000000e+00 -1.848144531250000000e+00
6.726074218750000000e-01 3.151855468750000000e+00
-1.202392578125000000e+00 -5.981445312500000000e-01
6.297607421875000000e+00 4.401855468750000000e+00
2.547607421875000000e+00 -3.098144531250000000e+00
-4.952392578125000000e+00 1.901855468750000000e+00
-4.967041015625000000e+00 -6.079101562500000000e-01
2.532958984375000000e+00 4.392089843750000000e+00
6.282958984375000000e+00 -3.107910156250000000e+00
-1.217041015625000000e+00 1.892089843750000000e+00
6.579589843750000000e-01 -4.357910156250000000e+00
8.157958984375000000e+00 6.420898437500000000e-01
4.407958984375000000e+00 -1.857910156250000000e+00
-3.092041015625000000e+00 3.142089843750000000e+00
-2.154541015625000000e+00 -3.732910156250000000e+00
5.345458984375000000e+00 1.267089843750000000e+00
9.095458984375000000e+00 -1.232910156250000000e+00
1.595458984375000000e+00 3.767089843750000000e+00
-2.795410156250000000e-01 -2.482910156250000000e+00
7.220458984375000000e+00 2.517089843750000000e+00
3.470458984375000000e+00 -4.982910156250000000e+00
-4.029541015625000000e+00 1.708984375000000000e-02
-3.560791015625000000e+00 -4.670410156250000000e+00
3.939208984375000000e+00 3.295898437500000000e-01
7.689208984375000000e+00 -2.170410156250000000e+00
1.892089843750000000e-01 2.829589843750000000e+00
2.064208984375000000e+00 -9.204101562500000000e-01
9.564208984375000000e+00 4.079589843750000000e+00
5.814208984375000000e+00 -3.420410156250000000e+00
-1.685791015625000000e+00 1.579589843750000000e+00
-2.623291015625000000e+00 -1.545410156250000000e+00
4.876708984375000000e+00 3.454589843750000000e+00
8.626708984375000000e+00 -4.045410156250000000e+00
1.126708984375000000e+00 9.545898437500000000e-01
-7.482910156250000000e-01 -2.795410156250000000e+00
6.751708984375000000e+00 2.204589843750000000e+00
3.001708984375000000e+00 -2.954101562500000000e-01
-4.498291015625000000e+00 4.704589843750000000e+00
-4.263916015625000000e+00 -2.951660156250000000e+00
3.236083984375000000e+00 2.048339843750000000e+00
6.986083984375000000e+00 -4.516601562500000000e-01
-5.139160156250000000e-01 4.548339843750000000e+00
1.361083984375000000e+00 -1.701660156250000000e+00
8.861083984375000000e+00 3.298339843750000000e+00
5.111083984375000000e+00 -4.201660156250000000e+00
-2.388916015625000000e+00 7.983398437500000000e-01
-1.451416015625000000e+00 -1.076660156250000000e+00
6.048583984375000000e+00 3.923339843750000000e+00
9.798583984375000000e+00 -3.576660156250000000e+00
2.298583984375000000e+00 1.423339843750000000e+00
4.235839843750000000e-01 -4.826660156250000000e+00
7.923583984375000000e+00 1.733398437500000000e-01
4.173583984375000000e+00 -2.326660156250000000e+00
-3.326416015625000000e+00 2.673339843750000000e+00
-3.795166015625000000e+00 -2.014160156250000000e+00
3.704833984375000000e+00 2.985839843750000000e+00
7.454833984375000000e+00 -4.514160156250000000e+00
-4.516601562500000000e-02 4.858398437500000000e-01
1.829833984375000000e+00 -3.264160156250000000e+00
9.329833984375000000e+00 1.735839843750000000e+00
5.579833984375000000e+00 -7.641601562500000000e-01
-1.920166015625000000e+00 4.235839843750000000e+00
-2.857666015625000000e+00 -3.889160156250000000e+00
4.642333984375000000e+00 1.110839843750000000e+00
8.392333984375000000e+00 -1.389160156250000000e+00
8.923339843750000000e-01 3.610839843750000000e+00
-9.826660156250000000e-01 -1.391601562500000000e-01
6.517333984375000000e+00 4.860839843750000000e+00
2.767333984375000000e+00 -2.639160156250000000e+00
-4.732666015625000000e+00 2.360839843750000000e+00
-4.615478515625000000e+00 -4.123535156250000000e+00
2.884521484375000000e+00 8.764648437500000000e-01
6.634521484375000000e+00 -1.623535156250000000e+00
-8.654785156250000000e-01 3.376464843750000000e+00
1.009521484375000000e+00 -3.735351562500000000e-01
8.509521484375000000e+00 4.626464843750000000e+00
4.759521484375000000e+00 -2.873535156250000000e+00
-2.740478515625000000e+00 2.126464843750000000e+00
-1.802978515625000000e+00 -2.248535156250000000e+00
5.697021484375000000e+00 2.751464843750000000e+00
9.447021484375000000e+00 -4.748535156250000000e+00
1.947021484375000000e+00 2.514648437500000000e-01
7.202148437500000000e-02 -3.498535156250000000e+00
7.572021484375000000e+00 1.501464843750000000e+00
3.822021484375000000e+00 -9.985351562500000000e-01
-3.677978515625000000e+00 4.001464843750000000e+00
-3.209228515625000000e+00 -6.860351562500000000e-01
4.290771484375000000e+00 4.313964843750000000e+00
8.040771484375000000e+00 -3.186035156250000000e+00
5.407714843750000000e-01 1.813964843750000000e+00
2.415771484375000000e+00 -4.436035156250000000e+00
9.915771484375000000e+00 5.639648437500000000e-01
6.165771484375000000e+00 -1.936035156250000000e+00
-1.334228515625000000e+00 3.063964843750000000e+00
-2.271728515625000000e+00 -2.561035156250000000e+00
5.228271484375000000e+00 2.438964843750000000e+00
8.978271484375000000e+00 -6.103515625000000000e-02
1.478271484375000000e+00 4.938964843750000000e+00
-3.967285156250000000e-01 -1.311035156250000000e+00
7.103271484375000000e+00 3.688964843750000000e+00
3.353271484375000000e+00 -3.811035156250000000e+00
-4.146728515625000000e+00 1.188964843750000000e+00
-4.381103515625000000e+00 -1.779785156250000000e+00
3.118896484375000000e+00 3.220214843750000000e+00
6.868896484375000000e+00 -4.279785156250000000e+00
-6.311035156250000000e-01 7.202148437500000000e-01
1.243896484375000000e+00 -3.029785156250000000e+00
8.743896484375000000e+00 1.970214843750000000e+00
4.993896484375000000e+00 -5.297851562500000000e-01
-2.506103515625000000e+00 4.470214843750000000e+00
-1.568603515625000000e+00 -4.904785156250000000e+00
5.931396484375000000e+00 9.521484375000000000e-02
9.681396484375000000e+00 -2.404785156250000000e+00
2.181396484375000000e+00 2.595214843750000000e+00
3.063964843750000000e-01 -1.154785156250000000e+00
7.806396484375000000e+00 3.845214843750000000e+00
4.056396484375000000e+00 -3.654785156250000000e+00
-3.443603515625000000e+00 1.345214843750000000e+00
-3.912353515625000000e+00 -3.342285156250000000e+00
3.587646484375000000e+00 1.657714843750000000e+00
7.337646484375000000e+00 -8.422851562500000000e-01
-1.623535156250000000e-01 4.157714843750000000e+00
1.712646484375000000e+00 -2.092285156250000000e+00
9.212646484375000000e+00 2.907714843750000000e+00
5.462646484375000000e+00 -4.592285156250000000e+00
-2.037353515625000000e+00 4.077148437500000000e-01
-2.974853515625000000e+00 -2.172851562500000000e-01
4.525146484375000000e+00 4.782714843750000000e+00
8.275146484375000000e+00 -2.717285156250000000e+00
7.751464843750000000e-01 2.282714843750000000e+00
-1.099853515625000000e+00 -3.967285156250000000e+00
6.400146484375000000e+00 1.032714843750000000e+00
2.650146484375000000e+00 -1.467285156250000000e+00
-4.849853515625000000e+00 3.532714843750000000e+00
-4.791259765625000000e+00 -3.537597656250000000e+00
2.708740234375000000e+00 1.462402343750000000e+00
6.458740234375000000e+00 -1.037597656250000000e+00
-1.041259765625000000e+00 3.962402343750000000e+00
8.337402343750000000e-01 -2.287597656250000000e+00
8.333740234375000000e+00 2.712402343750000000e+00
4.583740234375000000e+00 -4.787597656250000000e+00
-2.916259765625000000e+00 2.124023437500000000e-01
-1.978759765625000000e+00 -4.125976562500000000e-01
5.521240234375000000e+00 4.587402343750000000e+00
9.271240234375000000e+00 -2.912597656250000000e+00
1.771240234375000000e+00 2.087402343750000000e+00
-1.037597656250000000e-01 -4.162597656250000000e+00
7.396240234375000000e+00 8.374023437500000000e-01
3.646240234375000000e+00 -1.662597656250000000e+00
-3.853759765625000000e+00 3.337402343750000000e+00
-3.385009765625000000e+00 -1.350097656250000000e+00
4.114990234375000000e+00 3.649902343750000000e+00
7.864990234375000000e+00 -3.850097656250000000e+00
3.649902343750000000e-01 1.149902343750000000e+00
2.239990234375000000e+00 -2.600097656250000000e+00
9.739990234375000000e+00 2.399902343750000000e+00
5.989990234375000000e+00 -1.000976562500000000e-01
-1.510009765625000000e+00 4.899902343750000000e+00
-2.447509765625000000e+00 -4.475097656250000000e+00
5.052490234375000000e+00 5.249023437500000000e-01
8.802490234375000000e+00 -1.975097656250000000e+00
1.302490234375000000e+00 3.024902343750000000e+00
-5.725097656250000000e-01 -7.250976562500000000e-01
6.927490234375000000e+00 4.274902343750000000e+00
3.177490234375000000e+00 -3.225097656250000000e+00
-4.322509765625000000e+00 1.774902343750000000e+00
-4.088134765625000000e+00 -1.193847656250000000e+00
3.411865234375000000e+00 3.806152343750000000e+00
7.161865234375000000e+00 -3.693847656250000000e+00
-3.381347656250000000e-01 1.306152343750000000e+00
1.536865234375000000e+00 -4.943847656250000000e+00
9.036865234375000000e+00 5.615234375000000000e-02
5.286865234375000000e+00 -2.443847656250000000e+00
-2.213134765625000000e+00 2.556152343750000000e+00
-1.275634765625000000e+00 -3.068847656250000000e+00
6.224365234375000000e+00 1.931152343750000000e+00
9.974365234375000000e+00 -5.688476562500000000e-01
2.474365234375000000e+00 4.431152343750000000e+00
5.993652343750000000e-01 -1.818847656250000000e+00
8.099365234375000000e+00 3.181152343750000000e+00
4.349365234375000000e+00 -4.318847656250000000e+00
-3.150634765625000000e+00 6.811523437500000000e-01
-3.619384765625000000e+00 -4.006347656250000000e+00
3.880615234375000000e+00 9.936523437500000000e-01
7.630615234375000000e+00 -1.506347656250000000e+00
1.306152343750000000e-01 3.493652343750000000e+00
2.005615234375000000e+00 -2.563476562500000000e-01
9.505615234375000000e+00 4.743652343750000000e+00
5.755615234375000000e+00 -2.756347656250000000e+00
-1.744384765625000000e+00 2.243652343750000000e+00
-2.681884765625000000e+00 -2.131347656250000000e+00
4.818115234375000000e+00 2.868652343750000000e+00
8.568115234375000000e+00 -4.631347656250000000e+00
1.068115234375000000e+00 3.686523437500000000e-01
-8.068847656250000000e-01 -3.381347656250000000e+00
6.693115234375000000e+00 1.618652343750000000e+00
2.943115234375000000e+00 -8.813476562500000000e-01
-4.556884765625000000e+00 4.118652343750000000e+00
-4.674072265625000000e+00 -2.365722656250000000e+00
2.825927734375000000e+00 2.634277343750000000e+00
6.575927734375000000e+00 -4.865722656250000000e+00
-9.240722656250000000e-01 1.342773437500000000e-01
9.509277343750000000e-01 -3.615722656250000000e+00
8.450927734375000000e+00 1.384277343750000000e+00
4.700927734375000000e+00 -1.115722656250000000e+00
-2.799072265625000000e+00 3.884277343750000000e+00
-1.861572265625000000e+00 -4.240722656250000000e+00
5.638427734375000000e+00 7.592773437500000000e-01
9.388427734375000000e+00 -1.740722656250000000e+00
1.888427734375000000e+00 3.259277343750000000e+00
1.342773437500000000e-02 -4.907226562500000000e-01
7.513427734375000000e+00 4.509277343750000000e+00
3.763427734375000000e+00 -2.990722656250000000e+00
-3.736572265625000000e+00 2.009277343750000000e+00
-3.267822265625000000e+00 -2.678222656250000000e+00
4.232177734375000000e+00 2.321777343750000000e+00
7.982177734375000000e+00 -1.782226562500000000e-01
4.821777343750000000e-01 4.821777343750000000e+00
2.357177734375000000e+00 -1.428222656250000000e+00
9.857177734375000000e+00 3.571777343750000000e+00
6.107177734375000000e+00 -3.928222656250000000e+00
-1.392822265625000000e+00 1.071777343750000000e+00
-2.330322265625000000e+00 -8.032226562500000000e-01
5.169677734375000000e+00 4.196777343750000000e+00
8.919677734375000000e+00 -3.303222656250000000e+00
1.419677734375000000e+00 1.696777343750000000e+00
-4.553222656250000000e-01 -4.553222656250000000e+00
7.044677734375000000e+00 4.467773437500000000e-01
3.294677734375000000e+00 -2.053222656250000000e+00
-4.205322265625000000e+00 2.946777343750000000e+00
-4.439697265625000000e+00 -4.709472656250000000e+00
3.060302734375000000e+00 2.905273437500000000e-01
6.810302734375000000e+00 -2.209472656250000000e+00
-6.896972656250000000e-01 2.790527343750000000e+00
1.185302734375000000e+00 -9.594726562500000000e-01
8.685302734375000000e+00 4.040527343750000000e+00
4.935302734375000000e+00 -3.459472656250000000e+00
-2.564697265625000000e+00 1.540527343750000000e+00
-1.627197265625000000e+00 -1.584472656250000000e+00
5.872802734375000000e+00 3.415527343750000000e+00
9.622802734375000000e+00 -4.084472656250000000e+00
2.122802734375000000e+00 9.155273437500000000e-01
2.478027343750000000e-01 -2.834472656250000000e+00
7.747802734375000000e+00 2.165527343750000000e+00
3.997802734375000000e+00 -3.344726562500000000e-01
-3.502197265625000000e+00 4.665527343750000000e+00
-3.970947265625000000e+00 -2.197265625000000000e-02
3.529052734375000000e+00 4.978027343750000000e+00
7.279052734375000000e+00 -2.521972656250000000e+00
-2.209472656250000000e-01 2.478027343750000000e+00
1.654052734375000000e+00 -3.771972656250000000e+00
9.154052734375000000e+00 1.228027343750000000e+00
5.404052734375000000e+00 -1.271972656250000000e+00
-2.095947265625000000e+00 3.728027343750000000e+00
-3.033447265625000000e+00 -3.146972656250000000e+00
4.466552734375000000e+00 1.853027343750000000e+00
8.216552734375000000e+00 -6.469726562500000000e-01
7.165527343750000000e-01 4.353027343750000000e+00
-1.158447265625000000e+00 -1.896972656250000000e+00
6.341552734375000000e+00 3.103027343750000000e+00
2.591552734375000000e+00 -4.396972656250000000e+00
-4.908447265625000000e+00 6.030273437500000000e-01
-4.937744140625000000e+00 -4.377441406250000000e+00
2.562255859375000000e+00 6.225585937500000000e-01
6.312255859375000000e+00 -1.877441406250000000e+00
-1.187744140625000000e+00 3.122558593750000000e+00
6.872558593750000000e-01 -6.274414062500000000e-01
8.187255859375000000e+00 4.372558593750000000e+00
4.437255859375000000e+00 -3.127441406250000000e+00
-3.062744140625000000e+00 1.872558593750000000e+00
-2.125244140625000000e+00 -1.252441406250000000e+00
5.374755859375000000e+00 3.747558593750000000e+00
9.124755859375000000e+00 -3.752441406250000000e+00
1.624755859375000000e+00 1.247558593750000000e+00
-2.502441406250000000e-01 -2.502441406250000000e+00
7.249755859375000000e+00 2.497558593750000000e+00
3.499755859375000000e+00 -2.441406250000000000e-03
-4.000244140625000000e+00 4.997558593750000000e+00
-3.531494140625000000e+00 -3.149414062500000000e-01
3.968505859375000000e+00 4.685058593750000000e+00
7.718505859375000000e+00 -2.814941406250000000e+00
2.185058593750000000e-01 2.185058593750000000e+00
2.093505859375000000e+00 -4.064941406250000000e+00
9.593505859375000000e+00 9.350585937500000000e-01
5.843505859375000000e+00 -1.564941406250000000e+00
-1.656494140625000000e+00 3.435058593750000000e+00
-2.593994140625000000e+00 -3.439941406250000000e+00
4.906005859375000000e+00 1.560058593750000000e+00
8.656005859375000000e+00 -9.399414062500000000e-01
1.156005859375000000e+00 4.060058593750000000e+00
-7.189941406250000000e-01 -2.189941406250000000e+00
6.781005859375000000e+00 2.810058593750000000e+00
3.031005859375000000e+00 -4.689941406250000000e+00
-4.468994140625000000e+00 3.100585937500000000e-01
-4.234619140625000000e+00 -2.033691406250000000e+00
3.265380859375000000e+00 2.966308593750000000e+00
7.015380859375000000e+00 -4.533691406250000000e+00
-4.846191406250000000e-01 4.663085937500000000e-01
1.390380859375000000e+00 -3.283691406250000000e+00
8.890380859375000000e+00 1.716308593750000000e+00
5.140380859375000000e+00 -7.836914062500000000e-01
-2.359619140625000000e+00 4.216308593750000000e+00
-1.422119140625000000e+00 -3.908691406250000000e+00
6.077880859375000000e+00 1.091308593750000000e+00
9.827880859375000000e+00 -1.408691406250000000e+00
2.327880859375000000e+00 3.591308593750000000e+00
4.528808593750000000e-01 -1.586914062500000000e-01
7.952880859375000000e+00 4.841308593750000000e+00
4.202880859375000000e+00 -2.658691406250000000e+00
-3.297119140625000000e+00 2.341308593750000000e+00
-3.765869140625000000e+00 -2.971191406250000000e+00
3.734130859375000000e+00 2.028808593750000000e+00
7.484130859375000000e+00 -4.711914062500000000e-01
-1.586914062500000000e-02 4.528808593750000000e+00
1.859130859375000000e+00 -1.721191406250000000e+00
9.359130859375000000e+00 3.278808593750000000e+00
5.609130859375000000e+00 -4.221191406250000000e+00
-1.890869140625000000e+00 7.788085937500000000e-01
-2.828369140625000000e+00 -1.096191406250000000e+00
4.671630859375000000e+00 3.903808593750000000e+00
8.421630859375000000e+00 -3.596191406250000000e+00
9.216308593750000000e-01 1.403808593750000000e+00
-9.533691406250000000e-01 -4.846191406250000000e+00
6.546630859375000000e+00 1.538085937500000000e-01
2.796630859375000000e+00 -2.346191406250000000e+00
-4.703369140625000000e+00 2.653808593750000000e+00
-4.586181640625000000e+00 -8.618164062500000000e-01
2.913818359375000000e+00 4.138183593750000000e+00
6.663818359375000000e+00 -3.361816406250000000e+00
-8.361816406250000000e-01 1.638183593750000000e+00
1.038818359375000000e+00 -4.611816406250000000e+00
8.538818359375000000e+00 3.881835937500000000e-01
4.788818359375000000e+00 -2.111816406250000000e+00
-2.711181640625000000e+00 2.888183593750000000e+00
-1.773681640625000000e+00 -2.736816406250000000e+00
5.726318359375000000e+00 2.263183593750000000e+00
9.476318359375000000e+00 -2.368164062500000000e-01
1.976318359375000000e+00 4.763183593750000000e+00
1.013183593750000000e-01 -1.486816406250000000e+00
7.601318359375000000e+00 3.513183593750000000e+00
3.851318359375000000e+00 -3.986816406250000000e+00
-3.648681640625000000e+00 1.013183593750000000e+00
-3.179931640625000000e+00 -4.299316406250000000e+00
4.320068359375000000e+00 7.006835937500000000e-01
8.070068359375000000e+00 -1.799316406250000000e+00
5.700683593750000000e-01 3.200683593750000000e+00
2.445068359375000000e+00 -5.493164062500000000e-01
9.945068359375000000e+00 4.450683593750000000e+00
6.195068359375000000e+00 -3.049316406250000000e+00
-1.304931640625000000e+00 1.950683593750000000e+00
-2.242431640625000000e+00 -2.424316406250000000e+00
5.257568359375000000e+00 2.575683593750000000e+00
9.007568359375000000e+00 -4.924316406250000000e+00
1.507568359375000000e+00 7.568359375000000000e-02
-3.674316406250000000e-01 -3.674316406250000000e+00
7.132568359375000000e+00 1.325683593750000000e+00
3.382568359375000000e+00 -1.174316406250000000e+00
-4.117431640625000000e+00 3.825683593750000000e+00
-4.351806640625000000e+00 -3.205566406250000000e+00
3.148193359375000000e+00 1.794433593750000000e+00
6.898193359375000000e+00 -7.055664062500000000e-01
-6.018066406250000000e-01 4.294433593750000000e+00
1.273193359375000000e+00 -1.955566406250000000e+00
8.773193359375000000e+00 3.044433593750000000e+00
5.023193359375000000e+00 -4.455566406250000000e+00
-2.476806640625000000e+00 5.444335937500000000e-01
-1.539306640625000000e+00 -8.056640625000000000e-02
5.960693359375000000e+00 4.919433593750000000e+00
9.710693359375000000e+00 -2.580566406250000000e+00
2.210693359375000000e+00 2.419433593750000000e+00
3.356933593750000000e-01 -3.830566406250000000e+00
7.835693359375000000e+00 1.169433593750000000e+00
4.085693359375000000e+00 -1.330566406250000000e+00
-3.414306640625000000e+00 3.669433593750000000e+00
-3.883056640625000000e+00 -1.643066406250000000e+00
3.616943359375000000e+00 3.356933593750000000e+00
7.366943359375000000e+00 -4.143066406250000000e+00
-1.330566406250000000e-01 8.569335937500000000e-01
1.741943359375000000e+00 -2.893066406250000000e+00
9.241943359375000000e+00 2.106933593750000000e+00
5.491943359375000000e+00 -3.930664062500000000e-01
-2.008056640625000000e+00 4.606933593750000000e+00
-2.945556640625000000e+00 -4.768066406250000000e+00
4.554443359375000000e+00 2.319335937500000000e-01
8.304443359375000000e+00 -2.268066406250000000e+00
8.044433593750000000e-01 2.731933593750000000e+00
-1.070556640625000000e+00 -1.018066406250000000e+00
6.429443359375000000e+00 3.981933593750000000e+00
2.679443359375000000e+00 -3.518066406250000000e+00
-4.820556640625000000e+00 1.481933593750000000e+00
-4.879150390625000000e+00 -1.447753906250000000e+00
2.620849609375000000e+00 3.552246093750000000e+00
6.370849609375000000e+00 -3.947753906250000000e+00
-1.129150390625000000e+00 1.052246093750000000e+00
7.458496093750000000e-01 -2.697753906250000000e+00
8.245849609375000000e+00 2.302246093750000000e+00
4.495849609375000000e+00 -1.977539062500000000e-01
-3.004150390625000000e+00 4.802246093750000000e+00
-2.066650390625000000e+00 -4.572753906250000000e+00
5.433349609375000000e+00 4.272460937500000000e-01
9.183349609375000000e+00 -2.072753906250000000e+00
1.683349609375000000e+00 2.927246093750000000e+00
-1.916503906250000000e-01 -8.227539062500000000e-01
7.308349609375000000e+00 4.177246093750000000e+00
3.558349609375000000e+00 -3.322753906250000000e+00
-3.941650390625000000e+00 1.677246093750000000e+00
-3.472900390625000000e+00 -3.635253906250000000e+00
4.027099609375000000e+00 1.364746093750000000e+00
7.777099609375000000e+00 -1.135253906250000000e+00
2.770996093750000000e-01 3.864746093750000000e+00
2.152099609375000000e+00 -2.385253906250000000e+00
9.652099609375000000e+00 2.614746093750000000e+00
5.902099609375000000e+00 -4.885253906250000000e+00
-1.597900390625000000e+00 1.147460937500000000e-01
-2.535400390625000000e+00 -5.102539062500000000e-01
4.964599609375000000e+00 4.489746093750000000e+00
8.714599609375000000e+00 -3.010253906250000000e+00
1.214599609375000000e+00 1.989746093750000000e+00
-6.604003906250000000e-01 -4.260253906250000000e+00
6.839599609375000000e+00 7.397460937500000000e-01
3.089599609375000000e+00 -1.760253906250000000e+00
-4.410400390625000000e+00 3.239746093750000000e+00
-4.176025390625000000e+00 -3.791503906250000000e+00
3.323974609375000000e+00 1.208496093750000000e+00
7.073974609375000000e+00 -1.291503906250000000e+00
-4.260253906250000000e-01 3.708496093750000000e+00
1.448974609375000000e+00 -4.150390625000000000e-02
8.948974609375000000e+00 4.958496093750000000e+00
5.198974609375000000e+00 -2.541503906250000000e+00
-2.301025390625000000e+00 2.458496093750000000e+00
-1.363525390625000000e+00 -1.916503906250000000e+00
6.136474609375000000e+00 3.083496093750000000e+00
9.886474609375000000e+00 -4.416503906250000000e+00
2.386474609375000000e+00 5.834960937500000000e-01
5.114746093750000000e-01 -3.166503906250000000e+00
8.011474609375000000e+00 1.833496093750000000e+00
4.261474609375000000e+00 -6.665039062500000000e-01
-3.238525390625000000e+00 4.333496093750000000e+00
-3.707275390625000000e+00 -9.790039062500000000e-01
3.792724609375000000e+00 4.020996093750000000e+00
7.542724609375000000e+00 -3.479003906250000000e+00
4.272460937500000000e-02 1.520996093750000000e+00
1.917724609375000000e+00 -4.729003906250000000e+00
9.417724609375000000e+00 2.709960937500000000e-01
5.667724609375000000e+00 -2.229003906250000000e+00
-1.832275390625000000e+00 2.770996093750000000e+00
-2.769775390625000000e+00 -2.854003906250000000e+00
4.730224609375000000e+00 2.145996093750000000e+00
8.480224609375000000e+00 -3.540039062500000000e-01
9.802246093750000000e-01 4.645996093750000000e+00
-8.947753906250000000e-01 -1.604003906250000000e+00
6.605224609375000000e+00 3.395996093750000000e+00
2.855224609375000000e+00 -4.104003906250000000e+00
-4.644775390625000000e+00 8.959960937500000000e-01
-4.761962890625000000e+00 -2.619628906250000000e+00
2.738037109375000000e+00 2.380371093750000000e+00
6.488037109375000000e+00 -1.196289062500000000e-01
-1.011962890625000000e+00 4.880371093750000000e+00
8.630371093750000000e-01 -1.369628906250000000e+00
8.363037109375000000e+00 3.630371093750000000e+00
4.613037109375000000e+00 -3.869628906250000000e+00
-2.886962890625000000e+00 1.130371093750000000e+00
-1.949462890625000000e+00 -7.446289062500000000e-01
5.550537109375000000e+00 4.255371093750000000e+00
9.300537109375000000e+00 -3.244628906250000000e+00
1.800537109375000000e+00 1.755371093750000000e+00
-7.446289062500000000e-02 -4.494628906250000000e+00
7.425537109375000000e+00 5.053710937500000000e-01
3.675537109375000000e+00 -1.994628906250000000e+00
-3.824462890625000000e+00 3.005371093750000000e+00
-3.355712890625000000e+00 -2.307128906250000000e+00
4.144287109375000000e+00 2.692871093750000000e+00
7.894287109375000000e+00 -4.807128906250000000e+00
3.942871093750000000e-01 1.928710937500000000e-01
2.269287109375000000e+00 -3.557128906250000000e+00
9.769287109375000000e+00 1.442871093750000000e+00
6.019287109375000000e+00 -1.057128906250000000e+00
-1.480712890625000000e+00 3.942871093750000000e+00
-2.418212890625000000e+00 -4.182128906250000000e+00
5.081787109375000000e+00 8.178710937500000000e-01
8.831787109375000000e+00 -1.682128906250000000e+00
1.331787109375000000e+00 3.317871093750000000e+00
-5.432128906250000000e-01 -4.321289062500000000e-01
6.956787109375000000e+00 4.567871093750000000e+00
3.206787109375000000e+00 -2.932128906250000000e+00
-4.293212890625000000e+00 2.067871093750000000e+00
-4.527587890625000000e+00 -2.758789062500000000e-01
2.972412109375000000e+00 4.724121093750000000e+00
6.722412109375000000e+00 -2.775878906250000000e+00
-7.775878906250000000e-01 2.224121093750000000e+00
1.097412109375000000e+00 -4.025878906250000000e+00
8.597412109375000000e+00 9.741210937500000000e-01
4.847412109375000000e+00 -1.525878906250000000e+00
-2.652587890625000000e+00 3.474121093750000000e+00
-1.715087890625000000e+00 -3.400878906250000000e+00
5.784912109375000000e+00 1.599121093750000000e+00
9.534912109375000000e+00 -9.008789062500000000e-01
2.034912109375000000e+00 4.099121093750000000e+00
1.599121093750000000e-01 -2.150878906250000000e+00
7.659912109375000000e+00 2.849121093750000000e+00
3.909912109375000000e+00 -4.650878906250000000e+00
-3.590087890625000000e+00 3.491210937500000000e-01
-4.058837890625000000e+00 -4.963378906250000000e+00
3.441162109375000000e+00 3.662109375000000000e-02
7.191162109375000000e+00 -2.463378906250000000e+00
-3.088378906250000000e-01 2.536621093750000000e+00
1.566162109375000000e+00 -1.213378906250000000e+00
9.066162109375000000e+00 3.786621093750000000e+00
5.316162109375000000e+00 -3.713378906250000000e+00
-2.183837890625000000e+00 1.286621093750000000e+00
-3.121337890625000000e+00 -1.838378906250000000e+00
4.378662109375000000e+00 3.161621093750000000e+00
8.128662109375000000e+00 -4.338378906250000000e+00
6.286621093750000000e-01 6.616210937500000000e-01
-1.246337890625000000e+00 -3.088378906250000000e+00
6.253662109375000000e+00 1.911621093750000000e+00
2.503662109375000000e+00 -5.883789062500000000e-01
-4.996337890625000000e+00 4.411621093750000000e+00
-4.994506835937500000e+00 -2.941894531250000000e-01
2.505493164062500000e+00 4.705810546875000000e+00
6.255493164062500000e+00 -2.794189453125000000e+00
-1.244506835937500000e+00 2.205810546875000000e+00
6.304931640625000000e-01 -4.044189453125000000e+00
8.130493164062500000e+00 9.558105468750000000e-01
4.380493164062500000e+00 -1.544189453125000000e+00
-3.119506835937500000e+00 3.455810546875000000e+00
-2.182006835937500000e+00 -3.419189453125000000e+00
5.317993164062500000e+00 1.580810546875000000e+00
9.067993164062500000e+00 -9.191894531250000000e-01
1.567993164062500000e+00 4.080810546875000000e+00
-3.070068359375000000e-01 -2.169189453125000000e+00
7.192993164062500000e+00 2.830810546875000000e+00
3.442993164062500000e+00 -4.669189453125000000e+00
-4.057006835937500000e+00 3.308105468750000000e-01
-3.588256835937500000e+00 -4.981689453125000000e+00
3.911743164062500000e+00 1.831054687500000000e-02
7.661743164062500000e+00 -2.481689453125000000e+00
1.617431640625000000e-01 2.518310546875000000e+00
2.036743164062500000e+00 -1.231689453125000000e+00
9.536743164062500000e+00 3.768310546875000000e+00
5.786743164062500000e+00 -3.731689453125000000e+00
-1.713256835937500000e+00 1.268310546875000000e+00
-2.650756835937500000e+00 -1.856689453125000000e+00
4.849243164062500000e+00 3.143310546875000000e+00
8.599243164062500000e+00 -4.356689453125000000e+00
1.099243164062500000e+00 6.433105468750000000e-01
-7.757568359375000000e-01 -3.106689453125000000e+00
6.724243164062500000e+00 1.893310546875000000e+00
2.974243164062500000e+00 -6.066894531250000000e-01
-4.525756835937500000e+00 4.393310546875000000e+00
-4.291381835937500000e+00 -2.637939453125000000e+00
3.208618164062500000e+00 2.362060546875000000e+00
6.958618164062500000e+00 -1.379394531250000000e-01
-5.413818359375000000e-01 4.862060546875000000e+00
1.333618164062500000e+00 -1.387939453125000000e+00
8.833618164062500000e+00 3.612060546875000000e+00
5.083618164062500000e+00 -3.887939453125000000e+00
-2.416381835937500000e+00 1.112060546875000000e+00
-1.478881835937500000e+00 -7.629394531250000000e-01
6.021118164062500000e+00 4.237060546875000000e+00
9.771118164062500000e+00 -3.262939453125000000e+00
2.271118164062500000e+00 1.737060546875000000e+00
3.961181640625000000e-01 -4.512939453125000000e+00
7.896118164062500000e+00 4.870605468750000000e-01
4.146118164062500000e+00 -2.012939453125000000e+00
-3.353881835937500000e+00 2.987060546875000000e+00
-3.822631835937500000e+00 -2.325439453125000000e+00
3.677368164062500000e+00 2.674560546875000000e+00
7.427368164062500000e+00 -4.825439453125000000e+00
-7.263183593750000000e-02 1.745605468750000000e-01
1.802368164062500000e+00 -3.575439453125000000e+00
9.302368164062500000e+00 1.424560546875000000e+00
5.552368164062500000e+00 -1.075439453125000000e+00
-1.947631835937500000e+00 3.924560546875000000e+00
-2.885131835937500000e+00 -4.200439453125000000e+00
4.614868164062500000e+00 7.995605468750000000e-01
8.364868164062500000e+00 -1.700439453125000000e+00
8.648681640625000000e-01 3.299560546875000000e+00
-1.010131835937500000e+00 -4.504394531250000000e-01
6.489868164062500000e+00 4.549560546875000000e+00
2.739868164062500000e+00 -2.950439453125000000e+00
-4.760131835937500000e+00 2.049560546875000000e+00
-4.642944335937500000e+00 -3.809814453125000000e+00
2.857055664062500000e+00 1.190185546875000000e+00
6.607055664062500000e+00 -1.309814453125000000e+00
-8.929443359375000000e-01 3.690185546875000000e+00
9.820556640625000000e-01 -5.981445312500000000e-02
8.482055664062500000e+00 4.940185546875000000e+00
4.732055664062500000e+00 -2.559814453125000000e+00
-2.767944335937500000e+00 2.440185546875000000e+00
-1.830444335937500000e+00 -1.934814453125000000e+00
5.669555664062500000e+00 3.065185546875000000e+00
9.419555664062500000e+00 -4.434814453125000000e+00
1.919555664062500000e+00 5.651855468750000000e-01
4.455566406250000000e-02 -3.184814453125000000e+00
7.544555664062500000e+00 1.815185546875000000e+00
3.794555664062500000e+00 -6.848144531250000000e-01
-3.705444335937500000e+00 4.315185546875000000e+00
-3.236694335937500000e+00 -9.973144531250000000e-01
4.263305664062500000e+00 4.002685546875000000e+00
8.013305664062500000e+00 -3.497314453125000000e+00
5.133056640625000000e-01 1.502685546875000000e+00
2.388305664062500000e+00 -4.747314453125000000e+00
9.888305664062500000e+00 2.526855468750000000e-01
6.138305664062500000e+00 -2.247314453125000000e+00
-1.361694335937500000e+00 2.752685546875000000e+00
-2.299194335937500000e+00 -2.872314453125000000e+00
5.200805664062500000e+00 2.127685546875000000e+00
8.950805664062500000e+00 -3.723144531250000000e-01
1.450805664062500000e+00 4.627685546875000000e+00
-4.241943359375000000e-01 -1.622314453125000000e+00
7.075805664062500000e+00 3.377685546875000000e+00
3.325805664062500000e+00 -4.122314453125000000e+00
-4.174194335937500000e+00 8.776855468750000000e-01
-4.408569335937500000e+00 -1.466064453125000000e+00
3.091430664062500000e+00 3.533935546875000000e+00
6.841430664062500000e+00 -3.966064453125000000e+00
-6.585693359375000000e-01 1.033935546875000000e+00
1.216430664062500000e+00 -2.716064453125000000e+00
8.716430664062500000e+00 2.283935546875000000e+00
4.966430664062500000e+00 -2.160644531250000000e-01
-2.533569335937500000e+00 4.783935546875000000e+00
-1.596069335937500000e+00 -4.591064453125000000e+00
5.903930664062500000e+00 4.089355468750000000e-01
9.653930664062500000e+00 -2.091064453125000000e+00
2.153930664062500000e+00 2.908935546875000000e+00
2.789306640625000000e-01 -8.410644531250000000e-01
7.778930664062500000e+00 4.158935546875000000e+00
4.028930664062500000e+00 -3.341064453125000000e+00
-3.471069335937500000e+00 1.658935546875000000e+00
-3.939819335937500000e+00 -3.653564453125000000e+00
3.560180664062500000e+00 1.346435546875000000e+00
7.310180664062500000e+00 -1.153564453125000000e+00
-1.898193359375000000e-01 3.846435546875000000e+00
1.685180664062500000e+00 -2.403564453125000000e+00
9.185180664062500000e+00 2.596435546875000000e+00
5.435180664062500000e+00 -4.903564453125000000e+00
-2.064819335937500000e+00 9.643554687500000000e-02
-3.002319335937500000e+00 -5.285644531250000000e-01
4.497680664062500000e+00 4.471435546875000000e+00
8.247680664062500000e+00 -3.028564453125000000e+00
7.476806640625000000e-01 1.971435546875000000e+00
-1.127319335937500000e+00 -4.278564453125000000e+00
6.372680664062500000e+00 7.214355468750000000e-01
2.622680664062500000e+00 -1.778564453125000000e+00
-4.877319335937500000e+00 3.221435546875000000e+00
-4.818725585937500000e+00 -3.223876953125000000e+00
2.681274414062500000e+00 1.776123046875000000e+00
6.431274414062500000e+00 -7.238769531250000000e-01
-1.068725585937500000e+00 4.276123046875000000e+00
8.062744140625000000e-01 -1.973876953125000000e+00
8.306274414062500000e+00 3.026123046875000000e+00
4.556274414062500000e+00 -4.473876953125000000e+00
-2.943725585937500000e+00 5.261230468750000000e-01
-2.006225585937500000e+00 -9.887695312500000000e-02
5.493774414062500000e+00 4.901123046875000000e+00
9.243774414062500000e+00 -2.598876953125000000e+00
1.743774414062500000e+00 2.401123046875000000e+00
-1.312255859375000000e-01 -3.848876953125000000e+00
7.368774414062500000e+00 1.151123046875000000e+00
3.618774414062500000e+00 -1.348876953125000000e+00
-3.881225585937500000e+00 3.651123046875000000e+00
-3.412475585937500000e+00 -1.661376953125000000e+00
4.087524414062500000e+00 3.338623046875000000e+00
7.837524414062500000e+00 -4.161376953125000000e+00
3.375244140625000000e-01 8.386230468750000000e-01
2.212524414062500000e+00 -2.911376953125000000e+00
9.712524414062500000e+00 2.088623046875000000e+00
5.962524414062500000e+00 -4.113769531250000000e-01
-1.537475585937500000e+00 4.588623046875000000e+00
-2.474975585937500000e+00 -4.786376953125000000e+00
5.025024414062500000e+00 2.136230468750000000e-01
8.775024414062500000e+00 -2.286376953125000000e+00
1.275024414062500000e+00 2.713623046875000000e+00
-5.999755859375000000e-01 -1.036376953125000000e+00
6.900024414062500000e+00 3.963623046875000000e+00
3.150024414062500000e+00 -3.536376953125000000e+00
-4.349975585937500000e+00 1.463623046875000000e+00
-4.115600585937500000e+00 -8.801269531250000000e-01
3.384399414062500000e+00 4.119873046875000000e+00
7.134399414062500000e+00 -3.380126953125000000e+00
-3.656005859375000000e-01 1.619873046875000000e+00
1.509399414062500000e+00 -4.630126953125000000e+00
9.009399414062500000e+00 3.698730468750000000e-01
5.259399414062500000e+00 -2.130126953125000000e+00
-2.240600585937500000e+00 2.869873046875000000e+00
-1.303100585937500000e+00 -2.755126953125000000e+00
6.196899414062500000e+00 2.244873046875000000e+00
9.946899414062500000e+00 -2.551269531250000000e-01
2.446899414062500000e+00 4.744873046875000000e+00
5.718994140625000000e-01 -1.505126953125000000e+00
8.071899414062500000e+00 3.494873046875000000e+00
4.321899414062500000e+00 -4.005126953125000000e+00
-3.178100585937500000e+00 9.948730468750000000e-01
-3.646850585937500000e+00 -4.317626953125000000e+00
3.853149414062500000e+00 6.823730468750000000e-01
7.603149414062500000e+00 -1.817626953125000000e+00
1.031494140625000000e-01 3.182373046875000000e+00
1.978149414062500000e+00 -5.676269531250000000e-01
9.478149414062500000e+00 4.432373046875000000e+00
5.728149414062500000e+00 -3.067626953125000000e+00
-1.771850585937500000e+00 1.932373046875000000e+00
-2.709350585937500000e+00 -2.442626953125000000e+00
4.790649414062500000e+00 2.557373046875000000e+00
8.540649414062500000e+00 -4.942626953125000000e+00
1.040649414062500000e+00 5.737304687500000000e-02
-8.343505859375000000e-01 -3.692626953125000000e+00
6.665649414062500000e+00 1.307373046875000000e+00
2.915649414062500000e+00 -1.192626953125000000e+00
-4.584350585937500000e+00 3.807373046875000000e+00
-4.701538085937500000e+00 -2.052001953125000000e+00
2.798461914062500000e+00 2.947998046875000000e+00
6.548461914062500000e+00 -4.552001953125000000e+00
-9.515380859375000000e-01 4.479980468750000000e-01
9.234619140625000000e-01 -3.302001953125000000e+00
8.423461914062500000e+00 1.697998046875000000e+00
4.673461914062500000e+00 -8.020019531250000000e-01
-2.826538085937500000e+00 4.197998046875000000e+00
-1.889038085937500000e+00 -3.927001953125000000e+00
5.610961914062500000e+00 1.072998046875000000e+00
9.360961914062500000e+00 -1.427001953125000000e+00
1.860961914062500000e+00 3.572998046875000000e+00
-1.403808593750000000e-02 -1.770019531250000000e-01
7.485961914062500000e+00 4.822998046875000000e+00
3.735961914062500000e+00 -2.677001953125000000e+00
-3.764038085937500000e+00 2.322998046875000000e+00
-3.295288085937500000e+00 -2.989501953125000000e+00
4.204711914062500000e+00 2.010498046875000000e+00
7.954711914062500000e+00 -4.895019531250000000e-01
4.547119140625000000e-01 4.510498046875000000e+00
2.329711914062500000e+00 -1.739501953125000000e+00
9.829711914062500000e+00 3.260498046875000000e+00
6.079711914062500000e+00 -4.239501953125000000e+00
-1.420288085937500000e+00 7.604980468750000000e-01
-2.357788085937500000e+00 -1.114501953125000000e+00
5.142211914062500000e+00 3.885498046875000000e+00
8.892211914062500000e+00 -3.614501953125000000e+00
1.392211914062500000e+00 1.385498046875000000e+00
-4.827880859375000000e-01 -4.864501953125000000e+00
7.017211914062500000e+00 1.354980468750000000e-01
3.267211914062500000e+00 -2.364501953125000000e+00
-4.232788085937500000e+00 2.635498046875000000e+00
-4.467163085937500000e+00 -4.395751953125000000e+00
3.032836914062500000e+00 6.042480468750000000e-01
6.782836914062500000e+00 -1.895751953125000000e+00
-7.171630859375000000e-01 3.104248046875000000e+00
1.157836914062500000e+00 -6.457519531250000000e-01
8.657836914062500000e+00 4.354248046875000000e+00
4.907836914062500000e+00 -3.145751953125000000e+00
-2.592163085937500000e+00 1.854248046875000000e+00
-1.654663085937500000e+00 -1.270751953125000000e+00
5.845336914062500000e+00 3.729248046875000000e+00
9.595336914062500000e+00 -3.770751953125000000e+00
2.095336914062500000e+00 1.229248046875000000e+00
2.203369140625000000e-01 -2.520751953125000000e+00
7.720336914062500000e+00 2.479248046875000000e+00
3.970336914062500000e+00 -2.075195312500000000e-02
-3.529663085937500000e+00 4.979248046875000000e+00
-3.998413085937500000e+00 -3.332519531250000000e-01
3.501586914062500000e+00 4.666748046875000000e+00
7.251586914062500000e+00 -2.833251953125000000e+00
-2.484130859375000000e-01 2.166748046875000000e+00
1.626586914062500000e+00 -4.083251953125000000e+00
9.126586914062500000e+00 9.167480468750000000e-01
5.376586914062500000e+00 -1.583251953125000000e+00
-2.123413085937500000e+00 3.416748046875000000e+00
-3.060913085937500000e+00 -3.458251953125000000e+00
4.439086914062500000e+00 1.541748046875000000e+00
8.189086914062500000e+00 -9.582519531250000000e-01
6.890869140625000000e-01 4.041748046875000000e+00
-1.185913085937500000e+00 -2.208251953125000000e+00
6.314086914062500000e+00 2.791748046875000000e+00
2.564086914062500000e+00 -4.708251953125000000e+00
-4.935913085937500000e+00 2.917480468750000000e-01
-4.906616210937500000e+00 -4.688720703125000000e+00
2.593383789062500000e+00 3.112792968750000000e-01
6.343383789062500000e+00 -2.188720703125000000e+00
-1.156616210937500000e+00 2.811279296875000000e+00
7.183837890625000000e-01 -9.387207031250000000e-01
8.218383789062500000e+00 4.061279296875000000e+00
4.468383789062500000e+00 -3.438720703125000000e+00
-3.031616210937500000e+00 1.561279296875000000e+00
-2.094116210937500000e+00 -1.563720703125000000e+00
5.405883789062500000e+00 3.436279296875000000e+00
9.155883789062500000e+00 -4.063720703125000000e+00
1.655883789062500000e+00 9.362792968750000000e-01
-2.191162109375000000e-01 -2.813720703125000000e+00
7.280883789062500000e+00 2.186279296875000000e+00
3.530883789062500000e+00 -3.137207031250000000e-01
-3.969116210937500000e+00 4.686279296875000000e+00
-3.500366210937500000e+00 -1.220703125000000000e-03
3.999633789062500000e+00 4.998779296875000000e+00
7.749633789062500000e+00 -2.501220703125000000e+00
2.496337890625000000e-01 2.498779296875000000e+00
2.124633789062500000e+00 -3.751220703125000000e+00
9.624633789062500000e+00 1.248779296875000000e+00
5.874633789062500000e+00 -1.251220703125000000e+00
-1.625366210937500000e+00 3.748779296875000000e+00
-2.562866210937500000e+00 -3.126220703125000000e+00
4.937133789062500000e+00 1.873779296875000000e+00
8.687133789062500000e+00 -6.262207031250000000e-01
1.187133789062500000e+00 4.373779296875000000e+00
-6.878662109375000000e-01 -1.876220703125000000e+00
6.812133789062500000e+00 3.123779296875000000e+00
3.062133789062500000e+00 -4.376220703125000000e+00
-4.437866210937500000e+00 6.237792968750000000e-01
-4.203491210937500000e+00 -2.344970703125000000e+00
3.296508789062500000e+00 2.655029296875000000e+00
7.046508789062500000e+00 -4.844970703125000000e+00
-4.534912109375000000e-01 1.550292968750000000e-01
1.421508789062500000e+00 -3.594970703125000000e+00
8.921508789062500000e+00 1.405029296875000000e+00
5.171508789062500000e+00 -1.094970703125000000e+00
-2.328491210937500000e+00 3.905029296875000000e+00
-1.390991210937500000e+00 -4.219970703125000000e+00
6.109008789062500000e+00 7.800292968750000000e-01
9.859008789062500000e+00 -1.719970703125000000e+00
2.359008789062500000e+00 3.280029296875000000e+00
4.840087890625000000e-01 -4.699707031250000000e-01
7.984008789062500000e+00 4.530029296875000000e+00
4.234008789062500000e+00 -2.969970703125000000e+00
-3.265991210937500000e+00 2.030029296875000000e+00
-3.734741210937500000e+00 -2.657470703125000000e+00
3.765258789062500000e+00 2.342529296875000000e+00
7.515258789062500000e+00 -1.574707031250000000e-01
1.525878906250000000e-02 4.842529296875000000e+00
1.890258789062500000e+00 -1.407470703125000000e+00
9.390258789062500000e+00 3.592529296875000000e+00
5.640258789062500000e+00 -3.907470703125000000e+00
-1.859741210937500000e+00 1.092529296875000000e+00
-2.797241210937500000e+00 -7.824707031250000000e-01
4.702758789062500000e+00 4.217529296875000000e+00
8.452758789062500000e+00 -3.282470703125000000e+00
9.527587890625000000e-01 1.717529296875000000e+00
-9.222412109375000000e-01 -4.532470703125000000e+00
6.577758789062500000e+00 4.675292968750000000e-01
2.827758789062500000e+00 -2.032470703125000000e+00
-4.672241210937500000e+00 2.967529296875000000e+00
-4.555053710937500000e+00 -1.173095703125000000e+00
2.944946289062500000e+00 3.826904296875000000e+00
6.694946289062500000e+00 -3.673095703125000000e+00
-8.050537109375000000e-01 1.326904296875000000e+00
1.069946289062500000e+00 -4.923095703125000000e+00
8.569946289062500000e+00 7.690429687500000000e-02
4.819946289062500000e+00 -2.423095703125000000e+00
-2.680053710937500000e+00 2.576904296875000000e+00
-1.742553710937500000e+00 -3.048095703125000000e+00
5.757446289062500000e+00 1.951904296875000000e+00
9.507446289062500000e+00 -5.480957031250000000e-01
2.007446289062500000e+00 4.451904296875000000e+00
1.324462890625000000e-01 -1.798095703125000000e+00
7.632446289062500000e+00 3.201904296875000000e+00
3.882446289062500000e+00 -4.298095703125000000e+00
-3.617553710937500000e+00 7.019042968750000000e-01
-3.148803710937500000e+00 -3.985595703125000000e+00
4.351196289062500000e+00 1.014404296875000000e+00
8.101196289062500000e+00 -1.485595703125000000e+00
6.011962890625000000e-01 3.514404296875000000e+00
2.476196289062500000e+00 -2.355957031250000000e-01
9.976196289062500000e+00 4.764404296875000000e+00
6.226196289062500000e+00 -2.735595703125000000e+00
-1.273803710937500000e+00 2.264404296875000000e+00
-2.211303710937500000e+00 -2.110595703125000000e+00
5.288696289062500000e+00 2.889404296875000000e+00
9.038696289062500000e+00 -4.610595703125000000e+00
1.538696289062500000e+00 3.894042968750000000e-01
-3.363037109375000000e-01 -3.360595703125000000e+00
7.163696289062500000e+00 1.639404296875000000e+00
3.413696289062500000e+00 -8.605957031250000000e-01
-4.086303710937500000e+00 4.139404296875000000e+00
-4.320678710937500000e+00 -3.516845703125000000e+00
3.179321289062500000e+00 1.483154296875000000e+00
6.929321289062500000e+00 -1.016845703125000000e+00
-5.706787109375000000e-01 3.983154296875000000e+00
1.304321289062500000e+00 -2.266845703125000000e+00
8.804321289062500000e+00 2.733154296875000000e+00
5.054321289062500000e+00 -4.766845703125000000e+00
-2.445678710937500000e+00 2.331542968750000000e-01
-1.508178710937500000e+00 -3.918457031250000000e-01
5.991821289062500000e+00 4.608154296875000000e+00
9.741821289062500000e+00 -2.891845703125000000e+00
2.241821289062500000e+00 2.108154296875000000e+00
3.668212890625000000e-01 -4.141845703125000000e+00
7.866821289062500000e+00 8.581542968750000000e-01
4.116821289062500000e+00 -1.641845703125000000e+00
-3.383178710937500000e+00 3.358154296875000000e+00
-3.851928710937500000e+00 -1.329345703125000000e+00
3.648071289062500000e+00 3.670654296875000000e+00
7.398071289062500000e+00 -3.829345703125000000e+00
-1.019287109375000000e-01 1.170654296875000000e+00
1.773071289062500000e+00 -2.579345703125000000e+00
9.273071289062500000e+00 2.420654296875000000e+00
5.523071289062500000e+00 -7.934570312500000000e-02
-1.976928710937500000e+00 4.920654296875000000e+00
-2.914428710937500000e+00 -4.454345703125000000e+00
4.585571289062500000e+00 5.456542968750000000e-01
8.335571289062500000e+00 -1.954345703125000000e+00
8.355712890625000000e-01 3.045654296875000000e+00
-1.039428710937500000e+00 -7.043457031250000000e-01
6.460571289062500000e+00 4.295654296875000000e+00
2.710571289062500000e+00 -3.204345703125000000e+00
-4.789428710937500000e+00 1.795654296875000000e+00
-4.848022460937500000e+00 -1.759033203125000000e+00
2.651977539062500000e+00 3.240966796875000000e+00
6.401977539062500000e+00 -4.259033203125000000e+00
-1.098022460937500000e+00 7.409667968750000000e-01
7.769775390625000000e-01 -3.009033203125000000e+00
8.276977539062500000e+00 1.990966796875000000e+00
4.526977539062500000e+00 -5.090332031250000000e-01
-2.973022460937500000e+00 4.490966796875000000e+00
-2.035522460937500000e+00 -4.884033203125000000e+00
5.464477539062500000e+00 1.159667968750000000e-01
9.214477539062500000e+00 -2.384033203125000000e+00
1.714477539062500000e+00 2.615966796875000000e+00
-1.605224609375000000e-01 -1.134033203125000000e+00
7.339477539062500000e+00 3.865966796875000000e+00
3.589477539062500000e+00 -3.634033203125000000e+00
-3.910522460937500000e+00 1.365966796875000000e+00
-3.441772460937500000e+00 -3.321533203125000000e+00
4.058227539062500000e+00 1.678466796875000000e+00
7.808227539062500000e+00 -8.215332031250000000e-01
3.082275390625000000e-01 4.178466796875000000e+00
2.183227539062500000e+00 -2.071533203125000000e+00
9.683227539062500000e+00 2.928466796875000000e+00
5.933227539062500000e+00 -4.571533203125000000e+00
-1.566772460937500000e+00 4.284667968750000000e-01
-2.504272460937500000e+00 -1.965332031250000000e-01
4.995727539062500000e+00 4.803466796875000000e+00
8.745727539062500000e+00 -2.696533203125000000e+00
1.245727539062500000e+00 2.303466796875000000e+00
-6.292724609375000000e-01 -3.946533203125000000e+00
6.870727539062500000e+00 1.053466796875000000e+00
3.120727539062500000e+00 -1.446533203125000000e+00
-4.379272460937500000e+00 3.553466796875000000e+00
-4.144897460937500000e+00 -4.102783203125000000e+00
3.355102539062500000e+00 8.972167968750000000e-01
7.105102539062500000e+00 -1.602783203125000000e+00
-3.948974609375000000e-01 3.397216796875000000e+00
1.480102539062500000e+00 -3.527832031250000000e-01
8.980102539062500000e+00 4.647216796875000000e+00
5.230102539062500000e+00 -2.852783203125000000e+00
-2.269897460937500000e+00 2.147216796875000000e+00
-1.332397460937500000e+00 -2.227783203125000000e+00
6.167602539062500000e+00 2.772216796875000000e+00
9.917602539062500000e+00 -4.727783203125000000e+00
2.417602539062500000e+00 2.722167968750000000e-01
5.426025390625000000e-01 -3.477783203125000000e+00
8.042602539062500000e+00 1.522216796875000000e+00
4.292602539062500000e+00 -9.777832031250000000e-01
-3.207397460937500000e+00 4.022216796875000000e+00
-3.676147460937500000e+00 -6.652832031250000000e-01
3.823852539062500000e+00 4.334716796875000000e+00
7.573852539062500000e+00 -3.165283203125000000e+00
7.385253906250000000e-02 1.834716796875000000e+00
1.948852539062500000e+00 -4.415283203125000000e+00
9.448852539062500000e+00 5.847167968750000000e-01
5.698852539062500000e+00 -1.915283203125000000e+00
-1.801147460937500000e+00 3.084716796875000000e+00
-2.738647460937500000e+00 -2.540283203125000000e+00
4.761352539062500000e+00 2.459716796875000000e+00
8.511352539062500000e+00 -4.028320312500000000e-02
1.011352539062500000e+00 4.959716796875000000e+00
-8.636474609375000000e-01 -1.290283203125000000e+00
6.636352539062500000e+00 3.709716796875000000e+00
2.886352539062500000e+00 -3.790283203125000000e+00
-4.613647460937500000e+00 1.209716796875000000e+00
-4.730834960937500000e+00 -2.930908203125000000e+00
2.769165039062500000e+00 2.069091796875000000e+00
6.519165039062500000e+00 -4.309082031250000000e-01
-9.808349609375000000e-01 4.569091796875000000e+00
8.941650390625000000e-01 -1.680908203125000000e+00
8.394165039062500000e+00 3.319091796875000000e+00
4.644165039062500000e+00 -4.180908203125000000e+00
-2.855834960937500000e+00 8.190917968750000000e-01
-1.918334960937500000e+00 -1.055908203125000000e+00
5.581665039062500000e+00 3.944091796875000000e+00
9.331665039062500000e+00 -3.555908203125000000e+00
1.831665039062500000e+00 1.444091796875000000e+00
-4.333496093750000000e-02 -4.805908203125000000e+00
7.456665039062500000e+00 1.940917968750000000e-01
3.706665039062500000e+00 -2.305908203125000000e+00
-3.793334960937500000e+00 2.694091796875000000e+00
-3.324584960937500000e+00 -1.993408203125000000e+00
4.175415039062500000e+00 3.006591796875000000e+00
7.925415039062500000e+00 -4.493408203125000000e+00
4.254150390625000000e-01 5.065917968750000000e-01
2.300415039062500000e+00 -3.243408203125000000e+00
9.800415039062500000e+00 1.756591796875000000e+00
6.050415039062500000e+00 -7.434082031250000000e-01
-1.449584960937500000e+00 4.256591796875000000e+00
-2.387084960937500000e+00 -3.868408203125000000e+00
5.112915039062500000e+00 1.131591796875000000e+00
8.862915039062500000e+00 -1.368408203125000000e+00
1.362915039062500000e+00 3.631591796875000000e+00
-5.120849609375000000e-01 -1.184082031250000000e-01
6.987915039062500000e+00 4.881591796875000000e+00
3.237915039062500000e+00 -2.618408203125000000e+00
-4.262084960937500000e+00 2.381591796875000000e+00
-4.496459960937500000e+00 -5.871582031250000000e-01
3.003540039062500000e+00 4.412841796875000000e+00
6.753540039062500000e+00 -3.087158203125000000e+00
-7.464599609375000000e-01 1.912841796875000000e+00
1.128540039062500000e+00 -4.337158203125000000e+00
8.628540039062500000e+00 6.628417968750000000e-01
4.878540039062500000e+00 -1.837158203125000000e+00
-2.621459960937500000e+00 3.162841796875000000e+00
-1.683959960937500000e+00 -3.712158203125000000e+00
5.816040039062500000e+00 1.287841796875000000e+00
9.566040039062500000e+00 -1.212158203125000000e+00
2.066040039062500000e+00 3.787841796875000000e+00
1.910400390625000000e-01 -2.462158203125000000e+00
7.691040039062500000e+00 2.537841796875000000e+00
3.941040039062500000e+00 -4.962158203125000000e+00
-3.558959960937500000e+00 3.784179687500000000e-02
-4.027709960937500000e+00 -4.649658203125000000e+00
3.472290039062500000e+00 3.503417968750000000e-01
7.222290039062500000e+00 -2.149658203125000000e+00
-2.777099609375000000e-01 2.850341796875000000e+00
1.597290039062500000e+00 -8.996582031250000000e-01
9.097290039062500000e+00 4.100341796875000000e+00
5.347290039062500000e+00 -3.399658203125000000e+00
-2.152709960937500000e+00 1.600341796875000000e+00
-3.090209960937500000e+00 -1.524658203125000000e+00
4.409790039062500000e+00 3.475341796875000000e+00
8.159790039062500000e+00 -4.024658203125000000e+00
6.597900390625000000e-01 9.753417968750000000e-01
-1.215209960937500000e+00 -2.774658203125000000e+00
6.284790039062500000e+00 2.225341796875000000e+00
2.534790039062500000e+00 -2.746582031250000000e-01
-4.965209960937500000e+00 4.725341796875000000e+00
-4.950561523437500000e+00 -2.803955078125000000e+00
2.549438476562500000e+00 2.196044921875000000e+00
6.299438476562500000e+00 -3.039550781250000000e-01
-1.200561523437500000e+00 4.696044921875000000e+00
6.744384765625000000e-01 -1.553955078125000000e+00
8.174438476562500000e+00 3.446044921875000000e+00
4.424438476562500000e+00 -4.053955078125000000e+00
-3.075561523437500000e+00 9.460449218750000000e-01
-2.138061523437500000e+00 -9.289550781250000000e-01
5.361938476562500000e+00 4.071044921875000000e+00
9.111938476562500000e+00 -3.428955078125000000e+00
1.611938476562500000e+00 1.571044921875000000e+00
-2.630615234375000000e-01 -4.678955078125000000e+00
7.236938476562500000e+00 3.210449218750000000e-01
3.486938476562500000e+00 -2.178955078125000000e+00
-4.013061523437500000e+00 2.821044921875000000e+00
-3.544311523437500000e+00 -2.491455078125000000e+00
3.955688476562500000e+00 2.508544921875000000e+00
7.705688476562500000e+00 -4.991455078125000000e+00
2.056884765625000000e-01 8.544921875000000000e-03
2.080688476562500000e+00 -3.741455078125000000e+00
9.580688476562500000e+00 1.258544921875000000e+00
5.830688476562500000e+00 -1.241455078125000000e+00
-1.669311523437500000e+00 3.758544921875000000e+00
-2.606811523437500000e+00 -4.366455078125000000e+00
4.893188476562500000e+00 6.335449218750000000e-01
8.643188476562500000e+00 -1.866455078125000000e+00
1.143188476562500000e+00 3.133544921875000000e+00
-7.318115234375000000e-01 -6.164550781250000000e-01
6.768188476562500000e+00 4.383544921875000000e+00
3.018188476562500000e+00 -3.116455078125000000e+00
-4.481811523437500000e+00 1.883544921875000000e+00
-4.247436523437500000e+00 -1.477050781250000000e-01
3.252563476562500000e+00 4.852294921875000000e+00
7.002563476562500000e+00 -2.647705078125000000e+00
-4.974365234375000000e-01 2.352294921875000000e+00
1.377563476562500000e+00 -3.897705078125000000e+00
8.877563476562500000e+00 1.102294921875000000e+00
5.127563476562500000e+00 -1.397705078125000000e+00
-2.372436523437500000e+00 3.602294921875000000e+00
-1.434936523437500000e+00 -3.272705078125000000e+00
6.065063476562500000e+00 1.727294921875000000e+00
9.815063476562500000e+00 -7.727050781250000000e-01
2.315063476562500000e+00 4.227294921875000000e+00
4.400634765625000000e-01 -2.022705078125000000e+00
7.940063476562500000e+00 2.977294921875000000e+00
4.190063476562500000e+00 -4.522705078125000000e+00
-3.309936523437500000e+00 4.772949218750000000e-01
-3.778686523437500000e+00 -4.835205078125000000e+00
3.721313476562500000e+00 1.647949218750000000e-01
7.471313476562500000e+00 -2.335205078125000000e+00
-2.868652343750000000e-02 2.664794921875000000e+00
1.846313476562500000e+00 -1.085205078125000000e+00
9.346313476562500000e+00 3.914794921875000000e+00
5.596313476562500000e+00 -3.585205078125000000e+00
-1.903686523437500000e+00 1.414794921875000000e+00
-2.841186523437500000e+00 -1.710205078125000000e+00
4.658813476562500000e+00 3.289794921875000000e+00
8.408813476562500000e+00 -4.210205078125000000e+00
9.088134765625000000e-01 7.897949218750000000e-01
-9.661865234375000000e-01 -2.960205078125000000e+00
6.533813476562500000e+00 2.039794921875000000e+00
2.783813476562500000e+00 -4.602050781250000000e-01
-4.716186523437500000e+00 4.539794921875000000e+00
-4.598999023437500000e+00 -1.319580078125000000e+00
2.901000976562500000e+00 3.680419921875000000e+00
6.651000976562500000e+00 -3.819580078125000000e+00
-8.489990234375000000e-01 1.180419921875000000e+00
1.026000976562500000e+00 -2.569580078125000000e+00
8.526000976562500000e+00 2.430419921875000000e+00
4.776000976562500000e+00 -6.958007812500000000e-02
-2.723999023437500000e+00 4.930419921875000000e+00
-1.786499023437500000e+00 -4.444580078125000000e+00
5.713500976562500000e+00 5.554199218750000000e-01
9.463500976562500000e+00 -1.944580078125000000e+00
1.963500976562500000e+00 3.055419921875000000e+00
8.850097656250000000e-02 -6.945800781250000000e-01
7.588500976562500000e+00 4.305419921875000000e+00
3.838500976562500000e+00 -3.194580078125000000e+00
-3.661499023437500000e+00 1.805419921875000000e+00
-3.192749023437500000e+00 -3.507080078125000000e+00
4.307250976562500000e+00 1.492919921875000000e+00
8.057250976562500000e+00 -1.007080078125000000e+00
5.572509765625000000e-01 3.992919921875000000e+00
2.432250976562500000e+00 -2.257080078125000000e+00
9.932250976562500000e+00 2.742919921875000000e+00
6.182250976562500000e+00 -4.757080078125000000e+00
-1.317749023437500000e+00 2.429199218750000000e-01
-2.255249023437500000e+00 -3.820800781250000000e-01
5.244750976562500000e+00 4.617919921875000000e+00
8.994750976562500000e+00 -2.882080078125000000e+00
1.494750976562500000e+00 2.117919921875000000e+00
-3.802490234375000000e-01 -4.132080078125000000e+00
7.119750976562500000e+00 8.679199218750000000e-01
3.369750976562500000e+00 -1.632080078125000000e+00
-4.130249023437500000e+00 3.367919921875000000e+00
-4.364624023437500000e+00 -3.975830078125000000e+00
3.135375976562500000e+00 1.024169921875000000e+00
6.885375976562500000e+00 -1.475830078125000000e+00
-6.146240234375000000e-01 3.524169921875000000e+00
1.260375976562500000e+00 -2.258300781250000000e-01
8.760375976562500000e+00 4.774169921875000000e+00
5.010375976562500000e+00 -2.725830078125000000e+00
-2.489624023437500000e+00 2.274169921875000000e+00
-1.552124023437500000e+00 -2.100830078125000000e+00
5.947875976562500000e+00 2.899169921875000000e+00
9.697875976562500000e+00 -4.600830078125000000e+00
2.197875976562500000e+00 3.991699218750000000e-01
3.228759765625000000e-01 -3.350830078125000000e+00
7.822875976562500000e+00 1.649169921875000000e+00
4.072875976562500000e+00 -8.508300781250000000e-01
-3.427124023437500000e+00 4.149169921875000000e+00
-3.895874023437500000e+00 -1.163330078125000000e+00
3.604125976562500000e+00 3.836669921875000000e+00
7.354125976562500000e+00 -3.663330078125000000e+00
-1.458740234375000000e-01 1.336669921875000000e+00
1.729125976562500000e+00 -4.913330078125000000e+00
9.229125976562500000e+00 8.666992187500000000e-02
5.479125976562500000e+00 -2.413330078125000000e+00
-2.020874023437500000e+00 2.586669921875000000e+00
-2.958374023437500000e+00 -3.038330078125000000e+00
4.541625976562500000e+00 1.961669921875000000e+00
8.291625976562500000e+00 -5.383300781250000000e-01
7.916259765625000000e-01 4.461669921875000000e+00
-1.083374023437500000e+00 -1.788330078125000000e+00
6.416625976562500000e+00 3.211669921875000000e+00
2.666625976562500000e+00 -4.288330078125000000e+00
-4.833374023437500000e+00 7.116699218750000000e-01
-4.774780273437500000e+00 -7.336425781250000000e-01
2.725219726562500000e+00 4.266357421875000000e+00
6.475219726562500000e+00 -3.233642578125000000e+00
-1.024780273437500000e+00 1.766357421875000000e+00
8.502197265625000000e-01 -4.483642578125000000e+00
8.350219726562500000e+00 5.163574218750000000e-01
4.600219726562500000e+00 -1.983642578125000000e+00
-2.899780273437500000e+00 3.016357421875000000e+00
-1.962280273437500000e+00 -2.608642578125000000e+00
5.537719726562500000e+00 2.391357421875000000e+00
9.287719726562500000e+00 -1.086425781250000000e-01
1.787719726562500000e+00 4.891357421875000000e+00
-8.728027343750000000e-02 -1.358642578125000000e+00
7.412719726562500000e+00 3.641357421875000000e+00
3.662719726562500000e+00 -3.858642578125000000e+00
-3.837280273437500000e+00 1.141357421875000000e+00
-3.368530273437500000e+00 -4.171142578125000000e+00
4.131469726562500000e+00 8.288574218750000000e-01
7.881469726562500000e+00 -1.671142578125000000e+00
3.814697265625000000e-01 3.328857421875000000e+00
2.256469726562500000e+00 -4.211425781250000000e-01
9.756469726562500000e+00 4.578857421875000000e+00
6.006469726562500000e+00 -2.921142578125000000e+00
-1.493530273437500000e+00 2.078857421875000000e+00
-2.431030273437500000e+00 -2.296142578125000000e+00
5.068969726562500000e+00 2.703857421875000000e+00
8.818969726562500000e+00 -4.796142578125000000e+00
1.318969726562500000e+00 2.038574218750000000e-01
-5.560302734375000000e-01 -3.546142578125000000e+00
6.943969726562500000e+00 1.453857421875000000e+00
3.193969726562500000e+00 -1.046142578125000000e+00
-4.306030273437500000e+00 3.953857421875000000e+00
-4.071655273437500000e+00 -3.389892578125000000e+00
3.428344726562500000e+00 1.610107421875000000e+00
7.178344726562500000e+00 -8.898925781250000000e-01
-3.216552734375000000e-01 4.110107421875000000e+00
1.553344726562500000e+00 -2.139892578125000000e+00
9.053344726562500000e+00 2.860107421875000000e+00
5.303344726562500000e+00 -4.639892578125000000e+00
-2.196655273437500000e+00 3.601074218750000000e-01
-1.259155273437500000e+00 -2.648925781250000000e-01
6.240844726562500000e+00 4.735107421875000000e+00
9.990844726562500000e+00 -2.764892578125000000e+00
2.490844726562500000e+00 2.235107421875000000e+00
6.158447265625000000e-01 -4.014892578125000000e+00
8.115844726562500000e+00 9.851074218750000000e-01
4.365844726562500000e+00 -1.514892578125000000e+00
-3.134155273437500000e+00 3.485107421875000000e+00
-3.602905273437500000e+00 -1.827392578125000000e+00
3.897094726562500000e+00 3.172607421875000000e+00
7.647094726562500000e+00 -4.327392578125000000e+00
1.470947265625000000e-01 6.726074218750000000e-01
2.022094726562500000e+00 -3.077392578125000000e+00
9.522094726562500000e+00 1.922607421875000000e+00
5.772094726562500000e+00 -5.773925781250000000e-01
-1.727905273437500000e+00 4.422607421875000000e+00
-2.665405273437500000e+00 -4.952392578125000000e+00
4.834594726562500000e+00 4.760742187500000000e-02
8.584594726562500000e+00 -2.452392578125000000e+00
1.084594726562500000e+00 2.547607421875000000e+00
-7.904052734375000000e-01 -1.202392578125000000e+00
6.709594726562500000e+00 3.797607421875000000e+00
2.959594726562500000e+00 -3.702392578125000000e+00
-4.540405273437500000e+00 1.297607421875000000e+00
-4.657592773437500000e+00 -4.561767578125000000e+00
2.842407226562500000e+00 4.382324218750000000e-01
6.592407226562500000e+00 -2.061767578125000000e+00
-9.075927734375000000e-01 2.938232421875000000e+00
9.674072265625000000e-01 -8.117675781250000000e-01
8.467407226562500000e+00 4.188232421875000000e+00
4.717407226562500000e+00 -3.311767578125000000e+00
-2.782592773437500000e+00 1.688232421875000000e+00
-1.845092773437500000e+00 -1.436767578125000000e+00
5.654907226562500000e+00 3.563232421875000000e+00
9.404907226562500000e+00 -3.936767578125000000e+00
1.904907226562500000e+00 1.063232421875000000e+00
2.990722656250000000e-02 -2.686767578125000000e+00
7.529907226562500000e+00 2.313232421875000000e+00
3.779907226562500000e+00 -1.867675781250000000e-01
-3.720092773437500000e+00 4.813232421875000000e+00
-3.251342773437500000e+00 -4.992675781250000000e-01
4.248657226562500000e+00 4.500732421875000000e+00
7.998657226562500000e+00 -2.999267578125000000e+00
4.986572265625000000e-01 2.000732421875000000e+00
2.373657226562500000e+00 -4.249267578125000000e+00
9.873657226562500000e+00 7.507324218750000000e-01
6.123657226562500000e+00 -1.749267578125000000e+00
-1.376342773437500000e+00 3.250732421875000000e+00
-2.313842773437500000e+00 -3.624267578125000000e+00
5.186157226562500000e+00 1.375732421875000000e+00
8.936157226562500000e+00 -1.124267578125000000e+00
1.436157226562500000e+00 3.875732421875000000e+00
-4.388427734375000000e-01 -2.374267578125000000e+00
7.061157226562500000e+00 2.625732421875000000e+00
3.311157226562500000e+00 -4.874267578125000000e+00
-4.188842773437500000e+00 1.257324218750000000e-01
-4.423217773437500000e+00 -1.905517578125000000e+00
3.076782226562500000e+00 3.094482421875000000e+00
6.826782226562500000e+00 -4.405517578125000000e+00
-6.732177734375000000e-01 5.944824218750000000e-01
1.201782226562500000e+00 -3.155517578125000000e+00
8.701782226562500000e+00 1.844482421875000000e+00
4.951782226562500000e+00 -6.555175781250000000e-01
-2.548217773437500000e+00 4.344482421875000000e+00
-1.610717773437500000e+00 -3.780517578125000000e+00
5.889282226562500000e+00 1.219482421875000000e+00
9.639282226562500000e+00 -1.280517578125000000e+00
2.139282226562500000e+00 3.719482421875000000e+00
2.642822265625000000e-01 -3.051757812500000000e-02
7.764282226562500000e+00 4.969482421875000000e+00
4.014282226562500000e+00 -2.530517578125000000e+00
-3.485717773437500000e+00 2.469482421875000000e+00
-3.954467773437500000e+00 -2.843017578125000000e+00
3.545532226562500000e+00 2.156982421875000000e+00
7.295532226562500000e+00 -3.430175781250000000e-01
-2.044677734375000000e-01 4.656982421875000000e+00
1.670532226562500000e+00 -1.593017578125000000e+00
9.170532226562500000e+00 3.406982421875000000e+00
5.420532226562500000e+00 -4.093017578125000000e+00
-2.079467773437500000e+00 9.069824218750000000e-01
-3.016967773437500000e+00 -9.680175781250000000e-01
4.483032226562500000e+00 4.031982421875000000e+00
8.233032226562500000e+00 -3.468017578125000000e+00
7.330322265625000000e-01 1.531982421875000000e+00
-1.141967773437500000e+00 -4.718017578125000000e+00
6.358032226562500000e+00 2.819824218750000000e-01
2.608032226562500000e+00 -2.218017578125000000e+00
-4.891967773437500000e+00 2.781982421875000000e+00
-4.921264648437500000e+00 -2.198486328125000000e+00
2.578735351562500000e+00 2.801513671875000000e+00
6.328735351562500000e+00 -4.698486328125000000e+00
-1.171264648437500000e+00 3.015136718750000000e-01
7.037353515625000000e-01 -3.448486328125000000e+00
8.203735351562500000e+00 1.551513671875000000e+00
4.453735351562500000e+00 -9.484863281250000000e-01
-3.046264648437500000e+00 4.051513671875000000e+00
-2.108764648437500000e+00 -4.073486328125000000e+00
5.391235351562500000e+00 9.265136718750000000e-01
9.141235351562500000e+00 -1.573486328125000000e+00
1.641235351562500000e+00 3.426513671875000000e+00
-2.337646484375000000e-01 -3.234863281250000000e-01
7.266235351562500000e+00 4.676513671875000000e+00
3.516235351562500000e+00 -2.823486328125000000e+00
-3.983764648437500000e+00 2.176513671875000000e+00
-3.515014648437500000e+00 -2.510986328125000000e+00
3.984985351562500000e+00 2.489013671875000000e+00
7.734985351562500000e+00 -1.098632812500000000e-02
2.349853515625000000e-01 4.989013671875000000e+00
2.109985351562500000e+00 -1.260986328125000000e+00
9.609985351562500000e+00 3.739013671875000000e+00
5.859985351562500000e+00 -3.760986328125000000e+00
-1.640014648437500000e+00 1.239013671875000000e+00
-2.577514648437500000e+00 -6.359863281250000000e-01
4.922485351562500000e+00 4.364013671875000000e+00
8.672485351562500000e+00 -3.135986328125000000e+00
1.172485351562500000e+00 1.864013671875000000e+00
-7.025146484375000000e-01 -4.385986328125000000e+00
6.797485351562500000e+00 6.140136718750000000e-01
3.047485351562500000e+00 -1.885986328125000000e+00
-4.452514648437500000e+00 3.114013671875000000e+00
-4.218139648437500000e+00 -4.854736328125000000e+00
3.281860351562500000e+00 1.452636718750000000e-01
7.031860351562500000e+00 -2.354736328125000000e+00
-4.681396484375000000e-01 2.645263671875000000e+00
1.406860351562500000e+00 -1.104736328125000000e+00
8.906860351562500000e+00 3.895263671875000000e+00
5.156860351562500000e+00 -3.604736328125000000e+00
-2.343139648437500000e+00 1.395263671875000000e+00
-1.405639648437500000e+00 -1.729736328125000000e+00
6.094360351562500000e+00 3.270263671875000000e+00
9.844360351562500000e+00 -4.229736328125000000e+00
2.344360351562500000e+00 7.702636718750000000e-01
4.693603515625000000e-01 -2.979736328125000000e+00
7.969360351562500000e+00 2.020263671875000000e+00
4.219360351562500000e+00 -4.797363281250000000e-01
-3.280639648437500000e+00 4.520263671875000000e+00
-3.749389648437500000e+00 -1.672363281250000000e-01
3.750610351562500000e+00 4.832763671875000000e+00
7.500610351562500000e+00 -2.667236328125000000e+00
6.103515625000000000e-04 2.332763671875000000e+00
1.875610351562500000e+00 -3.917236328125000000e+00
9.375610351562500000e+00 1.082763671875000000e+00
5.625610351562500000e+00 -1.417236328125000000e+00
-1.874389648437500000e+00 3.582763671875000000e+00
-2.811889648437500000e+00 -3.292236328125000000e+00
4.688110351562500000e+00 1.707763671875000000e+00
8.438110351562500000e+00 -7.922363281250000000e-01
9.381103515625000000e-01 4.207763671875000000e+00
-9.368896484375000000e-01 -2.042236328125000000e+00
6.563110351562500000e+00 2.957763671875000000e+00
2.813110351562500000e+00 -4.542236328125000000e+00
-4.686889648437500000e+00 4.577636718750000000e-01
-4.569702148437500000e+00 -3.682861328125000000e+00
2.930297851562500000e+00 1.317138671875000000e+00
6.680297851562500000e+00 -1.182861328125000000e+00
-8.197021484375000000e-01 3.817138671875000000e+00
1.055297851562500000e+00 -2.432861328125000000e+00
8.555297851562500000e+00 2.567138671875000000e+00
4.805297851562500000e+00 -4.932861328125000000e+00
-2.694702148437500000e+00 6.713867187500000000e-02
-1.757202148437500000e+00 -5.578613281250000000e-01
5.742797851562500000e+00 4.442138671875000000e+00
9.492797851562500000e+00 -3.057861328125000000e+00
1.992797851562500000e+00 1.942138671875000000e+00
1.177978515625000000e-01 -4.307861328125000000e+00
7.617797851562500000e+00 6.921386718750000000e-01
3.867797851562500000e+00 -1.807861328125000000e+00
-3.632202148437500000e+00 3.192138671875000000e+00
-3.163452148437500000e+00 -1.495361328125000000e+00
4.336547851562500000e+00 3.504638671875000000e+00
8.086547851562500000e+00 -3.995361328125000000e+00
5.865478515625000000e-01 1.004638671875000000e+00
2.461547851562500000e+00 -2.745361328125000000e+00
9.961547851562500000e+00 2.254638671875000000e+00
6.211547851562500000e+00 -2.453613281250000000e-01
-1.288452148437500000e+00 4.754638671875000000e+00
-2.225952148437500000e+00 -4.620361328125000000e+00
5.274047851562500000e+00 3.796386718750000000e-01
9.024047851562500000e+00 -2.120361328125000000e+00
1.524047851562500000e+00 2.879638671875000000e+00
-3.509521484375000000e-01 -8.703613281250000000e-01
7.149047851562500000e+00 4.129638671875000000e+00
3.399047851562500000e+00 -3.370361328125000000e+00
-4.100952148437500000e+00 1.629638671875000000e+00
-4.335327148437500000e+00 -1.026611328125000000e+00
3.164672851562500000e+00 3.973388671875000000e+00
6.914672851562500000e+00 -3.526611328125000000e+00
-5.853271484375000000e-01 1.473388671875000000e+00
1.289672851562500000e+00 -4.776611328125000000e+00
8.789672851562500000e+00 2.233886718750000000e-01
5.039672851562500000e+00 -2.276611328125000000e+00
-2.460327148437500000e+00 2.723388671875000000e+00
-1.522827148437500000e+00 -2.901611328125000000e+00
5.977172851562500000e+00 2.098388671875000000e+00
9.727172851562500000e+00 -4.016113281250000000e-01
2.227172851562500000e+00 4.598388671875000000e+00
3.521728515625000000e-01 -1.651611328125000000e+00
7.852172851562500000e+00 3.348388671875000000e+00
4.102172851562500000e+00 -4.151611328125000000e+00
-3.397827148437500000e+00 8.483886718750000000e-01
-3.866577148437500000e+00 -3.839111328125000000e+00
3.633422851562500000e+00 1.160888671875000000e+00
7.383422851562500000e+00 -1.339111328125000000e+00
-1.165771484375000000e-01 3.660888671875000000e+00
1.758422851562500000e+00 -8.911132812500000000e-02
9.258422851562500000e+00 4.910888671875000000e+00
5.508422851562500000e+00 -2.589111328125000000e+00
-1.991577148437500000e+00 2.410888671875000000e+00
-2.929077148437500000e+00 -1.964111328125000000e+00
4.570922851562500000e+00 3.035888671875000000e+00
8.320922851562500000e+00 -4.464111328125000000e+00
8.209228515625000000e-01 5.358886718750000000e-01
-1.054077148437500000e+00 -3.214111328125000000e+00
6.445922851562500000e+00 1.785888671875000000e+00
2.695922851562500000e+00 -7.141113281250000000e-01
-4.804077148437500000e+00 4.285888671875000000e+00
-4.862670898437500000e+00 -4.268798828125000000e+00
2.637329101562500000e+00 7.312011718750000000e-01
6.387329101562500000e+00 -1.768798828125000000e+00
-1.112670898437500000e+00 3.231201171875000000e+00
7.623291015625000000e-01 -5.187988281250000000e-01
8.262329101562500000e+00 4.481201171875000000e+00
4.512329101562500000e+00 -3.018798828125000000e+00
-2.987670898437500000e+00 1.981201171875000000e+00
-2.050170898437500000e+00 -2.393798828125000000e+00
